song_name,artist,valence,energy,tempo,danceability,loudness,acousticness,instrumentalness,speechiness,liveness,popularity,language,mood
Walking on Sunshine,Katrina,0.749816047538945,0.8802857225639664,143.9196365086843,0.7693963178886665,-8.751850876460509,0.062397808134481,0.0174250836504598,0.177249944781739,0.2603902541101231,22,English,happy
Happy,Pharrell Williams,0.8832290311184181,0.508233797718321,158.19459112971967,0.8745991883601898,-8.30128711457379,0.0727299868828402,0.0550213529560301,0.0817211813031214,0.2336647510712832,26,English,happy
Can't Stop the Feeling,Justin Timberlake,0.7727780074568463,0.6164916560792167,136.71117368334276,0.5627722372934189,-7.662842811718255,0.1465447373174767,0.1368209952651107,0.1634799134368123,0.1198858237554259,29,English,happy
Shake It Off,Taylor Swift,0.8056937753654446,0.736965827544817,102.78702476319988,0.7733951833556472,-8.635807010501669,0.0260206371941118,0.2846656611759999,0.1941574456226751,0.3329390718407614,84,English,happy
Uptown Funk,Bruno Mars,0.7218455076693483,0.5390688456025535,141.05398159072942,0.6980686221828205,-9.02369412124177,0.3596968013237788,0.0103165563345655,0.1845844683533929,0.1405729935600059,93,Korean,happy
Good as Hell,Lizzo,0.8650089137415928,0.6246844304357644,131.20408127066864,0.7460196257044758,-8.521164355795783,0.3878338511058234,0.2325398470083343,0.1897148200659121,0.3631895726496771,61,English,happy
Girls Just Want to Have Fun,Cyndi Lauper,0.8391599915244341,0.8687496940092467,105.30955012311516,0.5881922880886153,-9.638181688715695,0.1301321323053057,0.1166031869068446,0.0761293354015623,0.3400581282031752,43,Spanish,happy
Dancing Queen,ABBA,0.7427013306774357,0.6123738038749523,132.56176498949492,0.5634159012386432,-3.5824241539676827,0.0298202574719083,0.2960660809801552,0.1612816107804317,0.1195504885369603,43,English,happy
Don't Stop Me Now,Queen,0.602208846849441,0.8261845713819337,142.41144063085704,0.8280532256184443,-3.829837226512434,0.0296178606936361,0.1075397185632817,0.049697740119272,0.3520861990564577,60,Spanish,happy
I Gotta Feeling,Black Eyed Peas,0.8493192507310232,0.6323592099410597,103.8135010171614,0.639942044772048,-7.398533423786024,0.2918424713352256,0.1912672414065639,0.1808261662379755,0.2152752238066823,81,English,happy
Levitating,Dua Lipa,0.6478376983753207,0.7852979148891981,145.64710291701385,0.7525747389062734,-3.832262560363512,0.1975182385457563,0.1568198488145982,0.1026819731209534,0.0588966943604333,70,English,happy
Blinding Lights,The Weeknd,0.6431565707973218,0.5125716742746937,138.18462467582685,0.641460191484347,-5.931434470682378,0.3630265895704372,0.0747876687446624,0.099765096916057,0.314442898490067,29,French,happy
Watermelon Sugar,Harry Styles,0.6915192661966489,0.5307919639315172,117.38508717482608,0.5725495792643019,-2.5624187812594155,0.3232481518257668,0.190021126953127,0.178148300331912,0.3312852269146901,32,English,happy
Dynamite,BTS,0.6746280235544143,0.8570235993959912,132.36053451493905,0.8633480698238281,-2.831269600612054,0.1272013899887455,0.033015577358303,0.06874897763213,0.1994877260191897,10,French,happy
Peaches,Justin Bieber,0.9272059063689972,0.8442922333025373,100.41712783187144,0.7298362861599046,-6.660711974809768,0.0888431241882921,0.0359596102001048,0.0873945791386167,0.3800183963693817,81,English,happy
Walking on Sunshine (Version 2),Katrina,0.7292811728083021,0.7075162486973464,142.18113753371068,0.6636333210706823,-2.225743338232314,0.3849789179768445,0.0755346887476092,0.1145322460017055,0.1553074084358693,77,English,happy
Happy (Version 2),Pharrell Williams,0.713936197750987,0.5147547789418131,136.5738600387938,0.7262055604529877,-9.588169990000086,0.1114585856946445,0.2724797657899961,0.0707255214133853,0.100713205231928,51,English,happy
Can't Stop the Feeling (Version 2),Justin Timberlake,0.7957811041110252,0.8942601816442404,114.52331629069002,0.8024609963326453,-3.9070430773702594,0.0950550175969598,0.2184649045835578,0.092523132562273,0.2713070407077528,18,English,happy
Shake It Off (Version 2),Taylor Swift,0.8534118843043579,0.7143098736299034,105.4173862032645,0.8758861230151571,-7.433759480226113,0.0746074041599417,0.0122325424664291,0.1304518003420011,0.2871475266447988,92,English,happy
Uptown Funk (Version 2),Bruno Mars,0.6066351315711425,0.7048372233197124,113.58974651187629,0.7903277556842524,-8.605068567960068,0.2763750952409864,0.1160206038901612,0.1892440980852448,0.0981323304510976,36,English,happy
Good as Hell (Version 2),Lizzo,0.7364265404201034,0.5453894084962356,155.48161709671376,0.8948027090214414,-7.936466978278755,0.2639936184136716,0.2451666600603647,0.1243841379719086,0.2353777024246022,31,Korean,happy
Girls Just Want to Have Fun (Version 2),Cyndi Lauper,0.6967409163601807,0.5372411071223597,153.83294547719962,0.9051881257234986,-4.9351883418138565,0.1356119164194802,0.1047628723837982,0.1534124654079407,0.363988590983402,52,English,happy
Dancing Queen (Version 2),ABBA,0.954834569706047,0.8119502183430496,138.52189876925726,0.537862984247772,-8.70697028724309,0.3594216754108317,0.1819287178978769,0.031563498774827,0.0855150400031112,78,English,happy
Don't Stop Me Now (Version 2),Queen,0.8654007076432223,0.5020246335384875,109.64848308504992,0.7469302052149638,-4.464838418458454,0.2607845038010402,0.0672807928381679,0.1510704676290811,0.13303718062388,53,English,happy
I Gotta Feeling (Version 2),Black Eyed Peas,0.7301598792637071,0.7985965620472097,138.97797394283288,0.88215053472238,-4.739096861597253,0.2273234413341886,0.0281024303484277,0.0925116865201037,0.1428208286886039,63,Korean,happy
Levitating (Version 2),Dua Lipa,0.6975958573516334,0.8892042219009783,123.58586348000564,0.901420949829701,-4.950890992021897,0.3179245214166594,0.1507911279315576,0.128073660386481,0.2223811928366024,79,English,happy
Blinding Lights (Version 2),The Weeknd,0.6780971951192178,0.7889808461046022,116.84634174645134,0.5109421848941542,-4.8362216327426575,0.0708442717628195,0.2821375753058743,0.1921678580904398,0.370202536577157,84,English,happy
Watermelon Sugar (Version 2),Harry Styles,0.7480634801021777,0.506182646611547,155.6991137552635,0.6926828667427914,-2.2667614476506435,0.3854479908357011,0.255902836640208,0.0800563116518295,0.1847842050106738,12,English,happy
Dynamite (Version 2),BTS,0.9404546686067428,0.6267688020625111,110.16956480116556,0.7505605681062575,-2.5107618067137523,0.2784119186699892,0.1710183510268094,0.0465200039410306,0.2652525293447094,40,English,happy
Peaches (Version 2),Justin Bieber,0.9960215400417052,0.5560336060946096,131.0997791418242,0.8948178823675799,-4.0738510579663645,0.2788062963981072,0.2107452251961327,0.0911134957073583,0.1527571454925727,65,Korean,happy
Walking on Sunshine (Version 3),Katrina,0.9237444621914056,0.8240453578716723,152.02433911480622,0.910958248650412,-5.909260809112498,0.2006065178748798,0.2394885536900325,0.1404938682322201,0.2956884070401962,55,English,happy
Happy (Version 3),Pharrell Williams,0.9183170677744404,0.8560021367270265,120.27970941109214,0.6690123286879748,-9.248144481273048,0.2313120563984696,0.0107826821390226,0.1091516630825182,0.2399256221476518,14,English,happy
Can't Stop the Feeling (Version 3),Justin Timberlake,0.7146165008513138,0.7363333042276043,101.83001499634295,0.5168066849371464,-3.419195514722734,0.1440762565645051,0.0381181537955654,0.1187813542093167,0.3194977435845138,59,English,happy
Shake It Off (Version 3),Taylor Swift,0.6863284109987373,0.7491561903276001,105.12084789962609,0.5232567745258735,-5.749162947454816,0.2162540486440426,0.1912289704494619,0.1534355267328525,0.3915482278118871,85,English,happy
Uptown Funk (Version 3),Bruno Mars,0.8065201393204782,0.6291825891764984,147.7111716861222,0.6218745130679334,-6.488228634354911,0.0313825525369063,0.0076052230246372,0.1936502304952472,0.342593042179272,12,English,happy
Good as Hell (Version 3),Lizzo,0.8783896824374792,0.6635811777657079,110.39765920425074,0.5703966692019887,-7.998056814683237,0.2196906658824482,0.2143787768100186,0.1422335540420143,0.14797686393108,31,English,happy
Girls Just Want to Have Fun (Version 3),Cyndi Lauper,0.9819461122652776,0.7951587666783074,133.26124315068404,0.7752743358054585,-6.643199500577681,0.3596968013237788,0.1067918035953784,0.1588338387789427,0.0550377210204145,75,English,happy
Dancing Queen (Version 3),ABBA,0.6464290562027665,0.5184010568087011,102.4437281391382,0.8849572628049532,-4.370737124959811,0.18966953163493,0.0293502481953004,0.1135746987698615,0.215715119773198,64,English,happy
Don't Stop Me Now (Version 3),Queen,0.669280747964006,0.6735406596951892,123.9102840638424,0.7771325441234973,-4.91925079305885,0.0181216039088178,0.1123837843879413,0.1363961856714202,0.2260976905030307,25,English,happy
I Gotta Feeling (Version 3),Black Eyed Peas,0.9425959364753288,0.763477452647578,109.77606562488576,0.5317559363301935,-4.860645774349475,0.0106045242166487,0.175732674382039,0.1898391410422428,0.2514159622565576,82,English,happy
Levitating (Version 3),Dua Lipa,0.7552679704826087,0.7573152873769413,127.495173429491,0.7455275551921707,-2.4682815297877987,0.1544410551203097,0.2883571691471742,0.1839096091325308,0.1185268971762537,77,English,happy
Blinding Lights (Version 3),The Weeknd,0.6277445203500661,0.5403112005509707,101.093309539093,0.5424993323401678,-4.535945812669145,0.0284754593840915,0.0956926890881283,0.1736288028648072,0.058145177507539,79,English,happy
Watermelon Sugar (Version 3),Harry Styles,0.9257873930355744,0.61274190990936,107.08988965729938,0.8135317244138678,-4.968457225760928,0.3509888054108212,0.2205213131411657,0.1665917581654242,0.1487121003999572,70,English,happy
Dynamite (Version 3),BTS,0.6709758175118891,0.8002459006563434,148.41008435603584,0.945727313900303,-6.699058584708588,0.1488072343171132,0.232923888222599,0.087936601843013,0.3757650639612476,93,English,happy
Peaches (Version 3),Justin Bieber,0.9433651007372048,0.6715976109500074,145.05226406748983,0.839544293338107,-9.17500904931254,0.3610211626718267,0.1515757117343571,0.170497769238316,0.1620173603607141,15,English,happy
Walking on Sunshine (Version 4),Katrina,0.9582092913984802,0.6556806714936653,100.6502590888179,0.9074218893886684,-9.269706585710932,0.1277254550361659,0.2850185901152414,0.1916032149793845,0.2507032608431501,84,English,happy
Happy (Version 4),Pharrell Williams,0.8527348848679197,0.6793782087913279,117.59264630188387,0.6478990454164621,-4.619852351383693,0.300949811775072,0.2374737131177545,0.1642350842750741,0.0819221360670416,79,English,happy
Can't Stop the Feeling (Version 4),Justin Timberlake,0.7977681218810326,0.5230235040066578,132.97173293942413,0.6986887256180196,-2.898366537933602,0.1403660050208315,0.0351201049282817,0.054308585948982,0.3165287211011153,41,English,happy
Shake It Off (Version 4),Taylor Swift,0.8472872253265045,0.540449070449116,105.04640836689984,0.815436109156604,-9.417895949086452,0.3287440237161425,0.2118726681469488,0.0438292927091229,0.0796931999298171,96,English,happy
Uptown Funk (Version 4),Bruno Mars,0.9946558314004702,0.6497083183024481,122.23852882401346,0.8657598052658761,-2.4220113809291304,0.3944004255291484,0.2260134555776825,0.0939641295402556,0.079225250844534,93,English,happy
Good as Hell (Version 4),Lizzo,0.9108587663709748,0.723361699894322,125.45332055481856,0.9078594732926312,-9.11042014155079,0.1970500417163436,0.0034060934302257,0.1096723091390014,0.069706146488643,65,English,happy
Girls Just Want to Have Fun (Version 4),Cyndi Lauper,0.6475271665072287,0.547010498710842,138.9526181269638,0.8357201956694404,-5.333049879222723,0.3848690193898167,0.1124611738571112,0.0785710546679163,0.3540096948663111,38,Spanish,happy
Dancing Queen (Version 4),ABBA,0.6894383354077811,0.8852890157762445,100.72926848138898,0.9364454720184376,-9.654720704395393,0.3564572454792284,0.1583103327258899,0.198804015340281,0.0758287976573896,95,French,happy
Don't Stop Me Now (Version 4),Queen,0.8215417137605283,0.8877210142476396,131.38587065020891,0.7832293871608681,-4.434010488123063,0.1818164259071093,0.188267424025219,0.129333433026927,0.3654053036718461,76,English,happy
I Gotta Feeling (Version 4),Black Eyed Peas,0.6181785521365831,0.6123852758368922,157.02468904459352,0.9006187027509123,-6.3547459777142965,0.2480530391206147,0.0832143548943398,0.0619805971530394,0.2122944417289937,35,Korean,happy
Levitating (Version 4),Dua Lipa,0.7413408912104211,0.7334624447403488,104.66407821789907,0.9384776634497748,-2.110314044163177,0.2792646856078981,0.1608289099032361,0.0826196947686757,0.334828256897432,10,English,happy
Blinding Lights (Version 4),The Weeknd,0.8738924690215517,0.5650467757379565,154.65563106963054,0.870141759315426,-2.401600693664608,0.290287803355344,0.1840245587807369,0.1011013161694052,0.3764549691739046,73,English,happy
Watermelon Sugar (Version 4),Harry Styles,0.9464255558001632,0.5180874680424757,101.58201846983512,0.6694085150951223,-3.515573353745337,0.3949104517259778,0.0451250673310584,0.1310022216098629,0.1833117998208575,99,English,happy
Dynamite (Version 4),BTS,0.9879657591258412,0.8368475692542835,150.29972228266826,0.7109119219077367,-6.681443981298679,0.1093628287722825,0.0169126489952781,0.177002803963359,0.3345153531955271,40,English,happy
Peaches (Version 4),Justin Bieber,0.9998870693144524,0.8986547348295622,133.32590233615764,0.8460443368312297,-2.441874160940576,0.3398589562709646,0.0742044305229592,0.1065925030027159,0.0952057953030232,49,English,happy
Walking on Sunshine (Version 5),Katrina,0.981620410903489,0.742469853780352,113.71856833020776,0.8022653079826355,-5.054974076336833,0.1432650872131362,0.0340672776598887,0.1441674432507759,0.2321076953163277,40,Spanish,happy
Happy (Version 5),Pharrell Williams,0.9089273566942556,0.7080654004447974,151.1308900191124,0.7483580774485185,-5.51249622771691,0.350661441063338,0.1210448598637191,0.0527825888366089,0.0600739367096686,94,English,happy
Can't Stop the Feeling (Version 5),Justin Timberlake,0.9020549022694476,0.7481238205413858,142.24478608595342,0.5958338726790098,-8.909028195305842,0.0058178662671527,0.105176267641979,0.1302860067652876,0.1872854157849063,43,Korean,happy
Shake It Off (Version 5),Taylor Swift,0.7749899688094917,0.8616634777974994,120.89532802139804,0.7312952701219149,-3.730775898070856,0.158617112928508,0.186626010068362,0.1766018304869467,0.3823322182801748,15,English,happy
Uptown Funk (Version 5),Bruno Mars,0.6588293923716152,0.8706350500645978,129.52697758477228,0.6162099747345312,-6.3269139500939096,0.3920130301141908,0.1477854281978608,0.0858877737488764,0.271690299010854,24,English,happy
Good as Hell (Version 5),Lizzo,0.6960582475112772,0.5303453312434656,107.73278331463897,0.5576206275309976,-8.784778451901644,0.055530869059764,0.1922624234409643,0.0609196143478546,0.1709835491633521,23,Korean,happy
Girls Just Want to Have Fun (Version 5),Cyndi Lauper,0.9587153639624048,0.689584656105149,140.05346431126162,0.5775439420407334,-8.461687849530634,0.0163474465065915,0.0506805189216493,0.0773603576354329,0.1119536694968613,50,English,happy
Dancing Queen (Version 5),ABBA,0.6354810135028223,0.5482543484402403,127.64672608196356,0.5928501732826066,-7.085841111615396,0.2013669083419427,0.2071184485888096,0.0366830637729868,0.3297936396181649,32,English,happy
Don't Stop Me Now (Version 5),Queen,0.8511601557963631,0.5327036127795488,152.41471744640663,0.914392580239316,-9.51137632116109,0.1107510592588815,0.2418603839379184,0.1572041473652219,0.114582356774732,69,Spanish,happy
I Gotta Feeling (Version 5),Black Eyed Peas,0.6837397293346841,0.6481888411165528,129.07137911146128,0.7782146471886331,-7.048690883441821,0.1850138864532591,0.2242412814401269,0.0362361444914016,0.1383529305204072,77,English,happy
Levitating (Version 5),Dua Lipa,0.885339834353821,0.8580827350748798,130.70064652693998,0.739451068369392,-9.142623909281792,0.3596968013237788,0.1597851799365069,0.071219985617904,0.1442351308322833,91,Spanish,happy
Blinding Lights (Version 5),The Weeknd,0.7509136652418491,0.5080284791110905,119.3247499349907,0.5951516031484451,-7.380021182576683,0.0479048527277004,0.2671581842219684,0.1309107171041882,0.2876858117005714,78,English,happy
Watermelon Sugar (Version 5),Harry Styles,0.9156684954429352,0.6993768795716229,105.21521728524542,0.7416979438183464,-5.305271055832967,0.298175789673732,0.1294978638689038,0.0516886514752458,0.1493215670295535,10,English,happy
Dynamite (Version 5),BTS,0.7452329185594541,0.7583668965326404,134.24669828013472,0.6602435266540307,-2.1078780096561625,0.2423099277427548,0.0711680375207983,0.0473030203454686,0.1035006987145162,69,English,happy
Peaches (Version 5),Justin Bieber,0.6983830913538033,0.5642725493038223,111.19402144307834,0.6282928259122311,-8.613011237641961,0.3587061698505701,0.0240701236984926,0.1191669362269433,0.1936388894463815,46,French,happy
Walking on Sunshine (Version 6),Katrina,0.9929514467634426,0.5448155608672209,123.8713359427445,0.936261694973916,-3.075942992848158,0.326828828379712,0.0773708481134819,0.0590508898563111,0.2840251269735508,90,Korean,happy
Happy (Version 6),Pharrell Williams,0.9717503956510344,0.7227051572055719,134.29676136819398,0.6259905921471278,-3.844056534464505,0.0748174994230093,0.0971037709212731,0.1023241945647908,0.2276636325395593,38,English,happy
Can't Stop the Feeling (Version 6),Justin Timberlake,0.6969638929660321,0.5459347298956814,136.63720254649795,0.629883748958115,-5.350094228619102,0.0617450861096809,0.1443420305564452,0.1205402035337696,0.0681382378878494,34,English,happy
Shake It Off (Version 6),Taylor Swift,0.7346417112775683,0.5537658707755897,103.80249822836606,0.9454821045754752,-7.421169240202216,0.3239497783418539,0.0763921964291291,0.145855462778068,0.3160797509613903,26,English,happy
Uptown Funk (Version 6),Bruno Mars,0.8382554962431377,0.6886304754200634,124.71045484883612,0.6569907199443479,-2.563766846017393,0.3322477631150917,0.2895080731999537,0.0511305279925426,0.3058036163212755,48,Spanish,happy
Good as Hell (Version 6),Lizzo,0.9753361827284152,0.5724932264662641,103.98977604200664,0.8335042921805265,-5.404215094560705,0.3367315107033088,0.0419317129878868,0.1651954430161813,0.1205695620167106,20,English,happy
Girls Just Want to Have Fun (Version 6),Cyndi Lauper,0.6654623771462818,0.5657063191723972,148.8744832138829,0.79933874931329,-5.815476601847045,0.143532193649401,0.2631601622439324,0.096715668261848,0.335809803815052,57,English,happy
Dancing Queen (Version 6),ABBA,0.7756539634280873,0.650777771769963,127.7607871401764,0.6356200433738639,-4.019124958589991,0.2010881560369916,0.0696638085440451,0.1829276774566766,0.184361927480624,54,English,happy
Don't Stop Me Now (Version 6),Queen,0.8174211444455954,0.8625888443858187,137.45427975483952,0.5526041183187638,-2.481343011092199,0.2510832212285671,0.1004716843971258,0.0536762523527758,0.3279088162446036,63,English,happy
I Gotta Feeling (Version 6),Black Eyed Peas,0.8480291023714054,0.7133844367905287,153.63355498305745,0.8548687450510388,-8.78660096213799,0.1246888271182193,0.0745467419443397,0.1564708697373551,0.0617363521575227,24,English,happy
Levitating (Version 6),Dua Lipa,0.8279558739485267,0.8049834742962763,152.60593820570497,0.6539367869221584,-3.429941562623897,0.0442526947820828,0.2539356875203554,0.051673072596437,0.1890505516961285,59,Korean,happy
Blinding Lights (Version 6),The Weeknd,0.9189181463118214,0.5599669709395095,113.75508371395848,0.8250136557768798,-4.239707707631405,0.2564590531541189,0.20818453334013,0.1222631553690913,0.1381296706174334,40,English,happy
Watermelon Sugar (Version 6),Harry Styles,0.7382783974015678,0.5726390867205703,154.50703368001768,0.7625263076447542,-6.793188665890881,0.184802321457653,0.2841850018835445,0.0560697385297336,0.255180441205879,69,Korean,happy
Dynamite (Version 6),BTS,0.8023554715537864,0.7445816941738591,101.08661102925043,0.8924557590248681,-2.543053740131101,0.2260532734356836,0.2089952471630676,0.1868248948001402,0.2975335220096895,83,English,happy
Peaches (Version 6),Justin Bieber,0.6610156171657046,0.7305153440667252,136.40290278297135,0.6908588020860738,-4.108446115002217,0.3737468059076059,0.2776705538720329,0.1066426931387024,0.0896333160442643,69,French,happy
Walking on Sunshine (Version 7),Katrina,0.9939364795849338,0.8355592345783737,107.479760872196,0.9143788471778176,-3.0408291035029738,0.2075352228504288,0.1773826307234787,0.0978304596579221,0.0691665735877109,45,English,happy
Happy (Version 7),Pharrell Williams,0.7340788966583603,0.8211413794392046,100.27792138027615,0.6500746272610148,-6.8146504512724535,0.2149582411751691,0.2759566849238281,0.0888788190422134,0.1714336206636797,10,Spanish,happy
Can't Stop the Feeling (Version 7),Justin Timberlake,0.8950004992438994,0.6808871763559229,113.47628937639892,0.703597782259712,-8.873143836961601,0.0705547946024893,0.1495103318218439,0.1012173264157731,0.370196065373835,82,English,happy
Shake It Off (Version 7),Taylor Swift,0.7449575596466532,0.7322353401112174,137.93585727517183,0.5058925054647502,-4.691701023866315,0.0712143867479005,0.2883210952408365,0.0552726637180292,0.1951184433044583,61,English,happy
Uptown Funk (Version 7),Bruno Mars,0.6341398672314575,0.8987497007383789,130.13170061987455,0.7679232577940196,-9.46338818089258,0.2999841881596711,0.0629716779286757,0.1826692292049213,0.1217988741687025,20,Korean,happy
Good as Hell (Version 7),Lizzo,0.6762750882654667,0.5146198671392379,128.32401670659996,0.7541785099681774,-9.47433088457318,0.3102110466780042,0.1359866504244082,0.1191463457856886,0.2042669614283798,29,English,happy
Girls Just Want to Have Fun (Version 7),Cyndi Lauper,0.7603052243501304,0.7238561325232872,109.31441475584276,0.5818676587228719,-3.1057150318918616,0.3784461848534531,0.1119927948839258,0.0760265944344041,0.2753998401336555,63,English,happy
Dancing Queen (Version 7),ABBA,0.7634936684392386,0.5101545422641379,109.36915584197142,0.8221875029813288,-4.728608464718789,0.0108383970013933,0.0665916485798848,0.0692827154199721,0.285162460259555,12,English,happy
Don't Stop Me Now (Version 7),Queen,0.6078842151017456,0.5416434327938295,147.99496512239136,0.5803450979244501,-4.778031137185002,0.0952731124186906,0.0298324178278035,0.0713392724699072,0.3027934261494807,57,English,happy
I Gotta Feeling (Version 7),Black Eyed Peas,0.9422785872425145,0.8320879458267967,123.83101177710728,0.8006383114567908,-8.360125636673432,0.1172590921044053,0.2689007455563359,0.0322103269968251,0.0799279857990638,25,English,happy
Levitating (Version 7),Dua Lipa,0.6831545020584109,0.5106128815495279,110.88612610538785,0.7623687024363615,-6.628603595260016,0.35706868443079,0.2452330685215322,0.0881089497886389,0.1407982017009523,36,Korean,happy
Blinding Lights (Version 7),The Weeknd,0.7518769632669068,0.7361179770059231,116.08381844937256,0.7808670085321103,-6.724706782470077,0.2208188723407921,0.130837958740595,0.080059179122126,0.3819586574367548,83,Korean,happy
Watermelon Sugar (Version 7),Harry Styles,0.9054423176639044,0.556045270306581,152.10807855387478,0.7193440392122812,-2.8435821848472687,0.3199421023789261,0.12756405134077,0.0338197824144199,0.1440370757847311,33,Korean,happy
Dynamite (Version 7),BTS,0.8166536858643467,0.753391287930459,115.47326112599214,0.5627102333327708,-3.320558105605607,0.3937608722814208,0.1577070546908057,0.0591854785942115,0.1453075642817791,48,English,happy
Peaches (Version 7),Justin Bieber,0.6073562706189867,0.8657195226241996,107.06506497340848,0.7594324139814141,-7.807558234502352,0.2216712010063173,0.1954261165055592,0.1710561066302242,0.1222474451162111,14,English,happy
Walking on Sunshine (Version 8),Katrina,0.6043983314633922,0.5547542520275229,154.0011185108863,0.8932505349031319,-5.220695182637534,0.2402067441734613,0.1995110023638766,0.0598131173659864,0.3700441810737359,72,English,happy
Happy (Version 8),Pharrell Williams,0.7675082099568292,0.653255411299799,131.13506231697025,0.5211346850487748,-8.669733049951365,0.2952134465705482,0.0248396003775379,0.132535858609286,0.1358721883884623,30,English,happy
Can't Stop the Feeling (Version 8),Justin Timberlake,0.7557182456167906,0.61547749470828,121.34036298789697,0.8235706573329105,-7.6230262750146,0.3596968013237788,0.1428151206597299,0.1428240981116502,0.3778904087636653,32,English,happy
Shake It Off (Version 8),Taylor Swift,0.8930288388841001,0.5859761514363027,101.87098810367708,0.6180188199349212,-5.239376554397961,0.0205703253937001,0.1489098741603709,0.1314632843158711,0.1669853617859363,42,Spanish,happy
Uptown Funk (Version 8),Bruno Mars,0.9083648814983288,0.5426393012535087,104.50826690414851,0.8276849402916215,-6.036069470350412,0.2753609585710944,0.1304482015811238,0.0718883456506481,0.3366858111859699,83,English,happy
Good as Hell (Version 8),Lizzo,0.9197663515875916,0.7778785883417707,116.32870823379776,0.7656038000910892,-7.112208824479786,0.0366328293306536,0.2751940726386728,0.0532591672562234,0.3825830738372808,41,English,happy
Girls Just Want to Have Fun (Version 8),Cyndi Lauper,0.7784023091831823,0.5740531715354479,132.51405684270148,0.8928256261443837,-4.142200908723511,0.3226244591445799,0.1976350100132152,0.1476870159680349,0.3472184780478617,82,English,happy
Dancing Queen (Version 8),ABBA,0.6998672035436744,0.6957699854572562,113.27256650917612,0.9444506035984912,-2.447525282507094,0.0157707245474023,0.2116725517547065,0.1872922139606632,0.1132013707945667,28,English,happy
Don't Stop Me Now (Version 8),Queen,0.8271780922210518,0.8661953190352167,102.03675871514793,0.813839120261078,-7.621207941019594,0.3697584781506122,0.2913174735496103,0.1905253031492838,0.2159749758301123,52,English,happy
I Gotta Feeling (Version 8),Black Eyed Peas,0.9448170603957252,0.8378197594140282,119.14602839459532,0.8730119633678048,-9.70393892227606,0.2385079513928212,0.0690026511863109,0.0504963705821374,0.0769336205702232,85,English,happy
Levitating (Version 8),Dua Lipa,0.8785155103512559,0.6359499855072265,143.4860062917257,0.529410353359524,-7.477677297355117,0.2157965169501349,0.237216949451689,0.0841879254984518,0.2690619817529532,44,Spanish,happy
Blinding Lights (Version 8),The Weeknd,0.9543910992944749,0.7463452752729218,113.97756848521804,0.5109803517004421,-3.039209008792561,0.0085077643401548,0.2232927001118644,0.119919312784626,0.3786736944795136,84,English,happy
Watermelon Sugar (Version 8),Harry Styles,0.9195132943094662,0.899173644213335,121.0427089271026,0.8452347300190071,-6.784552691126063,0.1919502481215635,0.188251638965511,0.1785251094116776,0.3944292142197533,51,English,happy
Dynamite (Version 8),BTS,0.9073093655458072,0.6671067128669335,125.2814201366242,0.8319120357150012,-8.089782833853581,0.0441896452525578,0.1063866472922329,0.0788306285811939,0.1537078421595965,93,English,happy
Peaches (Version 8),Justin Bieber,0.6934431004199639,0.5168372758545448,101.07243608400483,0.944475075381214,-6.577814930113101,0.1537306588638727,0.2038941848079209,0.0671031609370609,0.3824864143825789,94,English,happy
Walking on Sunshine (Version 9),Katrina,0.9145380057662208,0.5357644009249038,125.0548465470957,0.8956032384029741,-2.4421438216687177,0.1869606044999479,0.1840234167632123,0.0583957708356527,0.3969090191479418,57,English,happy
Happy (Version 9),Pharrell Williams,0.6926686805533774,0.8770927096540503,138.97879893954212,0.7734815576954865,-5.898491911867931,0.0922679246871034,0.0529584096016524,0.0674826555419298,0.115253391750489,52,English,happy
Can't Stop the Feeling (Version 9),Justin Timberlake,0.9118337894267012,0.640050103666692,103.47056059380378,0.936096183563365,-2.9297129202925944,0.3711009132780852,0.2984723467939306,0.0595621923673128,0.1886847066159305,24,English,happy
Shake It Off (Version 9),Taylor Swift,0.9032953902816364,0.7784082472215169,109.2337543803913,0.867124906245778,-8.204475425306715,0.0895270459290492,0.161092326868024,0.1307997889230895,0.2530301727432339,97,English,happy
Uptown Funk (Version 9),Bruno Mars,0.6365947349591019,0.8509843450521521,115.93600255532236,0.5582817145772618,-2.8900153610481825,0.3822605992919013,0.2586382851796351,0.1676177327032292,0.2793346932236576,74,English,happy
Good as Hell (Version 9),Lizzo,0.8203429482436557,0.5347947039645641,124.50719278424192,0.6677098326555413,-7.92196972991739,0.289368045475434,0.1487627205236312,0.0437778567043001,0.1270641206824339,47,English,happy
Girls Just Want to Have Fun (Version 9),Cyndi Lauper,0.8733035054638383,0.53045234379612,151.07241484292612,0.7228159371562884,-6.155307381386816,0.236963113863807,0.2474042897775447,0.0891275653433728,0.2873056533956722,65,Korean,happy
Dancing Queen (Version 9),ABBA,0.8262927855983164,0.6068113080677685,152.7177991813095,0.8588417097231176,-4.732385322732596,0.3402326916376967,0.2601882602879407,0.1504217060415559,0.3429546649272852,69,English,happy
Don't Stop Me Now (Version 9),Queen,0.8789885846677135,0.7720563087041201,137.11668269291107,0.8387224878009385,-8.73115915765541,0.3523483036795714,0.2615530583235695,0.034972038115875,0.3390358626976669,41,English,happy
I Gotta Feeling (Version 9),Black Eyed Peas,0.651547946989378,0.6340475417036567,144.61049537749648,0.5723419532217386,-3.4562638070475025,0.3328536711830968,0.1522403201282508,0.0310855981918617,0.1504633466112195,46,Spanish,happy
Levitating (Version 9),Dua Lipa,0.8467707673502969,0.8924744712109693,137.9088116210001,0.6169116114788719,-4.927954375203109,0.2159941518863422,0.233953618545343,0.0481867086005829,0.3163597658757098,83,English,happy
Blinding Lights (Version 9),The Weeknd,0.8165066314704441,0.8851968015435978,120.51232996232116,0.7846798519102767,-2.5437751559198603,0.0410038911962717,0.2811685461709353,0.1469405727911382,0.0737429706868101,43,English,happy
Watermelon Sugar (Version 9),Harry Styles,0.7203854267787265,0.7832688354581127,104.0410360881263,0.761976707079323,-7.232935544376346,0.2483662071069908,0.0137226101437538,0.1781612570459039,0.3907211392120889,19,English,happy
Dynamite (Version 9),BTS,0.9875511421142766,0.7998607326971698,107.80517440783792,0.8412184381680601,-9.803304668329588,0.0088494206115989,0.0970830657448623,0.1130693423687931,0.3196425962327276,47,English,happy
Peaches (Version 9),Justin Bieber,0.873318150642602,0.6783610825506994,116.41759997689996,0.94870602507097,-6.590549582112216,0.1805548097318702,0.0490871463575007,0.165117623287488,0.2927887790235211,69,English,happy
Walking on Sunshine (Version 10),Katrina,0.6883078451155041,0.5329524182463371,140.8299581244828,0.7945300464265108,-7.813923784014325,0.3803454249001641,0.04531736753427,0.1034969161772423,0.3802655720586596,45,English,happy
Happy (Version 10),Pharrell Williams,0.7678909267704489,0.7554103790656342,123.85566387776764,0.6233968410569015,-2.128178816321374,0.1637336025260172,0.2682297611037403,0.0690922830014846,0.1245866464087791,24,Spanish,happy
Can't Stop the Feeling (Version 10),Justin Timberlake,0.6124536331538045,0.760666730150354,122.11158062342568,0.8889612124278367,-6.214320746467543,0.3872773711658887,0.0556576547109363,0.1776659385524538,0.3218088984771096,13,English,happy
Shake It Off (Version 10),Taylor Swift,0.9083687378576208,0.8379132912467551,145.66143945657993,0.7817991447341369,-8.9500409785409,0.0130104717965007,0.276254354344706,0.1348305534685254,0.3287880518416617,25,French,happy
Uptown Funk (Version 10),Bruno Mars,0.7926089406050201,0.5469232755849578,107.51114753215305,0.8085043792530371,-6.5575528408042985,0.0802098906801346,0.147478364022431,0.0409155193027727,0.2536899906700396,60,English,happy
Good as Hell (Version 10),Lizzo,0.7075973617740391,0.8190236402548753,118.62171753541443,0.7048490670868105,-9.907035680735197,0.0289787551178235,0.1177480669220054,0.111589601901911,0.2600071918417563,55,English,happy
Girls Just Want to Have Fun (Version 10),Cyndi Lauper,0.7166650314837213,0.7779927544506171,151.60734383135227,0.8509329450020073,-9.683049397213145,0.1922027789031316,0.0314790535254524,0.0711476526966296,0.3953319076435013,96,English,happy
Dancing Queen (Version 10),ABBA,0.6569982171606052,0.6995552613805425,137.08934405908715,0.8161092367448468,-5.522810532104687,0.0039083389676734,0.0979383924731975,0.1180109793754009,0.0807532747006916,89,Korean,happy
Don't Stop Me Now (Version 10),Queen,0.7402507724836723,0.5132812435165466,104.71470982930124,0.6786154742907182,-8.938273967655517,0.2270163393046232,0.2068394907411797,0.1660997388485441,0.1200525854856835,92,English,happy
I Gotta Feeling (Version 10),Black Eyed Peas,0.6669930329036279,0.5418271361337601,138.1858149726182,0.8179140769191056,-9.747310841394864,0.3744848984974759,0.0155913850954417,0.1220203770011819,0.2981711818078207,66,English,happy
Levitating (Version 10),Dua Lipa,0.9483876494984342,0.7856347728529711,148.1036849841875,0.6527525866442627,-3.481399090027902,0.03204593855387,0.2684449968181582,0.1230907039461351,0.3360542194868728,77,English,happy
Blinding Lights (Version 10),The Weeknd,0.7809273138073201,0.75743107807861,131.5841596561668,0.8292152847898993,-9.346960143755284,0.0241408335962255,0.0741309702030439,0.057122595619242,0.3551242483072706,70,English,happy
Watermelon Sugar (Version 10),Harry Styles,0.6876855949432177,0.8903461023276525,120.21374750626642,0.5819530620599147,-3.682411942860167,0.2634831102003505,0.1494587149359416,0.1244118036593973,0.3017206223952923,75,Spanish,happy
Dynamite (Version 10),BTS,0.6913818965325195,0.8985335664226968,158.487589728807,0.7926465588561216,-8.403660392566838,0.2720912969725165,0.0216595226937527,0.035210925374987,0.1401890109789248,23,Spanish,happy
Peaches (Version 10),Justin Bieber,0.7850491826957265,0.8473090021633523,143.63014418597848,0.8342179345399914,-6.596053324415397,0.1383739970187851,0.1113116288953808,0.1979004258351298,0.0640382169943688,58,Spanish,happy
Walking on Sunshine (Version 11),Katrina,0.9468125984489796,0.7314701634289573,126.31692515137544,0.8263659471868114,-6.106648468602377,0.3493692952326642,0.2702105592033775,0.1016925575684874,0.146889729032268,48,English,happy
Happy (Version 11),Pharrell Williams,0.8369401314373449,0.8649453382466764,112.63973134034,0.7803349626035672,-4.947518239259836,0.2932452089661124,0.0394703055381779,0.151690243995955,0.3681613822329743,92,English,happy
Can't Stop the Feeling (Version 11),Justin Timberlake,0.6718732435480967,0.595017329969551,158.28370564249838,0.5814396287192704,-3.164919253043367,0.1969111425792139,0.0741693223209531,0.1780274832163269,0.2058568392509329,85,English,happy
Shake It Off (Version 11),Taylor Swift,0.805926941571876,0.6436933477599063,135.57705108609565,0.5735857426632602,-6.871347706785914,0.387764928934115,0.0774400298103382,0.1416452329720197,0.1638165224786432,56,English,happy
Uptown Funk (Version 11),Bruno Mars,0.9093892502746402,0.5523494642873399,158.1892627047127,0.7042052936226376,-8.111596293228288,0.029398698932005,0.0509273715262622,0.118361571254523,0.1679511117509502,61,English,happy
Good as Hell (Version 11),Lizzo,0.9315533463530438,0.6723550094647224,114.9228563552578,0.7777152439718136,-4.3457822649164335,0.0668167631603799,0.0502857648864953,0.0362341425787023,0.3077407052729742,13,English,happy
Girls Just Want to Have Fun (Version 11),Cyndi Lauper,0.865521811048722,0.6898523502999255,150.65022693815183,0.8625515688275238,-5.317165084825983,0.3473085122053034,0.0617523630110304,0.0490263352976137,0.1444123640309463,10,Korean,happy
Dancing Queen (Version 11),ABBA,0.6228347424357259,0.7124678112004128,156.1963415376977,0.5177045933008293,-9.023120687919786,0.1808796113133741,0.2801625052583714,0.0837465378460475,0.2275321830409373,96,English,happy
Don't Stop Me Now (Version 11),Queen,0.6166291436201569,0.5593372803848355,159.1978073775308,0.9343034133962204,-9.960480152524724,0.3807247141692956,0.1917359813446501,0.1775461100684037,0.2091589494718507,75,English,happy
I Gotta Feeling (Version 11),Black Eyed Peas,0.8062384114317,0.6955386321027681,140.01185545276627,0.5628430646403408,-9.760211281018575,0.1231719766364763,0.211404228820994,0.0643150868609012,0.285701351663721,70,Spanish,happy
Levitating (Version 11),Dua Lipa,0.9879648184429082,0.5375602863157674,140.35612709350758,0.699687598687057,-3.054861964979957,0.0708599157789543,0.2077877856678493,0.1724795992401787,0.3806149768159081,95,English,happy
Blinding Lights (Version 11),The Weeknd,0.8732992113158583,0.6988699056033709,137.07083441207283,0.8910072430154232,-5.4351220268893625,0.0121548238787347,0.2792846086520933,0.1472195476753653,0.2867796850220363,80,English,happy
Watermelon Sugar (Version 11),Harry Styles,0.6862700609590868,0.763554188093063,123.63186433924952,0.7930548396686714,-9.147255757536074,0.2631381218412144,0.2998241177311999,0.0381960466062945,0.3920109644774611,99,English,happy
Dynamite (Version 11),BTS,0.7627631842891482,0.8483013801349037,146.9431290434964,0.7551573174440005,-4.092406325989388,0.3514062245205391,0.1212420964953098,0.0855956374657505,0.2836576849472547,64,English,happy
Peaches (Version 11),Justin Bieber,0.9231383767765036,0.8049140539106463,147.86881893151806,0.6960124916658198,-3.457326270599827,0.0480836221482433,0.1633467293882548,0.0309789722846806,0.1636050404650946,71,English,happy
Walking on Sunshine (Version 12),Katrina,0.7465846139485591,0.6584690766437021,141.72803240139172,0.6748511455716556,-6.410451019019755,0.0950176523497309,0.111975537488802,0.0686358366347357,0.0756185733189552,94,English,happy
Happy (Version 12),Pharrell Williams,0.8413794373525512,0.7672851194220065,137.16942076057688,0.7085723197102576,-6.9617137585661615,0.3453334598287301,0.1557245355408654,0.1114609191970542,0.0589747230322524,66,English,happy
Can't Stop the Feeling (Version 12),Justin Timberlake,0.7364991310504625,0.6520782475143428,123.92936685381405,0.7610775661522995,-5.731179626184972,0.2431620371173778,0.2294649784626384,0.1682075755817359,0.301343076679273,37,English,happy
Shake It Off (Version 12),Taylor Swift,0.982209478381974,0.5072930330705446,111.74667914101276,0.5034032937401639,-4.820202286763176,0.3592122195799948,0.0730446889728897,0.1875958726153721,0.0710935866013463,47,English,happy
Uptown Funk (Version 12),Bruno Mars,0.9737744107222056,0.6406490748958538,106.085249706953,0.7186422916338465,-7.945787458235936,0.1139491607847691,0.0921869894778859,0.1665144026315528,0.238706446836339,25,English,happy
Good as Hell (Version 12),Lizzo,0.7245230796624015,0.7441335133243674,142.9690404533916,0.6226808003300902,-6.691607187797188,0.048754437334779,0.054344804860404,0.1457900351740471,0.1135034216934694,78,French,happy
Girls Just Want to Have Fun (Version 12),Cyndi Lauper,0.8100653534668241,0.7836185046889731,106.41261538568465,0.7552904988330066,-7.94749773038909,0.3851707500950319,0.1450636940159774,0.1670187334617769,0.2425792897546916,17,English,happy
Dancing Queen (Version 12),ABBA,0.6173650131419276,0.753260550237609,157.08420053239942,0.770725319065849,-3.4464891245856784,0.3536825853393631,0.0684239315846797,0.0660476227843985,0.2638433460978471,19,English,happy
Don't Stop Me Now (Version 12),Queen,0.7644113879226819,0.8359445211466882,154.00138740388067,0.6590396206862231,-8.105035528204144,0.3122102060975447,0.0824418106644408,0.1698444341473253,0.198308388777067,69,English,happy
I Gotta Feeling (Version 12),Black Eyed Peas,0.8670199597165882,0.5382141255338673,137.4315594805944,0.7032954554317531,-5.307132294596207,0.0672056830979453,0.2210621234832546,0.1766755031823488,0.1258589300317714,24,English,happy
Levitating (Version 12),Dua Lipa,0.6382858222080646,0.5094554344185346,138.51829002659596,0.7731923162399513,-5.62642069828744,0.0927788384463901,0.1172717987716543,0.1310609769816494,0.2238684006007092,12,Spanish,happy
Blinding Lights (Version 12),The Weeknd,0.995114208085955,0.5545759010226933,141.70867324285564,0.6819434456469314,-6.574403080595082,0.2870391062632705,0.2077308453973108,0.198513518929372,0.0949380013089438,97,English,happy
Watermelon Sugar (Version 12),Harry Styles,0.6416438597536666,0.7897355268514965,134.70321502038456,0.6233722999519127,-9.364645048088107,0.3596968013237788,0.2682572623992355,0.0626174452021862,0.1631800467404323,30,French,happy
Dynamite (Version 12),BTS,0.6906625608907953,0.6419985223327749,104.1654305647656,0.7335769059087216,-9.45909949126228,0.3201426031289446,0.0701136245731299,0.1218020254827668,0.3580276806465104,93,English,happy
Peaches (Version 12),Justin Bieber,0.8603509476188776,0.7131831146205341,119.46002518692254,0.649850860876189,-4.644104358414479,0.397655744488467,0.1985517569548135,0.1248231809529042,0.3057276785837362,14,English,happy
Walking on Sunshine (Version 13),Katrina,0.7860822449134872,0.5240569370403141,133.73780895267458,0.9309313780274212,-8.597576461138722,0.2760019563282663,0.0602801065977169,0.1210907063604238,0.0838367573763518,61,English,happy
Happy (Version 13),Pharrell Williams,0.780148374503274,0.8024653315580985,120.85429145433892,0.7992102760192481,-3.636400313682167,0.3708711277917811,0.070392624556636,0.0978837056875823,0.1033456046656461,12,English,happy
Can't Stop the Feeling (Version 13),Justin Timberlake,0.99699340086335,0.8708003871697181,132.39742781683358,0.8789149824693896,-5.832336181823663,0.2494342752011039,0.0267373296348049,0.1583959714844573,0.0946997192723322,11,Spanish,happy
Shake It Off (Version 13),Taylor Swift,0.9304270521010114,0.8128112350681544,142.52468186457858,0.516272171236143,-7.574973152437371,0.3596968013237788,0.1080409222414557,0.0448992669498525,0.377935238060872,37,English,happy
Uptown Funk (Version 13),Bruno Mars,0.8215208962849505,0.6222097242632094,123.818891024457,0.701241143227176,-5.195245333115062,0.2062717710785991,0.2758175919643252,0.1144837920939911,0.3972553051881594,62,English,happy
Good as Hell (Version 13),Lizzo,0.9405699830980384,0.5834042057429343,155.83571287863498,0.5523648790484642,-3.4604023320704678,0.152249317390632,0.2633922961335208,0.1775696373182665,0.3320738900411674,97,English,happy
Girls Just Want to Have Fun (Version 13),Cyndi Lauper,0.9160121745228246,0.6218716556392163,104.85515698307512,0.6813410804443226,-8.611803880107932,0.2779804355609847,0.1038299179613356,0.1958537341461855,0.2743402270708662,34,English,happy
Dancing Queen (Version 13),ABBA,0.9289922254537444,0.5530098690967393,151.72086893635736,0.9152407357310276,-6.103504649448513,0.242501175100391,0.2294429402708986,0.0597225666342701,0.2258981267622049,34,Korean,happy
Don't Stop Me Now (Version 13),Queen,0.7594652111089253,0.5585495968648997,122.05206533749188,0.530677539223472,-9.793504744404103,0.0540665156619291,0.2889345334767521,0.1234200211021528,0.388037756403627,43,English,happy
I Gotta Feeling (Version 13),Black Eyed Peas,0.7729991513320528,0.6247264532341038,130.36851177041464,0.6977802598848095,-9.154682525906049,0.2563305258760825,0.0648114547528798,0.135329952332631,0.2775703823393537,14,English,happy
Levitating (Version 13),Dua Lipa,0.6608099412514592,0.5245398508442672,146.8456951641064,0.7069101906961941,-9.534689635956196,0.3979465268679069,0.0173341682989099,0.148155988905954,0.3942876238421948,84,Spanish,happy
Blinding Lights (Version 13),The Weeknd,0.6956720416863702,0.5568997474748785,107.28309636534571,0.636473816405418,-9.191633511914826,0.2768645366776527,0.0186875394390188,0.1166017617854642,0.3988438988485419,30,English,happy
Watermelon Sugar (Version 13),Harry Styles,0.9255881078024076,0.7460877752924043,118.3752172471967,0.7807531263312373,-5.783668288706787,0.1704333535561486,0.0392131130220598,0.1807227165908793,0.2074246270874629,83,Korean,happy
Dynamite (Version 13),BTS,0.677849004728306,0.6471037403509159,124.84778515173562,0.8723920530050934,-4.131084955508784,0.3077219574565359,0.0033093793285941,0.1007461796905594,0.2184704530723633,18,English,happy
Peaches (Version 13),Justin Bieber,0.6076769107292227,0.6039252834980137,145.6173893873281,0.5616993675780496,-5.717518948379267,0.086080748806895,0.0036362323931679,0.071004247791922,0.3915558142185188,40,French,happy
Walking on Sunshine (Version 14),Katrina,0.920614844753196,0.8838306577284134,129.27124263558176,0.5493812894048766,-5.616324088210456,0.1817509338239843,0.2533071248218848,0.0466740387333215,0.2208843979576223,17,English,happy
Happy (Version 14),Pharrell Williams,0.6600194658775936,0.629870370756024,144.24142464326798,0.714208158215945,-6.992893718833845,0.1577905114280141,0.137834030521796,0.1634528124522996,0.362229641129082,77,English,happy
Can't Stop the Feeling (Version 14),Justin Timberlake,0.9821338746015712,0.8147613545021181,118.92441374488077,0.8096606177389439,-6.499175007556865,0.1018682488184204,0.2522614738277767,0.0365324793235952,0.3656166972473982,54,English,happy
Shake It Off (Version 14),Taylor Swift,0.7845909858498936,0.7548805907233123,139.56123533234697,0.9028029833179414,-4.9066425426623415,0.2455734339040247,0.0199956121682069,0.1181293637306847,0.1025591502859645,40,English,happy
Uptown Funk (Version 14),Bruno Mars,0.8949735074885943,0.7048887683250697,140.8136667525012,0.5187528052710729,-9.321663871633575,0.2865293552250729,0.021625300799602,0.0421136437200939,0.0542379663322106,57,English,happy
Good as Hell (Version 14),Lizzo,0.982600559319792,0.7950033437836028,121.19508451012383,0.6334410115794449,-7.202374162033204,0.3098614124724728,0.1984111833211243,0.0614832465374695,0.1109382673669295,61,Spanish,happy
Girls Just Want to Have Fun (Version 14),Cyndi Lauper,0.6393582598853589,0.7641210878805353,145.86235973330415,0.6192708927462518,-9.832440311752698,0.0328686669905709,0.2903580104535091,0.0802256121711614,0.3192281017433467,78,English,happy
Dancing Queen (Version 14),ABBA,0.8498654275417055,0.6527758558611584,112.3412357317333,0.5546238881717329,-5.079896255689067,0.3098535122551152,0.1931712760623392,0.1201513626523569,0.0646829282010727,23,English,happy
Don't Stop Me Now (Version 14),Queen,0.9873955110377536,0.8194856766618299,117.56932220205788,0.9409866482114828,-5.184947282909423,0.2329690632828986,0.2244219538288596,0.1680008639753234,0.2797675125660259,42,English,happy
I Gotta Feeling (Version 14),Black Eyed Peas,0.65123829854648,0.6353070023977994,155.685018419563,0.6010770253297334,-7.022663809299893,0.1728307531776784,0.1318214969083356,0.1341997290240693,0.3800765432106476,71,English,happy
Levitating (Version 14),Dua Lipa,0.696277084733002,0.5486005505203673,111.84822939159623,0.8991162050941712,-4.833513498758352,0.114362715695664,0.2447840816905851,0.1764328993817841,0.3462800185415973,13,English,happy
Blinding Lights (Version 14),The Weeknd,0.9675706134558216,0.6008964080693446,145.3025157247767,0.707242773773363,-3.264011576879508,0.2913962708646453,0.2329342339499173,0.1415475124057821,0.1121000693143974,72,English,happy
Watermelon Sugar (Version 14),Harry Styles,0.8180107675587753,0.8938678958098033,156.24328398982715,0.5194281811086553,-8.681481474164503,0.0526915093818247,0.2177939729955886,0.1690235060756806,0.1247289782087351,67,English,happy
Dynamite (Version 14),BTS,0.8023410771807316,0.83628121120448,143.96809268597502,0.7440067424713317,-5.277218476329817,0.2033442187665119,0.0892645353956461,0.1260537387860327,0.2911098557175318,89,French,happy
Peaches (Version 14),Justin Bieber,0.9493291663443232,0.7545165415916992,145.66729222258948,0.5720322357295579,-6.307540204641681,0.0037326479308373,0.0740036593564869,0.1534984915692108,0.3971334829722772,36,English,happy
Walking on Sunshine (Version 15),Katrina,0.6396712398348864,0.6605977263445153,148.00425812194956,0.5918160355830044,-5.55932040558171,0.2932285184118699,0.1847956350780537,0.0619642048846207,0.1743845990400088,47,English,happy
Happy (Version 15),Pharrell Williams,0.9135167137941588,0.7216906056528066,100.31377681257476,0.8424458420126422,-9.717509160478087,0.2982935130924928,0.0607441680495712,0.1928724916202946,0.1787792629557296,70,Spanish,happy
Can't Stop the Feeling (Version 15),Justin Timberlake,0.7307726465352317,0.5595552201329779,118.3362529294129,0.8944928428226901,-2.0293252989820214,0.1473238122027393,0.1345831892863627,0.1527520594944653,0.3601685231627761,70,Spanish,happy
Shake It Off (Version 15),Taylor Swift,0.8372177336747136,0.6566102792711317,124.75731045091744,0.8130281659235631,-9.97425389116577,0.2478357349839363,0.1066479031324072,0.1650135463171043,0.0825467239380962,45,English,happy
Uptown Funk (Version 15),Bruno Mars,0.8352809067793562,0.6923891559544495,138.53953155431364,0.5291841175173357,-5.36012970057495,0.2245938351838095,0.1681980283248512,0.1325929033213973,0.2867637780292268,76,English,happy
Good as Hell (Version 15),Lizzo,0.921995599872308,0.6079282880512857,149.50296461080373,0.7242150570185542,-9.38353376692535,0.0234203716975916,0.1002714956088182,0.1634324861089495,0.2976883271593205,70,English,happy
Girls Just Want to Have Fun (Version 15),Cyndi Lauper,0.9154459858689624,0.7069076225766437,126.41193987732944,0.5663536370178278,-7.374457971125508,0.1736077464695501,0.0265801289038851,0.0675040319609059,0.2593788529223086,17,Korean,happy
Dancing Queen (Version 15),ABBA,0.8942652456956759,0.8993390045571799,155.98679988061346,0.7891543397908362,-6.630015573647424,0.2544709458832931,0.2356954854240696,0.0501171524569758,0.1934667113937009,24,Korean,happy
Don't Stop Me Now (Version 15),Queen,0.9359209142542468,0.6535331807732176,134.3123362736312,0.7644962123879891,-8.524189974930884,0.1448941766609153,0.1003533866225796,0.034453440450451,0.0584671173619743,97,Spanish,happy
I Gotta Feeling (Version 15),Black Eyed Peas,0.9326788174703092,0.609228323989125,131.08472597432893,0.6344265081149478,-2.474566039077276,0.1037187035463095,0.1288970438216805,0.1783641425823823,0.344676748377133,69,English,happy
Levitating (Version 15),Dua Lipa,0.6744405671385109,0.8210573239182841,127.49121320427356,0.7173359924384098,-8.93216022067245,0.0322406055028498,0.2183817920921295,0.1143983959004009,0.2028977459153128,87,English,happy
Blinding Lights (Version 15),The Weeknd,0.8918032914609586,0.8062051595964439,109.53449006016122,0.7746013172649385,-8.917167341778516,0.3005500344116183,0.1970865468801418,0.1926244855841878,0.0741353057247474,52,English,happy
Watermelon Sugar (Version 15),Harry Styles,0.6228218884605017,0.61287482987728,115.70234102415436,0.6111404595823999,-2.7499633558317065,0.0998184799398024,0.0815849178385893,0.1590977046110538,0.207408944857689,47,English,happy
Dynamite (Version 15),BTS,0.9106842227820724,0.5261464630257541,129.25427162040307,0.5151261200824772,-9.498774372357165,0.3625749813377644,0.0417736113352785,0.1205115159867869,0.1938834609102473,39,English,happy
Peaches (Version 15),Justin Bieber,0.738937330503537,0.859933338274909,101.30940380652936,0.798705358779015,-2.2928445262915966,0.2240672733847367,0.2810467386099275,0.038883839478624,0.1965776616759565,86,English,happy
Walking on Sunshine (Version 16),Katrina,0.7040631163848204,0.7923283859922919,158.8778254298348,0.6154385280999115,-4.766603188207404,0.079239053103896,0.1695990763714829,0.1088685227370171,0.390201865371038,94,English,happy
Happy (Version 16),Pharrell Williams,0.8434109090785866,0.6398025488347275,106.845747093276,0.5680610729307205,-8.19746456039012,0.1003866645361192,0.2232927001118644,0.1254078740080292,0.2331868189810282,84,English,happy
Can't Stop the Feeling (Version 16),Justin Timberlake,0.645907548747687,0.8440558773397739,143.36885819250904,0.5304507628550007,-4.337319222161851,0.2174152869370584,0.0245176037240334,0.1079111090598716,0.2196437004955164,80,English,happy
Shake It Off (Version 16),Taylor Swift,0.6663098160653103,0.8782792588001129,150.99852228883972,0.8010600517980987,-6.301635511995142,0.1647062166338034,0.1952920401452862,0.1227234177991739,0.0717955870586599,83,English,happy
Uptown Funk (Version 16),Bruno Mars,0.8050010595081327,0.8225614468931358,127.55439265581748,0.5233804598994208,-3.7097744049277352,0.0805455128543897,0.0775862504664116,0.0580000800834903,0.1655752727050241,90,Korean,happy
Good as Hell (Version 16),Lizzo,0.902700602275454,0.707754343801575,112.29287644904277,0.8950235351684184,-2.9633451603877665,0.3482313700184027,0.0716388634144617,0.1067106885107679,0.3947463796493063,36,English,happy
Girls Just Want to Have Fun (Version 16),Cyndi Lauper,0.908804990523996,0.510866968490224,103.91227547562951,0.7087691195655497,-2.7262383531075187,0.2154807191810857,0.149343752410287,0.0479305289926272,0.2798730366535029,78,English,happy
Dancing Queen (Version 16),ABBA,0.9288412642400902,0.6521680030030249,146.53671105551965,0.9340144942553652,-8.369868326978487,0.3596968013237788,0.0861413874253726,0.1647852512357527,0.2521576780584051,87,English,happy
Don't Stop Me Now (Version 16),Queen,0.8538329670201215,0.8191656638463576,123.75822835974728,0.9117905307831694,-5.73576906203088,0.0631819291341392,0.2087697354506407,0.1648544295745032,0.1608665869736343,21,Korean,happy
I Gotta Feeling (Version 16),Black Eyed Peas,0.9428717027995012,0.8624573019063067,116.61426924266854,0.94258466272185,-8.874307775609932,0.080806267360996,0.0552674517714078,0.1819782507013379,0.2790023933137366,70,Spanish,happy
Levitating (Version 16),Dua Lipa,0.6608417132889092,0.6761293673473396,136.91788150418813,0.5375588382452224,-2.94066905274129,0.3214414141766141,0.1515620320729914,0.1944115245940589,0.1962163427462849,39,English,happy
Blinding Lights (Version 16),The Weeknd,0.9936441276145992,0.7671679995214509,138.0802763952365,0.5746797028831032,-2.944577933562848,0.170995875168246,0.0486700217347438,0.032143278395879,0.2459144892734339,63,English,happy
Watermelon Sugar (Version 16),Harry Styles,0.8109598488490706,0.7877414489476635,153.4154831810681,0.5357329630893632,-4.148028077277101,0.0749647776390328,0.2574531159471492,0.1692407973564815,0.2392778142449405,71,English,happy
Dynamite (Version 16),BTS,0.8840971194493246,0.6257400452734994,128.27007393596887,0.8697366039697122,-6.325878422614289,0.1431193061301767,0.1482637341750899,0.1708023729143271,0.1673228165798054,48,English,happy
Peaches (Version 16),Justin Bieber,0.6695046372542975,0.7848056081323123,149.5586927624849,0.54528686533559,-8.081007097952442,0.0567887959043975,0.1043824234746499,0.1065596664139201,0.3120892179371572,79,English,happy
Walking on Sunshine (Version 17),Katrina,0.8604590339526696,0.7483714269913725,121.14249679657928,0.8786513988881419,-6.229702660814684,0.3916419752060618,0.190242641488721,0.0514650060659654,0.2866621467264019,72,English,happy
Happy (Version 17),Pharrell Williams,0.7300416061726795,0.7745308786744389,104.17846888974437,0.5786966467291818,-3.1541019287537093,0.3596968013237788,0.251112337572882,0.0774769350372497,0.2750086685205477,66,English,happy
Can't Stop the Feeling (Version 17),Justin Timberlake,0.8776602294039324,0.7050619012580212,118.31864060180388,0.5956899693669933,-9.73448516350059,0.1215785604962895,0.1959488371593849,0.189511819136242,0.3549215687920682,29,English,happy
Shake It Off (Version 17),Taylor Swift,0.906425910614121,0.8153789373013195,139.89909420855972,0.6171290859047014,-2.742439754353361,0.2682929247623336,0.1681321892941319,0.0488682097662917,0.2064694403322489,21,English,happy
Uptown Funk (Version 17),Bruno Mars,0.7841433084807705,0.845825443809068,132.7988932112673,0.6711802470366843,-2.1855973719147253,0.0442882373305262,0.1267645284935833,0.0371441947791389,0.3089664422684256,86,English,happy
Good as Hell (Version 17),Lizzo,0.9672306208796604,0.6120149318201957,151.50050060794726,0.631498203707854,-2.7138387068486782,0.3015847614387136,0.2414720330524316,0.0330611144520772,0.3869836249759091,76,English,happy
Girls Just Want to Have Fun (Version 17),Cyndi Lauper,0.8906683968281293,0.6219004381544533,149.7636798915308,0.6266845392867184,-3.0179692834709764,0.0450321561647748,0.2111057932382387,0.1219187410296347,0.0837870645684042,53,Korean,happy
Dancing Queen (Version 17),ABBA,0.6967575313035356,0.5049616145109259,128.12607792787034,0.6355693673420002,-5.2131401256179295,0.1188951230834468,0.0899757334520954,0.1563428437843725,0.0668499925924237,39,English,happy
Don't Stop Me Now (Version 17),Queen,0.9611579980767948,0.8409055497564726,140.06828099358438,0.7669497065483228,-2.861580014882782,0.0741320718114857,0.0236907486572485,0.0707167288846214,0.3281023975450666,11,English,happy
I Gotta Feeling (Version 17),Black Eyed Peas,0.6138681066905933,0.7331227340333959,159.7262509714786,0.8850632422268927,-5.828434487651284,0.0254563637146569,0.2494120543157129,0.1318263463901258,0.0902265489708483,33,English,happy
Levitating (Version 17),Dua Lipa,0.6375429139293425,0.863850727774637,140.1520157762847,0.87317905969254,-2.9681687977418614,0.2287089408193289,0.1552339055265123,0.1031726597545683,0.1609313057268917,66,English,happy
Blinding Lights (Version 17),The Weeknd,0.7738383843434847,0.8095518622920626,136.11540586090788,0.9016354804796808,-6.452959884966498,0.2428358314875016,0.1893922659275966,0.1305885175920753,0.2959218205799307,59,English,happy
Watermelon Sugar (Version 17),Harry Styles,0.6949733873499225,0.7049455110183163,106.25348816850088,0.6730300974401656,-6.098663451029885,0.260889703818189,0.285159315775861,0.1321106813132205,0.3102578706617959,36,English,happy
Dynamite (Version 17),BTS,0.8025064237980811,0.7536416125505325,104.2559329680264,0.6144762113788311,-7.10517525435889,0.1889973420026054,0.0136946236507151,0.053804096584064,0.146885007726957,96,English,happy
Peaches (Version 17),Justin Bieber,0.9886130763604204,0.6325388028412203,128.92246348672495,0.5882439707322769,-5.113759431393854,0.1122732862063897,0.062097773531528,0.1178173468358164,0.0519270297061472,90,English,happy
Walking on Sunshine (Version 18),Katrina,0.6030656130596901,0.5876275236407431,102.20328175004929,0.5486115893588112,-7.289114805289987,0.3210342718319252,0.1716145930107902,0.1171535134125908,0.1527210881228425,60,English,happy
Happy (Version 18),Pharrell Williams,0.9727014877731266,0.6588060164948767,105.2255660077463,0.7776799322530106,-9.089292852187189,0.1380892571206768,0.1522235816153426,0.1786178291964799,0.2227413031190415,16,English,happy
Can't Stop the Feeling (Version 18),Justin Timberlake,0.8809035064126657,0.8971267355996282,107.8893471938789,0.6236291864837837,-6.843391395218829,0.1687312714155325,0.1233063225796637,0.1842938704346143,0.2999114255633998,64,English,happy
Shake It Off (Version 18),Taylor Swift,0.8431620856362815,0.6237490871451128,149.42742305327766,0.929777230168245,-3.430413739598188,0.0006260420765891,0.1909204110550221,0.0386930148451571,0.1401625271168026,92,English,happy
Uptown Funk (Version 18),Bruno Mars,0.6238098801391087,0.7415181811797551,141.1953948095564,0.5515194371296573,-6.929288935640164,0.1824946035822168,0.1107159065282749,0.0505742500824828,0.1966317265656164,22,English,happy
Good as Hell (Version 18),Lizzo,0.9004712191233673,0.5284030658133022,104.8108008449142,0.6596470813261929,-2.4661943070486,0.2674290586891656,0.2036009870017694,0.091526398442437,0.2577812769229884,36,English,happy
Girls Just Want to Have Fun (Version 18),Cyndi Lauper,0.6040524736110974,0.7544384185638169,154.7972168545742,0.7756580607551686,-3.01041125226924,0.2895892221864375,0.036167524921107,0.1834170622385931,0.0732553455245212,72,Korean,happy
Dancing Queen (Version 18),ABBA,0.8135869890191055,0.5568548495173831,100.70239664385424,0.6899154170574375,-7.63967433876675,0.1944001975190412,0.1731599660203652,0.037435642292521,0.0930511532933109,81,English,happy
Don't Stop Me Now (Version 18),Queen,0.8234569585801701,0.6372669412690632,143.75040925296688,0.7935312418663728,-3.235165096080745,0.2769971306676901,0.1289793232170444,0.1444043258070535,0.1463834109893965,71,Korean,happy
I Gotta Feeling (Version 18),Black Eyed Peas,0.722525399511285,0.8155940639683174,126.78517098409492,0.8592711532332586,-3.4206210106537727,0.3430249350645135,0.2749905707523621,0.1032674874872603,0.1616033864123986,36,English,happy
Levitating (Version 18),Dua Lipa,0.8328794986376455,0.648468969375051,136.06445000801398,0.817513638189721,-4.492759852062905,0.1498211548080485,0.0500580605096258,0.1031899875385752,0.099907950428668,34,English,happy
Blinding Lights (Version 18),The Weeknd,0.9560388140735232,0.6383509842951429,109.26758483339944,0.5114514919575879,-4.833420909708126,0.2547609269818973,0.1021812499743875,0.0421910211041006,0.1933701132133312,69,English,happy
Watermelon Sugar (Version 18),Harry Styles,0.7244869980253574,0.7708482558940037,136.34675496716142,0.664067177688893,-8.25685956596008,0.3952143864622368,0.1362004863588344,0.1470066200826403,0.0991935386524262,63,English,happy
Dynamite (Version 18),BTS,0.7942358798637591,0.5110146879477862,130.327307074627,0.933807833202966,-6.926346296113598,0.0155984050299646,0.009286737275803,0.0959577491909678,0.1060087277621179,75,English,happy
Peaches (Version 18),Justin Bieber,0.6093408385312743,0.8024854455800707,127.51138053291344,0.6301601473876945,-2.7993345358681543,0.0464555840802102,0.2867756486865958,0.0833743419541499,0.3609412853080384,69,English,happy
Walking on Sunshine (Version 19),Katrina,0.8411771505917847,0.830682943896595,159.04078979262786,0.6297824470184356,-2.310916116739256,0.1557927579609681,0.1156535714210766,0.0878658077232659,0.2394926625716548,40,English,happy
Happy (Version 19),Pharrell Williams,0.6616580172713948,0.7214845941432044,132.50228874460024,0.8428558156721915,-3.3308003044993155,0.1761765401249696,0.0906999748054481,0.074086932543906,0.1181183428467051,18,Spanish,happy
Can't Stop the Feeling (Version 19),Justin Timberlake,0.62305903287961,0.6369791915338854,116.214861527847,0.9348878236398832,-5.538329389999649,0.138910815612203,0.1741402802981088,0.0536634392287682,0.205415312220771,92,English,happy
Shake It Off (Version 19),Taylor Swift,0.8504937285684255,0.6955591327169806,124.10672803925944,0.9472317750048642,-2.957481902808584,0.249362383263776,0.1708132083546848,0.1355122815701793,0.1204592377378516,19,English,happy
Uptown Funk (Version 19),Bruno Mars,0.7580550973057274,0.5157838131563597,128.5327622492096,0.7443610627809484,-8.178002111174322,0.3856115388662055,0.2728363832811726,0.152764350027504,0.2366853200678769,75,Spanish,happy
Good as Hell (Version 19),Lizzo,0.947987663859074,0.5522609375293852,147.43058765649312,0.5561693662850817,-3.6463146996047566,0.1103070273005427,0.2631271743054567,0.1904871559503176,0.1020785892917904,20,English,happy
Girls Just Want to Have Fun (Version 19),Cyndi Lauper,0.7850702420261574,0.8923949512650741,129.0044461583888,0.8885963851315453,-5.290147822949441,0.1501319631678407,0.085735066657761,0.0645479254846348,0.316629366982194,74,English,happy
Dancing Queen (Version 19),ABBA,0.7546162027292111,0.7045101848803005,129.5395288000709,0.759775563154909,-3.075382835003582,0.3922957374333717,0.122275262572145,0.1706782167580715,0.3175847281291512,32,English,happy
Don't Stop Me Now (Version 19),Queen,0.8294115805822293,0.8824188574447733,112.02847093170416,0.5491688946393296,-3.168304264356623,0.1756599266534993,0.2540906562621181,0.1818253348832205,0.071860157766675,58,French,happy
I Gotta Feeling (Version 19),Black Eyed Peas,0.9533859051944242,0.6793276221477689,130.62594934025392,0.7819666299919446,-2.588939146159306,0.0076464377719056,0.1430530404953451,0.1469127472131953,0.30294743519438,96,English,happy
Levitating (Version 19),Dua Lipa,0.8770129726148432,0.5537740517632488,117.96373530230088,0.661421986437656,-3.56450233856396,0.1115039489658212,0.0632114891601609,0.1927661632364763,0.0531021497897141,56,English,happy
Blinding Lights (Version 19),The Weeknd,0.9991283422727912,0.7707285195429583,149.70815796694703,0.6325787283557869,-9.88547777866352,0.295147807424612,0.2502433791002027,0.1558809424320982,0.0999976005552935,59,English,happy
Watermelon Sugar (Version 19),Harry Styles,0.9013711689027876,0.8075691128430564,139.5124309402033,0.8447521697580138,-3.232628482578143,0.2454416456949834,0.0265814141909037,0.1128967276434258,0.0771772671350617,64,English,happy
Dynamite (Version 19),BTS,0.7630172124129724,0.662842595650251,103.9605906484145,0.6569692402862657,-9.11201520966948,0.3232940840036888,0.2843064077893412,0.0422938007938495,0.3842903225520955,31,English,happy
Peaches (Version 19),Justin Bieber,0.809030639734698,0.6198262711815495,104.6117245165698,0.725280920631688,-3.6438756440740105,0.2828345909066793,0.0150678034391921,0.0423933120125435,0.191005648921423,38,English,happy
Walking on Sunshine (Version 20),Katrina,0.7181161976191773,0.5929537292224192,116.86026993452282,0.8615672344835981,-2.566175570945169,0.1620410778110265,0.2718333006397491,0.0846542692121399,0.216752945220327,25,Korean,happy
Happy (Version 20),Pharrell Williams,0.6904115991263999,0.7561904168703376,158.73886691048853,0.7715718932195204,-7.137487327091609,0.2591269783962113,0.0368762035396162,0.1810720436451177,0.2260793827729427,49,English,happy
Can't Stop the Feeling (Version 20),Justin Timberlake,0.7797398968158569,0.7343459153814077,137.48703176736416,0.5322991128019309,-4.539062230212781,0.0967726721262118,0.2141857897519769,0.1698309150453134,0.3313854776433821,88,Korean,happy
Shake It Off (Version 20),Taylor Swift,0.8210003869631557,0.7080679569243005,108.5725576803647,0.8489057676814109,-7.828724956426285,0.1986781691271786,0.085282227878255,0.0527508217099478,0.2703451939121078,62,Spanish,happy
Uptown Funk (Version 20),Bruno Mars,0.6217328139291615,0.79945809365048,119.055207715667,0.5000606118520184,-5.910966886102162,0.0187407634110412,0.0828508673462698,0.1501860028674717,0.071941367567653,39,English,happy
Good as Hell (Version 20),Lizzo,0.9357353969424008,0.5015279690634332,114.80943215211414,0.8334068252684321,-7.469838802165546,0.0407569552264054,0.1080701756401283,0.0759668586853693,0.3449491657561942,46,English,happy
Girls Just Want to Have Fun (Version 20),Cyndi Lauper,0.7253391670340572,0.8155729887104028,153.5123286886441,0.6952178388094383,-2.720454849164864,0.1509272215852771,0.2892235249470324,0.0451792191693474,0.2904567432761349,71,English,happy
Dancing Queen (Version 20),ABBA,0.7975256161827715,0.6550595221822588,137.96271272491606,0.816735691235449,-9.965093842797527,0.0667812354988794,0.2139138151902956,0.1432855203082951,0.388116626795037,21,English,happy
Don't Stop Me Now (Version 20),Queen,0.9044151161003132,0.8803090830925353,142.15243009208842,0.6341234938877494,-9.157080621993147,0.3127295453379742,0.1932447664427747,0.0381916221068603,0.1760176630653424,21,English,happy
I Gotta Feeling (Version 20),Black Eyed Peas,0.9827199261937144,0.7001604582840805,125.96374816118228,0.7059648223216822,-8.32893820795869,0.1474828683459181,0.1109439767961529,0.0389003534318703,0.3186486699812714,72,English,happy
Levitating (Version 20),Dua Lipa,0.7666017727615516,0.8288719547265693,151.02088006719373,0.5953973246143961,-4.741172142638972,0.1889127216651926,0.2640470213764455,0.0666759154599972,0.2872346201085155,77,French,happy
Blinding Lights (Version 20),The Weeknd,0.843100848901089,0.6181205910287331,108.19605421907036,0.7932378922147745,-4.0912203349413545,0.12625093750534,0.1934497812066941,0.0971722542939555,0.2996224091489162,54,English,happy
Watermelon Sugar (Version 20),Harry Styles,0.6796861099576212,0.8560860010544697,117.2445757879348,0.6655036944902688,-9.535264383357202,0.0446048849285105,0.1547585708136984,0.0754907550437551,0.342418079009768,65,English,happy
Dynamite (Version 20),BTS,0.6058773554619815,0.6516376194687745,120.24073280614556,0.5086974339129204,-9.005052807995918,0.1654570699674541,0.147859375334234,0.0987292570333277,0.2358281874442328,12,English,happy
Peaches (Version 20),Justin Bieber,0.8380526699622726,0.5039695284511343,127.84570956721024,0.9335746583994148,-5.84774175896361,0.2710169069835813,0.0935591573750649,0.1615785342859696,0.3205225186566403,49,English,happy
Walking on Sunshine (Version 21),Katrina,0.8085184190616556,0.8904055293116855,107.5330128857592,0.5076264492003114,-3.838734305943232,0.322862214945953,0.0360621687361728,0.075149081602963,0.0561433271783201,86,English,happy
Happy (Version 21),Pharrell Williams,0.7173234443122258,0.8092567495674686,131.07763166275473,0.6566430169257296,-7.026085640749358,0.0005414502861872,0.0899401582695707,0.1398979860784482,0.390968055335725,21,Korean,happy
Can't Stop the Feeling (Version 21),Justin Timberlake,0.9388243307935598,0.5094379858582117,153.91363628049035,0.8524392859843817,-3.7569910114321567,0.1831983036014286,0.1194015878863508,0.0814956739016427,0.072993200634028,19,English,happy
Shake It Off (Version 21),Taylor Swift,0.6912941453974797,0.5986414539912098,129.0446241826121,0.8363499829685123,-6.209521372816427,0.0231377797788642,0.2873369402964612,0.190263134245999,0.3248163401019429,62,English,happy
Uptown Funk (Version 21),Bruno Mars,0.9965311606256884,0.7177929331201052,157.76610101519236,0.5340222682775378,-7.0745540139090295,0.0901525072027063,0.058749925240281,0.0539365013117549,0.2678447745480988,17,English,happy
Good as Hell (Version 21),Lizzo,0.912528742298922,0.7313193597681442,108.81776257529258,0.8650056964700619,-4.912362342690172,0.1552662824507982,0.2232927001118644,0.0741838464712816,0.1708172729729737,19,English,happy
Girls Just Want to Have Fun (Version 21),Cyndi Lauper,0.966994337252796,0.6162018022685681,128.1992960894762,0.9005635118282065,-4.33822919785978,0.0248812904658811,0.0441909132836911,0.0313330704312258,0.2708226265802072,58,English,happy
Dancing Queen (Version 21),ABBA,0.7790693701641673,0.5537099403609103,157.47604726340623,0.7383468757755289,-8.064853647096886,0.200241428461883,0.2038860998205323,0.0429606670555059,0.1461463352667622,67,Spanish,happy
Don't Stop Me Now (Version 21),Queen,0.9227861963535976,0.6838659481610645,132.79462852193768,0.6947672009942611,-9.64880045885596,0.0662999119280623,0.1336624916225672,0.0655615291193477,0.0674926600308875,13,English,happy
I Gotta Feeling (Version 21),Black Eyed Peas,0.9374598656207296,0.8924770116656464,147.58857243980435,0.8842032147671002,-8.064182957463636,0.3842507902052799,0.0590777113360285,0.1917430677615115,0.3981867528880828,72,English,happy
Levitating (Version 21),Dua Lipa,0.8846891222984195,0.8924574927167288,134.17238677402622,0.6167938024292406,-6.504032914675033,0.2374243741515144,0.0219244686081044,0.1357983549849318,0.3934122428668031,37,English,happy
Blinding Lights (Version 21),The Weeknd,0.676043059913491,0.8170380465153533,154.47392762677717,0.9246657167690993,-2.3189151647564223,0.3596968013237788,0.2931923723974511,0.1587427352128546,0.1065850026829366,90,Spanish,happy
Watermelon Sugar (Version 21),Harry Styles,0.790760042587188,0.7873324701488016,114.840418949145,0.7882768325969993,-4.667196167627046,0.0650798975234263,0.1695255937358268,0.1611765748663633,0.2246134825875796,62,English,happy
Dynamite (Version 21),BTS,0.6048412467104429,0.5036153876317169,121.42176063820074,0.916787330794302,-8.170585763171129,0.2537454755486749,0.0666227612079961,0.0846838982421232,0.3468147313605194,42,English,happy
Peaches (Version 21),Justin Bieber,0.8915445769079787,0.5381597109252843,125.72212125918604,0.513126393640369,-6.152878827175928,0.2649736046804272,0.0355507870794454,0.0791104396145581,0.1892428189257549,51,English,happy
Walking on Sunshine (Version 22),Katrina,0.96781240986242,0.8973020061691857,102.69467793973696,0.8424535655729264,-7.026207468781254,0.156983274491792,0.2262794920041068,0.1861324934647194,0.382825008075892,73,English,happy
Happy (Version 22),Pharrell Williams,0.8308490344153283,0.6428484637202011,147.25294515152677,0.6129506224680351,-5.487407769331858,0.1434313846099492,0.1969893221123628,0.0708678151918961,0.117057531007189,42,Korean,happy
Can't Stop the Feeling (Version 22),Justin Timberlake,0.9672956346701748,0.5407214731798148,130.3574744640959,0.5993837523333541,-9.68856029339466,0.0144075273165705,0.2232927001118644,0.17735096026602,0.1488675603919593,11,English,happy
Shake It Off (Version 22),Taylor Swift,0.9801836682301184,0.7326489171956774,126.19685138612596,0.7610399756012545,-5.866412918189858,0.3035105015029301,0.0847488197918556,0.0900185665720514,0.3629330058866378,15,Spanish,happy
Uptown Funk (Version 22),Bruno Mars,0.9785826052601622,0.8570232909945898,125.1668796374388,0.8511644763530968,-6.18931413359121,0.1990159408584408,0.0614040327171851,0.1304921515539478,0.1151475642136717,73,English,happy
Good as Hell (Version 22),Lizzo,0.7326258796268775,0.8420120806479741,112.42454855265132,0.5320212283280448,-9.44793925909747,0.3763138082012431,0.1520761313885504,0.0996000522088931,0.3338075033527715,70,English,happy
Girls Just Want to Have Fun (Version 22),Cyndi Lauper,0.9343303711642064,0.6328764132462419,141.6170834484277,0.847005267133349,-4.762794505072364,0.0606380299200397,0.2627649250551171,0.1216460739651214,0.1488653492295013,78,English,happy
Dancing Queen (Version 22),ABBA,0.7700912741750776,0.515028436159563,107.67200807334504,0.8444960377321373,-9.99990692195707,0.1666263313929168,0.1567530543256765,0.0392878514001652,0.3905773570403165,47,Korean,happy
Don't Stop Me Now (Version 22),Queen,0.6904501324998688,0.6216794878545123,118.23655073530163,0.6036874979528074,-9.98820942330951,0.2917379176351986,0.2900536499397856,0.0681298921584576,0.2820665171311978,32,English,happy
I Gotta Feeling (Version 22),Black Eyed Peas,0.896758530783486,0.83937015163621,125.35775182081656,0.6363189075381932,-7.397638927815751,0.2850485332394051,0.2450338399516908,0.0608743745186224,0.1798293528552178,62,Korean,happy
Levitating (Version 22),Dua Lipa,0.96077607869966,0.8226774078778958,159.09150416574855,0.8394117168569364,-6.854438391776622,0.2362551335978551,0.198304276274196,0.043337488773911,0.2405739356863528,44,English,happy
Blinding Lights (Version 22),The Weeknd,0.8837283313890438,0.5669285216004242,146.83790304553344,0.7626977512313502,-2.382225714419243,0.0169689192827566,0.07959784126664,0.1322641594809701,0.1537959692720757,40,English,happy
Watermelon Sugar (Version 22),Harry Styles,0.8857696656284968,0.8036021130087725,106.15095784398846,0.7312345088930454,-5.928875555271553,0.1477123080862164,0.2798774587709016,0.1706760743784476,0.2940232836683729,24,English,happy
Dynamite (Version 22),BTS,0.885730654293999,0.6846864575252476,155.25967126579457,0.8125679422639784,-4.1681515067534685,0.3446763615149381,0.0822214768026573,0.1672020536573395,0.1183342110347722,99,English,happy
Peaches (Version 22),Justin Bieber,0.7381367808979551,0.6342441817079371,158.71152810334843,0.885441750686567,-4.390641107277922,0.290822704646156,0.1686218383207713,0.1910054134084482,0.2236905635088265,41,English,happy
Walking on Sunshine (Version 23),Katrina,0.7522070839479578,0.5652141347726364,147.1723391356635,0.8304997694340162,-6.925159691806921,0.0100773655836917,0.2516991983154032,0.0319410571871925,0.2962949228701678,20,French,happy
Happy (Version 23),Pharrell Williams,0.9881028438904228,0.6750645312592813,114.09840429975716,0.8171919545195218,-3.462974863875319,0.2185721264311389,0.2901105825768438,0.0387836826818533,0.2266784594065848,47,English,happy
Can't Stop the Feeling (Version 23),Justin Timberlake,0.88738157892902,0.8450561884596717,110.7553367144674,0.8600015667936566,-5.578343394251638,0.1586214727959853,0.039514508573728,0.1771002790145151,0.1050456228629003,69,English,happy
Shake It Off (Version 23),Taylor Swift,0.7239151436836397,0.6160182127849747,152.28484205145125,0.802716347394004,-3.626548822469021,0.1001871595169996,0.1874622298820996,0.1271968171344372,0.3414906318758949,68,English,happy
Uptown Funk (Version 23),Bruno Mars,0.9624348241925044,0.5048627085909547,140.44119514352755,0.523326109603878,-5.609130679381153,0.1150530916174712,0.0920329798566423,0.0900029455869006,0.2674523571673635,83,Korean,happy
Good as Hell (Version 23),Lizzo,0.7336199862675077,0.7930796202361121,124.27164313443218,0.5307589401394813,-3.729921260127142,0.1143033298370824,0.1298300638797787,0.1465254601477232,0.1663596550020492,68,Korean,happy
Girls Just Want to Have Fun (Version 23),Cyndi Lauper,0.6226342624586862,0.6495684188051254,156.66691496165822,0.7887804787843511,-4.628166810662345,0.2529128614550559,0.059697641687831,0.1011167568973876,0.3128289294271614,23,English,happy
Dancing Queen (Version 23),ABBA,0.6405491590212636,0.6111411104358849,116.5791465079512,0.6944085174175276,-2.1570500724625195,0.0270010186735287,0.1556102983141785,0.0604919959420757,0.3897367908934104,64,English,happy
Don't Stop Me Now (Version 23),Queen,0.6453214018909856,0.6614404009446365,144.27309909007636,0.8170494926123504,-6.618170904848542,0.1386096671810873,0.1192837135658611,0.0749269647369686,0.1218665285473799,46,English,happy
I Gotta Feeling (Version 23),Black Eyed Peas,0.793215879023556,0.607413502427043,117.247699893835,0.7955402285635507,-2.2517013464008624,0.24145488022375,0.0230938401194898,0.0428492143551913,0.3829981272959481,21,English,happy
Levitating (Version 23),Dua Lipa,0.7189163161229335,0.5368267944329902,135.94267522902288,0.7806419502306197,-4.811961439050495,0.1069608111430165,0.0045332052643425,0.1940526128072602,0.1378125659918858,24,English,happy
Blinding Lights (Version 23),The Weeknd,0.870410515221019,0.7826519479514839,136.60044502476916,0.6408083273961417,-7.831229969887474,0.2390673130810812,0.2598286900835074,0.1909447339169772,0.0870670315413151,28,English,happy
Watermelon Sugar (Version 23),Harry Styles,0.661931445039088,0.877894503513232,144.19211370008756,0.8973472211733978,-8.378938926917254,0.2350343484437607,0.2103418783252421,0.1456190205259853,0.1928530918033443,59,English,happy
Dynamite (Version 23),BTS,0.6061579566765234,0.7331704227217053,115.18609235077652,0.7026144107643006,-2.339351879329461,0.1596141270569739,0.251940481999328,0.0620519029773726,0.2853611743087601,88,English,happy
Peaches (Version 23),Justin Bieber,0.9908027817755772,0.5407572403491747,100.49919653363152,0.6951122566846765,-9.258996135589062,0.2993537398704926,0.2743645991545677,0.103783565360489,0.1405490747544043,41,Spanish,happy
Walking on Sunshine (Version 24),Katrina,0.7737613276026439,0.7893791271400004,100.54324969482226,0.7652542952681137,-5.093666520900968,0.2550752987583742,0.0726066239942631,0.1513889629742815,0.0819870202161217,58,English,happy
Happy (Version 24),Pharrell Williams,0.6797081345867203,0.8509880186617929,144.32338904359398,0.5061854993051054,-8.012989917041597,0.0857625931972658,0.0812418984110917,0.0720851609475806,0.071884203509996,60,Korean,happy
Can't Stop the Feeling (Version 24),Justin Timberlake,0.7835762066387282,0.7930933899144661,136.40390348304618,0.8027922508691359,-9.350806571710088,0.3805962840707149,0.2515475501529074,0.1668653541442626,0.3380443317646186,45,English,happy
Shake It Off (Version 24),Taylor Swift,0.9730842032531044,0.7177015864454791,112.01692107205756,0.7775526235336435,-4.056948050656488,0.2951669573416102,0.156434707250064,0.0416379822867082,0.1798895284505447,22,English,happy
Uptown Funk (Version 24),Bruno Mars,0.9683066433853428,0.7337795639029704,132.2999165953428,0.620984081471987,-7.052408640667369,0.3581384356612677,0.1999389142580507,0.1638557945478966,0.2090208980736793,48,English,happy
Good as Hell (Version 24),Lizzo,0.8520988877824631,0.599353443497283,142.32764981700916,0.6924206001665018,-6.459635881482035,0.2597289298307527,0.280884186440678,0.0408810789234655,0.3386601330714526,17,Korean,happy
Girls Just Want to Have Fun (Version 24),Cyndi Lauper,0.7169532441648773,0.6775677818025512,101.31479972650054,0.6354707350254408,-5.978950058958956,0.0224704309389756,0.1473287188149495,0.1876088069059326,0.0868876263377318,77,English,happy
Dancing Queen (Version 24),ABBA,0.9057762912302018,0.663868421350397,139.31042287146028,0.6171064690933532,-8.724061899669135,0.0641850457084905,0.0211475836929433,0.0615599398332113,0.2824767847461389,84,English,happy
Don't Stop Me Now (Version 24),Queen,0.9526762447374032,0.8256502742364648,141.10805859246904,0.5496943385349962,-7.686500429632401,0.1239227501289876,0.0749870839192863,0.1175509621506529,0.2374438352078854,52,English,happy
I Gotta Feeling (Version 24),Black Eyed Peas,0.7427543900684441,0.6415156634945745,149.71333587436487,0.8551817817438585,-7.537633346554035,0.3655153775493037,0.2858445051007518,0.0855462321451069,0.1740487320775692,84,Spanish,happy
Levitating (Version 24),Dua Lipa,0.8022536613687835,0.8764483250134694,152.5791659885387,0.5461555831626154,-6.85815405382867,0.2213484758999087,0.150939741765462,0.0629567215492717,0.3505858699088541,34,Korean,happy
Blinding Lights (Version 24),The Weeknd,0.8707763131987349,0.8351633499407214,151.52585676096834,0.8367601341495828,-6.486315190002261,0.2442187020061698,0.0481096218359229,0.1445197209707343,0.1127386395087482,21,French,happy
Watermelon Sugar (Version 24),Harry Styles,0.8775798362040628,0.5918392643015875,107.0530780090132,0.5743780205643308,-9.98406291824744,0.2874958471414121,0.2197203147175137,0.1175386694852541,0.1064769803693843,97,English,happy
Dynamite (Version 24),BTS,0.6334217350042759,0.5076515865749148,109.94489061791325,0.900884990742416,-8.067705266386547,0.1417085308868862,0.0316036453443999,0.0678014218071889,0.2317285997730718,74,English,happy
Peaches (Version 24),Justin Bieber,0.843101073238261,0.5981409256664845,103.46392955350704,0.6759647911073294,-8.126373032589328,0.0878215692919207,0.2879588408140365,0.134771082607373,0.2449074551102336,46,English,happy
Walking on Sunshine (Version 25),Katrina,0.7663100414093288,0.6715777333720577,132.45430023028484,0.8133934131662482,-4.3828312305453645,0.0686775630821798,0.1500338256229881,0.1000328761557973,0.3546844381942844,62,Korean,happy
Happy (Version 25),Pharrell Williams,0.8525675684873506,0.7130016265663928,106.92367853073505,0.7725370501955351,-9.062368754558133,0.3596968013237788,0.0428525894442995,0.1476525199941427,0.1221882398426534,70,English,happy
Can't Stop the Feeling (Version 25),Justin Timberlake,0.7567437492752104,0.8582699110475115,112.2589830039382,0.7285122787814506,-6.645826710671824,0.0072496164182918,0.2378274340718438,0.0417378040734819,0.2159892573419338,82,Korean,happy
Shake It Off (Version 25),Taylor Swift,0.82427131797558,0.7513705826458348,141.31789775847253,0.6139725725852218,-9.920169786732403,0.2893774649419648,0.1606969798042735,0.1721400095452323,0.337485927015243,11,Korean,happy
Uptown Funk (Version 25),Bruno Mars,0.9373304671151532,0.6940378639918161,120.01770375021194,0.8562011911661165,-6.389647095765961,0.0733768785613738,0.2564922058684423,0.180035179051299,0.2132084146490595,17,Spanish,happy
Good as Hell (Version 25),Lizzo,0.630279890923915,0.6551304359667725,148.2122595677562,0.9057983128458028,-8.372218060019232,0.0267894448101086,0.2632051359398515,0.0961988396264088,0.2396163374936471,35,English,happy
Girls Just Want to Have Fun (Version 25),Cyndi Lauper,0.9872263248203036,0.5266258911656891,138.89908044712573,0.5333474401586902,-6.996248572267997,0.3215258180773787,0.1300416698266903,0.1995210001635015,0.2456707497313107,49,English,happy
Dancing Queen (Version 25),ABBA,0.7284648610543814,0.5880445303619013,121.03123205716972,0.6676399731917979,-9.450290578208312,0.1478296797707092,0.1392715559217674,0.1528654178805968,0.2798553196525628,44,English,happy
Don't Stop Me Now (Version 25),Queen,0.8835062620916616,0.5033454727507428,113.06004397483215,0.7977579297799353,-6.128085054562023,0.0021253902673383,0.2413483927295467,0.1613776274593573,0.2419467070477469,63,Korean,happy
I Gotta Feeling (Version 25),Black Eyed Peas,0.6265853303105088,0.8066060198130338,135.02281526388185,0.8518819897210816,-3.9860240608332766,0.3212008287831349,0.1554024199213874,0.0538551680928975,0.284905115682891,44,English,happy
Levitating (Version 25),Dua Lipa,0.8481895140207882,0.7969012748796349,110.19286036304412,0.5877388399551301,-2.876723862245372,0.2999911193808283,0.2724685466100968,0.1589816045978665,0.2590043570966057,49,English,happy
Blinding Lights (Version 25),The Weeknd,0.8616530948111494,0.8556511695760041,134.72840527071642,0.7845760959477743,-8.748186271971196,0.1895684880464411,0.2149191335874296,0.0760602587137821,0.1207889631835872,83,Spanish,happy
Watermelon Sugar (Version 25),Harry Styles,0.7255307232897662,0.5966002511971333,112.89475822218375,0.6911828792906392,-2.7372918889317277,0.2028238586954873,0.0563761142445969,0.0430851837947485,0.2936546507982738,62,English,happy
Dynamite (Version 25),BTS,0.7531195057745551,0.8287323786341437,139.5706461184462,0.8583086527436158,-7.82443168465241,0.2769435689844232,0.0792185954081156,0.1896416415065495,0.272730998536681,81,English,happy
Peaches (Version 25),Justin Bieber,0.7298047200701369,0.6078047449169091,111.4555951042986,0.8125884315021774,-8.250275096016582,0.2381213063709956,0.0793905080776072,0.1425347206149576,0.3352289049891887,84,English,happy
Walking on Sunshine (Version 26),Katrina,0.9112100972578612,0.8043405323723127,111.26334434153512,0.5397732261430335,-4.408409372100915,0.1473388855177405,0.1297038679210042,0.0352953457748764,0.1408517572462672,80,English,happy
Happy (Version 26),Pharrell Williams,0.6134705615497856,0.851674309040499,114.60380099311185,0.7508017263078536,-9.688165434710957,0.2667389565222632,0.0969082037262281,0.1826462617828032,0.3608413661269125,47,Korean,happy
Can't Stop the Feeling (Version 26),Justin Timberlake,0.7301162473446992,0.8603843582761872,159.76946040992672,0.8714370488557766,-3.241029217958168,0.0996034944436359,0.1730107196573269,0.0414335053744525,0.0832212778875844,58,English,happy
Shake It Off (Version 26),Taylor Swift,0.9995570448133162,0.6306556997703644,144.89103472293078,0.8629992738620673,-3.1358138319421665,0.3990513189608626,0.0724489455770603,0.0368596405661489,0.1939170312981051,29,English,happy
Uptown Funk (Version 26),Bruno Mars,0.6520322679315788,0.5089703556648221,121.62560962848916,0.8526822129838564,-5.470554470199433,0.1251111956841416,0.1963026016478159,0.0694430906524978,0.0550335061252297,61,English,happy
Good as Hell (Version 26),Lizzo,0.905741354574571,0.7494972339456036,145.73815747005762,0.5175221075094495,-3.3030429773547825,0.2478104800145213,0.169018605213792,0.1361843881794703,0.3525516364039274,15,English,happy
Girls Just Want to Have Fun (Version 26),Cyndi Lauper,0.8347746026235628,0.7323801519552717,159.44074942394593,0.8405285751808556,-6.461649556390918,0.2829588000131711,0.1167691415075365,0.0689088286221948,0.2588981569107158,78,English,happy
Dancing Queen (Version 26),ABBA,0.9712728392455806,0.8716558080061851,120.51431668632942,0.7374548597997628,-8.30691281144111,0.3982524437995534,0.2943353723603807,0.140416518050266,0.3315449208871157,30,English,happy
Don't Stop Me Now (Version 26),Queen,0.88604006451348,0.7372632876157873,103.20087981933386,0.7046439541486975,-4.601709582660716,0.2710126455534739,0.111936785526715,0.1900876377318652,0.1085749612828733,17,English,happy
I Gotta Feeling (Version 26),Black Eyed Peas,0.8001437784862242,0.7763535906203292,141.82814835350854,0.7918875305459669,-7.797694292385119,0.0624826274746487,0.1907820980480132,0.1318813597437044,0.1127746036012343,24,English,happy
Levitating (Version 26),Dua Lipa,0.8820556582282253,0.6820687966934625,140.06563549618917,0.8768151858965678,-8.642172571384615,0.0076579471987346,0.233730775918736,0.1336485622759447,0.2948738493677426,28,English,happy
Blinding Lights (Version 26),The Weeknd,0.9352619899954572,0.8211243739298002,157.65520881572948,0.7411707854834532,-6.092034938720757,0.160754879956292,0.0461073128532613,0.1273432295899438,0.1469543835140925,14,English,happy
Watermelon Sugar (Version 26),Harry Styles,0.9685230048851902,0.733276321710839,135.5704108304866,0.6597160973946545,-9.58408518417834,0.0126975061491954,0.1270005432459592,0.0443761142765304,0.2623964344390487,56,English,happy
Dynamite (Version 26),BTS,0.952389202255863,0.8531659266074889,139.54272460793393,0.595054324162819,-3.0960253491290235,0.3544373741252833,0.0589960754858876,0.1553624345810151,0.150281842124493,44,Spanish,happy
Peaches (Version 26),Justin Bieber,0.9210561249411718,0.8988951599614411,101.80156031976357,0.9038146396059192,-5.018955731210736,0.3893530476659285,0.1395028552579282,0.1740559481971335,0.071837924009397,23,English,happy
Walking on Sunshine (Version 27),Katrina,0.7341116200313182,0.526806615100484,158.52058800874423,0.8676382582723265,-3.179620630032236,0.3751860925735577,0.0255310458359356,0.0955515907272666,0.0748622111654007,15,English,happy
Happy (Version 27),Pharrell Williams,0.6843172406200114,0.5917463108150689,128.14643266285472,0.6208529753541392,-9.192175145457911,0.066996435637643,0.0441826690656272,0.1954230556450907,0.3157523774214658,61,English,happy
Can't Stop the Feeling (Version 27),Justin Timberlake,0.9871045861078248,0.6758961946031634,116.7021088997594,0.859231938744134,-7.389968655670826,0.3596968013237788,0.0697517976623493,0.05204542629812,0.1397620713558681,89,English,happy
Shake It Off (Version 27),Taylor Swift,0.742127899389555,0.7695976832582923,103.7538905331671,0.5947281228494044,-3.527810877666589,0.0587687694335083,0.1027935439567564,0.1769920167158838,0.1042238589002049,96,English,happy
Uptown Funk (Version 27),Bruno Mars,0.6330947342472759,0.6938151980320043,118.14517067671218,0.7535337640177343,-3.569560876132199,0.0548593952610972,0.1742097253662854,0.1159364892662768,0.1004275751046198,18,English,happy
Good as Hell (Version 27),Lizzo,0.8495993942115929,0.6094561671443086,129.27005911264075,0.5370225459246778,-6.323327542291016,0.1225853872171281,0.2467143633556063,0.0396863835895526,0.1965125462214155,26,English,happy
Girls Just Want to Have Fun (Version 27),Cyndi Lauper,0.7833725696525752,0.7900024305196476,134.45725450541266,0.8002455517373814,-3.783605714785951,0.3448811894632755,0.0941626490167411,0.1214638599118635,0.3440378274537199,68,English,happy
Dancing Queen (Version 27),ABBA,0.9957804523860224,0.8558077244175053,122.2880357574626,0.5878249327483926,-6.08485970074729,0.2966565807344169,0.1477707212259892,0.1121407467633236,0.3433806473786302,95,Spanish,happy
Don't Stop Me Now (Version 27),Queen,0.7445615116268746,0.8439178699246583,124.40828805710342,0.6477048975552527,-6.368080710402408,0.3049787834699474,0.0378006083591982,0.0633912666982429,0.3830056889820822,36,English,happy
I Gotta Feeling (Version 27),Black Eyed Peas,0.6701966509525429,0.7270909271724219,134.75886799971627,0.7203310079226102,-4.842038011385451,0.0919306903190473,0.1657986803330244,0.0932694533919725,0.2815835408702162,25,English,happy
Someone Like You,Adele,0.0493135117195787,0.3074246754662936,72.29237212467001,0.2432558866116577,-10.209893332313552,0.7105885493552069,0.4744903335235007,0.038532352154305,0.1455348687081423,74,English,sad
The Night We Met,Lord Huron,0.2218927213129417,0.1307032247554952,60.209372181397896,0.368173733518767,-17.163609663971293,0.5464732859997671,0.2448220380160163,0.0740075900769716,0.0560012612112222,18,Korean,sad
Skinny Love,Bon Iver,0.1341486424869849,0.1708329021589159,64.92120945506844,0.4826881735557399,-18.012805499156688,0.7371937705419617,0.1576818716330587,0.0711091268342219,0.1092309984741808,61,English,sad
Let Her Go,Passenger,0.0387862683861699,0.1716126549766335,99.8757022648243,0.3710183220735104,-19.06142248029046,0.5850539237200609,0.4612171418280622,0.0294555432112268,0.120150203309479,78,English,sad
Fix You,Coldplay,0.1399751414282856,0.4129703248851152,109.62573100809855,0.1962682059028612,-12.513853317258388,0.7983736562590749,0.1123286988208833,0.0719132354258989,0.1524182173231297,72,English,sad
Liability,Lorde,0.3912882674106233,0.1723567605515593,99.9578985552391,0.2336770856692439,-15.382593084476792,0.5520066025773978,0.28917988155827,0.128239530532397,0.251041391245971,85,English,sad
Hurt,Johnny Cash,0.34656927341588,0.1238469301378636,94.60252765198724,0.1559949506887051,-21.68362863963178,0.6291530490328131,0.2013697423734153,0.0875495178543909,0.2991315771996548,67,English,sad
The Sound of Silence,Simon & Garfunkel,0.0540869254851418,0.3701824181345702,79.80004831928076,0.1532039195629315,-26.82526473251381,0.8695638637473702,0.439800748355881,0.1379154548539528,0.2978831939568466,70,Spanish,sad
Mad World,Gary Jules,0.0833261560034071,0.2421757349456247,93.46095149624333,0.2935210159442589,-21.63220933243333,0.5146867496013559,0.2968903159717261,0.0948271457232106,0.09036445851606,52,English,sad
Tears in Heaven,Eric Clapton,0.1886959350073756,0.3213887104839399,88.51434693656952,0.1840428771649407,-15.154572154954264,0.3151194568926417,0.1774159277715813,0.1214276443096323,0.1909732302638506,51,French,sad
Creep,Radiohead,0.1044649730043441,0.3779812477372191,88.36954720780366,0.4184974437825549,-15.299496276203532,0.6660647532217409,0.244088837655407,0.037313676336778,0.1153332544713459,54,Spanish,sad
Nothing Compares 2 U,Sinead O'Connor,0.1676397891668341,0.3397197148025555,85.68539276076524,0.2152738103838118,-29.87071284420579,0.5977435331404883,0.1428129942811215,0.1154990790923695,0.0559865663176208,82,English,sad
All I Want,Kodaline,0.2339311245223163,0.4765896950024262,68.72046335557498,0.2886597963002382,-28.17156016365724,0.6754091473568116,0.2752658402981128,0.0729575181476682,0.1803442553684353,30,English,sad
Everybody Hurts,R.E.M.,0.3586298633876041,0.1785177209244268,61.12822558526736,0.4446659538796403,-18.45765835224187,0.8343950732771055,0.2984726117065863,0.1253209416947613,0.1574183408387869,84,English,sad
Black,Pearl Jam,0.2999439725153075,0.4652165867559424,88.60614818611032,0.1723140602249518,-24.62404769939604,0.4191867461384435,0.1234285137978664,0.0598340084156347,0.1887834466882971,57,Spanish,sad
Someone Like You (Version 2),Adele,0.2351966517855331,0.2705998988967444,90.77103899104176,0.1326299702445463,-28.2442352588368,0.4030976762145951,0.2590387490201724,0.0478193082307807,0.1208211008731443,41,English,sad
The Night We Met (Version 2),Lord Huron,0.1601251344691976,0.424746449604152,60.69310679564301,0.3597515280946489,-16.622469379186292,0.779193468213982,0.4663764695301566,0.0226179203634076,0.088445926378304,32,English,sad
Skinny Love (Version 2),Bon Iver,0.3544685176223972,0.2834074248748062,88.22953194667318,0.3652108814892589,-16.41866791008725,0.8590442419899049,0.4984747087058348,0.1136204699210222,0.1218053023012877,81,English,sad
Let Her Go (Version 2),Passenger,0.3519009609177375,0.1196883658163046,71.55404264372481,0.458954286985486,-24.876169711212903,0.4323906357730491,0.0690626465701236,0.1316845284940991,0.1750145647977716,34,French,sad
Fix You (Version 2),Coldplay,0.2699572812216619,0.1956265536300118,97.90202105056082,0.4040022179848394,-23.748039501834,0.5464095798061698,0.1048451387151004,0.1469529330319775,0.2114006442646029,41,Korean,sad
Liability (Version 2),Lorde,0.3738175522862062,0.2213542174516533,99.09454564984448,0.4063434575538968,-16.166886962669167,0.8793833851600803,0.1967776680531577,0.0369932520666684,0.2179272148110151,98,English,sad
Hurt (Version 2),Johnny Cash,0.2917239201908825,0.3300242293835259,70.34089465666982,0.3017823766677421,-23.75620526861741,0.5564799169000134,0.3226092879223319,0.1168779165498085,0.1080561727253357,13,English,sad
The Sound of Silence (Version 2),Simon & Garfunkel,0.1621301442587813,0.2076646283966516,69.93158069309345,0.4133548879983354,-11.814946111260152,0.522139311410746,0.3756394621868834,0.1366093876173734,0.2615310526325579,50,English,sad
Mad World (Version 2),Gary Jules,0.0731253554156903,0.4825167526053445,78.83382202147313,0.2356962644695345,-28.751373454444398,0.5917041924629298,0.0545068078204643,0.0523101767205653,0.1292356554418203,73,English,sad
Tears in Heaven (Version 2),Eric Clapton,0.3235305293966736,0.4501954601583586,75.12331587307348,0.4434792484978296,-12.85538125260418,0.7587905702309241,0.0733475570075907,0.1097419700970947,0.2862560161451422,88,English,sad
Creep (Version 2),Radiohead,0.2730161915068628,0.2326467396431336,85.02896587154157,0.3582900173404214,-19.78859182542993,0.3719717650385818,0.1560320223260103,0.1243114839719722,0.2653545115238793,21,English,sad
Nothing Compares 2 U (Version 2),Sinead O'Connor,0.0549200130862281,0.4809547009594899,76.44113089243046,0.364925495492288,-14.963497080866375,0.7871677407827301,0.472874851112965,0.0606795412437469,0.2646266136378886,96,English,sad
All I Want (Version 2),Kodaline,0.0526747613744828,0.3820163625414371,97.09888647569927,0.3710892964805282,-24.95370527729694,0.8238258882091221,0.0844292316851975,0.026972522897708,0.229366247652978,82,English,sad
Everybody Hurts (Version 2),R.E.M.,0.1901902860930935,0.4396392079834704,79.16985705291295,0.1673114354030851,-13.271156150602607,0.6293457789840431,0.0945978961951774,0.1136499198162379,0.1777784096223751,40,English,sad
Black (Version 2),Pearl Jam,0.2417251928961279,0.2843593352826328,101.43544919090031,0.4318250862732199,-15.812223563512276,0.3632408264378773,0.4194269309520344,0.1072316874692782,0.2242560415010748,53,English,sad
Someone Like You (Version 3),Adele,0.1451931361615486,0.4517118224628027,96.26858001174288,0.1450361866116778,-21.844439311876748,0.8318282171760851,0.0235983508486894,0.1449841605534664,0.2197906420798906,66,English,sad
The Night We Met (Version 3),Lord Huron,0.2525503910573506,0.2082237025951965,72.43958943695885,0.4768232877954382,-24.034550915317546,0.7653031780313997,0.1965608991035395,0.0381030292020115,0.0526788244238397,95,English,sad
Skinny Love (Version 3),Bon Iver,0.2177029348061003,0.490311527419573,78.45680969046023,0.2428769335972179,-23.11816764301116,0.6123263023829151,0.2203324417121467,0.1343889014745118,0.1763801979308725,96,English,sad
Let Her Go (Version 3),Passenger,0.2031031352754275,0.1553486378882226,109.1369770455193,0.1999891563475319,-28.532718650807947,0.6978877493851253,0.2976831850784363,0.0739689350190569,0.1555480584701695,53,English,sad
Fix You (Version 3),Coldplay,0.3140255684185725,0.1782850560398596,101.01266594724449,0.3594988455580072,-21.62060452440951,0.5748171699503213,0.1283236035930479,0.1177748632506067,0.1782186855763169,50,English,sad
Liability (Version 3),Lorde,0.1283418170999374,0.3384200463043801,109.78672260256616,0.2741049118626215,-11.586171984427608,0.5070101039547397,0.0273663534624929,0.0465514738278957,0.154673785831921,49,English,sad
Hurt (Version 3),Johnny Cash,0.0878539714378276,0.1000908152873022,105.75007688737637,0.4375517644923716,-15.15415537026106,0.4006887573876171,0.060181788104993,0.0287886174314098,0.2310072971932303,75,English,sad
The Sound of Silence (Version 3),Simon & Garfunkel,0.3715231842751541,0.2722143283652148,65.9570335998024,0.3049571282928426,-23.0233618508274,0.5248949546099986,0.3106653120778536,0.1134333547240863,0.0776508997182902,84,English,sad
Mad World (Version 3),Gary Jules,0.0142360923225905,0.497732121074286,71.6364174457776,0.1215322099633836,-26.2024934180816,0.3233747078090785,0.1959054473085858,0.1243122319786721,0.1353111124394301,64,English,sad
Tears in Heaven (Version 3),Eric Clapton,0.1776733627513466,0.3702347094269755,85.44470350349401,0.4445782744085297,-12.67928649908487,0.3059464172946922,0.3890231532415996,0.0798953680314176,0.2972101353259158,43,English,sad
Creep (Version 3),Radiohead,0.193292830350174,0.494758378155319,97.72846806028684,0.1994419538453225,-19.23210041426085,0.8952813836871498,0.4287653038759618,0.0326576961928587,0.226592999202499,38,English,sad
Nothing Compares 2 U (Version 3),Sinead O'Connor,0.1382318343483252,0.1027929047521392,80.17404845134998,0.1939017686899885,-13.622614589590569,0.5023983653074593,0.4137618469769085,0.0200777320485233,0.1269547875065297,29,English,sad
All I Want (Version 3),Kodaline,0.0964660857231047,0.1934269444274444,63.40933098827313,0.1748497081642007,-18.889008602287603,0.4748166437026467,0.2086973911645739,0.0689926944451345,0.2689762312499736,71,English,sad
Everybody Hurts (Version 3),R.E.M.,0.3621195996042062,0.297182788662344,76.50779751578023,0.1427202816009454,-10.9319424123581,0.3361361669401784,0.1488251387841402,0.0587486061521005,0.1301003215350537,95,English,sad
Black (Version 3),Pearl Jam,0.0657147373089637,0.4132645723694789,66.12489309829947,0.3539626636612651,-27.52307946588365,0.3423213825557739,0.4547147518429382,0.0447167396214317,0.2553125386399261,14,French,sad
Someone Like You (Version 4),Adele,0.2178523484428543,0.1311426078435078,107.77240957190338,0.198784466796757,-12.80709309294787,0.4012860034707385,0.4269714410709264,0.0217197456776882,0.1779451141423702,87,English,sad
The Night We Met (Version 4),Lord Huron,0.3077770317686227,0.4739182069971134,105.46010681032436,0.4278499478190579,-12.236173006773916,0.4195318115022459,0.1420921478558643,0.0575659082397376,0.1442634827504247,62,Korean,sad
Skinny Love (Version 4),Bon Iver,0.1573282681540755,0.3178221298618702,67.99398816832206,0.3764986655143957,-26.64866921390987,0.4861850892627285,0.251672565303077,0.123537272998052,0.2348673083096818,57,Korean,sad
Let Her Go (Version 4),Passenger,0.2582137425642089,0.162309304232068,87.35226728077889,0.1349786007199541,-22.452736464066984,0.5481099181739755,0.0199057197228769,0.0556184529310963,0.2889123668166223,17,English,sad
Fix You (Version 4),Coldplay,0.3814530431318758,0.2409308217010157,62.1550054474162,0.1716379757312726,-22.1556441313292,0.868667818781538,0.0705995317685924,0.1192570596768676,0.077170634843673,49,English,sad
Liability (Version 4),Lorde,0.3925030309565107,0.252646599643654,98.7617269449528,0.2370364331244527,-17.446622456823825,0.415209650844022,0.0730105096484812,0.141948338143857,0.2794118194761084,83,Korean,sad
Hurt (Version 4),Johnny Cash,0.3549875760851529,0.3501733800666374,100.41341056081392,0.1276147747645499,-23.304219162186417,0.4882218748542937,0.3178226609763066,0.0662745105511832,0.0871266954109202,44,English,sad
The Sound of Silence (Version 4),Simon & Garfunkel,0.2385868301654174,0.4257535682676326,79.10617472299866,0.1529074860393927,-26.066236053743538,0.4424899831016304,0.1499487964972681,0.1035633591658202,0.2002363711344297,82,English,sad
Mad World (Version 4),Gary Jules,0.2784319446268157,0.2450007938126052,101.19988259399892,0.1816350644623041,-20.61918504963692,0.7805632329248582,0.0900793238663096,0.0342822047863017,0.2709209919219974,27,English,sad
Tears in Heaven (Version 4),Eric Clapton,0.1371718651036783,0.3735480499636128,61.26743021319693,0.3760187553637798,-23.67797376906059,0.333444512152465,0.3049063807740585,0.0513044960895125,0.14670181051297,76,Spanish,sad
Creep (Version 4),Radiohead,0.0322323249146054,0.1588653004379781,74.89886177479218,0.1359038002240628,-11.783474706273694,0.303628225910387,0.2419301094321557,0.0360221695572316,0.1269197723694871,54,English,sad
Nothing Compares 2 U (Version 4),Sinead O'Connor,0.3704238239273062,0.1646778213095947,108.29161598591662,0.1823177507957687,-15.168677830663407,0.6280063589383871,0.4422393637983796,0.092019123215407,0.1836398047890771,97,English,sad
All I Want (Version 4),Kodaline,0.0781832001473599,0.1664917448206634,105.82445755577572,0.2311352795400136,-22.55835490074208,0.755894195057033,0.1694117412114036,0.1437681180630703,0.2344819422497001,46,English,sad
Everybody Hurts (Version 4),R.E.M.,0.238971697029368,0.452358064217901,62.48029541747414,0.2028250768756835,-20.6992733155818,0.4361871236829126,0.3719525936510759,0.1394970440369842,0.1559425299827308,75,English,sad
Black (Version 4),Pearl Jam,0.1368530400447579,0.4846202928550265,82.24262164137704,0.2956193601797133,-22.96700255316189,0.8457290838072831,0.2844777416409254,0.1190826963336138,0.2529516795877216,25,English,sad
Someone Like You (Version 5),Adele,0.1367396167669032,0.273477732528152,102.42358872031323,0.2453021406703241,-14.121297330962976,0.8645953935446624,0.3116051865340035,0.1164115473687455,0.2512743280102837,36,English,sad
The Night We Met (Version 5),Lord Huron,0.338015859558657,0.2580213351427184,62.56317295879991,0.2607505084946958,-16.524875404318205,0.5702102314684757,0.3744815754301993,0.0664077158309263,0.2086860352760073,20,English,sad
Skinny Love (Version 5),Bon Iver,0.0745679219415898,0.3997477746579828,87.28479844065129,0.1816257554186402,-24.161776530043856,0.7491652251490994,0.2232927001118644,0.0480840872510993,0.2918177975925744,35,English,sad
Let Her Go (Version 5),Passenger,0.2860500079267551,0.4828539330159185,81.35525226801715,0.2900401362766882,-12.040895676299616,0.6150296041472307,0.3536394559528336,0.0527824740744189,0.1616816171756601,21,Korean,sad
Fix You (Version 5),Coldplay,0.049379946324142,0.1823920143507846,60.04717076338155,0.1157060206594641,-10.454323536461413,0.4454122170820573,0.331655354752001,0.1290829608439495,0.187665114809141,88,English,sad
Liability (Version 5),Lorde,0.0612578000335824,0.3912465749344666,90.01257050497915,0.3925002357389501,-14.605067542858256,0.8852462206108471,0.286781640013355,0.0644133446497782,0.2121161392250592,80,English,sad
Hurt (Version 5),Johnny Cash,0.0273762836970504,0.4589589273286345,65.96905056690984,0.2311371351543273,-13.685092387477582,0.6583874269984271,0.196817760138721,0.0815466357187527,0.263636848300545,97,English,sad
The Sound of Silence (Version 5),Simon & Garfunkel,0.1360017544239568,0.4478598739248686,64.40672154883457,0.4107193748834523,-13.049047338905272,0.4090905917024032,0.2151732661861002,0.0415149707062752,0.2266510322485544,71,English,sad
Mad World (Version 5),Gary Jules,0.2141391072246627,0.3541293386833284,69.82434834781056,0.1846983448209678,-29.170053489801877,0.4932405211174379,0.2798723306668375,0.1315315388196527,0.2167318618646702,45,Korean,sad
Tears in Heaven (Version 5),Eric Clapton,0.1741585293599006,0.4812480457576551,95.9622600287916,0.47206608114502,-19.44824053455669,0.4553425648758837,0.0264133431823609,0.1143910306929005,0.0803257495013835,58,English,sad
Creep (Version 5),Radiohead,0.1211100513087868,0.3129883631535589,88.22082938898738,0.3402332787948544,-26.674893393005988,0.5278424428929893,0.3085971135584833,0.146076452402392,0.2319077844249221,20,English,sad
Nothing Compares 2 U (Version 5),Sinead O'Connor,0.3690415028375831,0.4048848233256709,89.58584844462003,0.1768093476545378,-16.66628696214974,0.6740277395759443,0.3012345852286332,0.0836721628384713,0.1821641509973189,68,English,sad
All I Want (Version 5),Kodaline,0.1337770108472416,0.3077250770569213,69.87779528392392,0.4220697589441508,-26.28446090602584,0.3509797739336798,0.2181230131785786,0.105579967135788,0.1594292062333853,95,English,sad
Everybody Hurts (Version 5),R.E.M.,0.1107016527805234,0.3232684735561763,77.35011677061,0.4731470760506532,-11.54709720792856,0.6014230919832573,0.1639419970091292,0.115827213814363,0.0591782358707666,37,Korean,sad
Black (Version 5),Pearl Jam,0.1899076024174605,0.2345293577081334,106.02679425512773,0.104801210909073,-18.94370248563302,0.7443981486399757,0.2425089937620206,0.0311023939211538,0.2931153475069755,38,English,sad
Someone Like You (Version 6),Adele,0.2072041725504392,0.3456744977276045,71.83048913537536,0.2933992340427215,-21.417010160833563,0.3449375052011902,0.0530801767737336,0.1288714275504407,0.1099549880516475,58,Spanish,sad
The Night We Met (Version 6),Lord Huron,0.0779833085994522,0.3019645805000557,98.43735656812564,0.1247786074315951,-18.463841607234883,0.371526265704344,0.0182305254128092,0.0268567137810882,0.2585410270521103,19,Korean,sad
Skinny Love (Version 6),Bon Iver,0.0471889934512246,0.1180605457649167,81.8949943571456,0.43759738877681,-24.75183247021396,0.5530275705155498,0.0199612662818756,0.0783802068375338,0.1944032701592834,81,English,sad
Let Her Go (Version 6),Passenger,0.2283628215008579,0.232970676869746,75.77665903315678,0.1426494475746391,-22.664033587074638,0.3596968013237788,0.3832979723560258,0.1456156587072641,0.2925186141666767,74,English,sad
Fix You (Version 6),Coldplay,0.3460284397501575,0.3403168597358477,95.043284862194,0.2140823210721656,-17.384591596547587,0.5733897296639265,0.2410086698884662,0.1185109528487705,0.1204795888993129,46,Spanish,sad
Liability (Version 6),Lorde,0.1272158446778079,0.4698567164514546,62.81121474254861,0.2942537193653362,-11.743983991842764,0.6662178046908942,0.273203537106066,0.0524667432998161,0.135818872266112,96,English,sad
Hurt (Version 6),Johnny Cash,0.3408193663218772,0.3236872527073833,85.737109687839,0.1398318854160115,-29.679436870897536,0.8782111132122294,0.1884930836434208,0.0984176980729355,0.0699287682968212,47,English,sad
The Sound of Silence (Version 6),Simon & Garfunkel,0.2732457142892186,0.4730266834823844,88.78326264987098,0.1504461289501642,-18.365569450530465,0.7598083278627914,0.2032082682870093,0.1343789072323908,0.2121707383393411,43,English,sad
Mad World (Version 6),Gary Jules,0.359699567315681,0.3494021244989349,66.5643986002412,0.2238766844420756,-25.96410103495086,0.8452958986301176,0.3802000336437413,0.1079317879583007,0.1252415799079054,14,English,sad
Tears in Heaven (Version 6),Eric Clapton,0.0736179088200854,0.4025804351955647,83.70789729395398,0.1903158208602516,-17.667560436694497,0.3242003112830712,0.1630851270641267,0.0809124092968475,0.0869895835273514,49,English,sad
Creep (Version 6),Radiohead,0.3938617910363358,0.1836389458358457,66.51765650216328,0.1814139495547585,-14.618777336805516,0.5553033955631057,0.282707969876269,0.0227311904082269,0.0586078271433286,83,Spanish,sad
Nothing Compares 2 U (Version 6),Sinead O'Connor,0.1783302199308064,0.4266620972806494,104.26194393537828,0.1346826270382561,-19.232737957979545,0.8479378117675624,0.1939863771989431,0.1278435580856879,0.083423913599859,53,English,sad
All I Want (Version 6),Kodaline,0.3741577958671195,0.4005693270125211,107.06671963934508,0.3706468934210026,-22.731921360011462,0.8629087035148335,0.1377833881545892,0.0631824278680252,0.2252021045004351,67,English,sad
Everybody Hurts (Version 6),R.E.M.,0.3061265198101545,0.4717613935396615,70.24012045281047,0.4191992140876895,-15.22907893206073,0.3382767337521587,0.1936115706051034,0.0567595094178128,0.1261226060885076,31,English,sad
Black (Version 6),Pearl Jam,0.3931787518218803,0.3571109653919712,95.88380788967498,0.4906470549260037,-22.455964350847225,0.7811041010716836,0.2172654816522476,0.1330393773359473,0.0951643853278258,13,English,sad
Someone Like You (Version 7),Adele,0.3790744708257119,0.1875086833643519,76.31102534904657,0.4024768936427122,-22.124897168691867,0.664926826059868,0.2222867505347142,0.1165080918216716,0.1070828130921527,10,English,sad
The Night We Met (Version 7),Lord Huron,0.0233831948947508,0.2199717589892265,83.71543324342151,0.1672080208770714,-22.904054206872225,0.5399898109761412,0.0286959218441367,0.0958299422639466,0.2710858569928219,16,Korean,sad
Skinny Love (Version 7),Bon Iver,0.0606971651812209,0.3391232053606056,93.23696024554232,0.2677338721677154,-15.9780482527146,0.5464389260946072,0.2523186439887174,0.0209558957920755,0.2229300285336722,35,English,sad
Let Her Go (Version 7),Passenger,0.2645370715778898,0.1153603509305378,78.41250536975666,0.491612736316667,-21.585268748627666,0.6011672430791051,0.4549650790798593,0.1132440438625483,0.1955175327810558,31,Korean,sad
Fix You (Version 7),Coldplay,0.319121872536429,0.4457465065823893,82.84440358686334,0.2900433459727342,-22.278981286963283,0.8800236840110764,0.3485831271451752,0.0308189986070493,0.2657399058282546,56,English,sad
Liability (Version 7),Lorde,0.1922239763345072,0.127501562568995,87.48586275816555,0.2668657115902808,-12.445011902747504,0.4223967621656324,0.4132323047460914,0.0924995298541088,0.0636525758033672,88,English,sad
Hurt (Version 7),Johnny Cash,0.3887381205301938,0.30504609764128,74.54384271157912,0.2877627367957032,-12.84284432965022,0.4829418746310381,0.0963381982433501,0.0367792621010145,0.1244648495975528,40,English,sad
The Sound of Silence (Version 7),Simon & Garfunkel,0.3120192348160174,0.2886505460781047,71.374080184677,0.1664739998438996,-23.34541046979242,0.8639546237314253,0.1715133562950122,0.1484561298741026,0.171307613941339,44,English,sad
Mad World (Version 7),Gary Jules,0.0716655673160603,0.4564560367174037,83.01776865674134,0.3838685374018098,-10.325768335816964,0.3301052101919844,0.0483472798937835,0.1136593763901583,0.120456250823868,70,English,sad
Tears in Heaven (Version 7),Eric Clapton,0.0737205587800396,0.1157447519278918,61.09233559931009,0.4097942412479164,-27.311331452609,0.3596968013237788,0.3029484075897415,0.07568573407395,0.0567766630840582,61,English,sad
Creep (Version 7),Radiohead,0.3134006010351635,0.1042052898166614,98.0944947188742,0.4573217975152491,-21.343201578856554,0.621325483858679,0.2384916963088268,0.070597120421047,0.27185613384259,27,English,sad
Nothing Compares 2 U (Version 7),Sinead O'Connor,0.3575734042679962,0.2343265458566138,90.7534877007349,0.4707630248583456,-10.758830021172969,0.6053754242532285,0.2264124026421634,0.0562302610707083,0.2897179682976025,94,English,sad
All I Want (Version 7),Kodaline,0.0571257217891469,0.33193183041909,74.12751337593194,0.2116033161391186,-21.90062825247623,0.8992757614893927,0.027483153419911,0.0952104363664591,0.0706430395088193,69,English,sad
Everybody Hurts (Version 7),R.E.M.,0.0618083319962075,0.2758251767091595,85.52300656732206,0.2035169633458096,-23.67085738251168,0.3521802121535598,0.1516098919221252,0.1456525971194707,0.2861768454181204,21,English,sad
Black (Version 7),Pearl Jam,0.133951316054794,0.3283415745115046,105.47976955554722,0.1024735290563586,-13.786328593248165,0.8690217316733515,0.0456628671667785,0.0409881991842797,0.2901865756928388,37,English,sad
Someone Like You (Version 8),Adele,0.2150160574561385,0.1056786537886894,72.88159993817646,0.2799774697075439,-16.141821779504646,0.7398962268820798,0.497710756462728,0.0573764559198886,0.1845550254671188,25,Spanish,sad
The Night We Met (Version 8),Lord Huron,0.213329419143842,0.262258103778895,68.45809469212101,0.4909826252735371,-12.93365626666828,0.5989998169765424,0.3016227113420149,0.0495439369627561,0.1859467675979367,11,English,sad
Skinny Love (Version 8),Bon Iver,0.2779880532485903,0.3060668113546355,109.51425852924706,0.3445366624990905,-22.580525748156617,0.7632912165695029,0.085231255790821,0.0699870557818146,0.1367397375943964,44,English,sad
Let Her Go (Version 8),Passenger,0.1727228380431109,0.4127119303714905,84.20865160817037,0.4176057801063851,-18.47022193720268,0.5052416607945333,0.4049893718417362,0.0509776571719019,0.1060957449499488,60,English,sad
Fix You (Version 8),Coldplay,0.2018011696219343,0.2043396983848355,60.454351747560814,0.3593190109195207,-19.77812357055204,0.5673106886958967,0.4834842573091577,0.0942558939151787,0.2658578944473461,36,English,sad
Liability (Version 8),Lorde,0.055780094482064,0.3276825852517711,103.39898133654516,0.3332423029119592,-15.63971643745997,0.5232261406873244,0.0462247585185333,0.0795270383665192,0.1486198477097143,88,English,sad
Hurt (Version 8),Johnny Cash,0.3468240729515789,0.1975981209409889,108.3367113767554,0.4832552479217985,-25.047367138571225,0.5088311732863924,0.4477778704369425,0.1456608887164939,0.160859775709011,18,French,sad
The Sound of Silence (Version 8),Simon & Garfunkel,0.1283988182563591,0.3104376053006168,94.38846031828676,0.2093898061499919,-15.270536507618544,0.3309944142687846,0.0246472463822082,0.0702174016689208,0.1383682980151801,41,English,sad
Mad World (Version 8),Gary Jules,0.1262532861468609,0.296407905067564,76.03667911557856,0.1769031673872367,-23.810609018227986,0.884942563686141,0.2232927001118644,0.0778126609915836,0.194136247487785,42,English,sad
Tears in Heaven (Version 8),Eric Clapton,0.3933363073656906,0.1966405105743052,94.06410552662167,0.3863938774166896,-17.85351166413868,0.3531470037819864,0.3384361379137882,0.0283323124347028,0.1990356623874742,63,English,sad
Creep (Version 8),Radiohead,0.2958324708886971,0.1843879562479801,102.08110037713872,0.1121415222132017,-13.123742726833878,0.5761974303856591,0.1087939699658222,0.0373911588492158,0.2883267918955931,28,English,sad
Nothing Compares 2 U (Version 8),Sinead O'Connor,0.0290662350324626,0.1796373679743702,77.3911173716523,0.3480939395844482,-19.103978294478036,0.3753860954473884,0.1448639918691073,0.0510377302411831,0.1033857136225853,81,English,sad
All I Want (Version 8),Kodaline,0.1644577345919948,0.3816125810366627,70.87264661086179,0.2466715518811925,-22.18165146317676,0.8858739176612462,0.4773331784395344,0.1240178857577698,0.1104147302047963,18,English,sad
Everybody Hurts (Version 8),R.E.M.,0.0272149256366678,0.2267616550882499,73.33972747169155,0.3023703200585576,-14.445441798644138,0.8149937633273148,0.4224320427052542,0.0667578229589988,0.2218085858651707,73,Spanish,sad
Black (Version 8),Pearl Jam,0.125133679009688,0.1243622172940731,95.07826328014713,0.1039310210279151,-21.81634825083023,0.4976275615812454,0.3466887692594262,0.1196119114588492,0.1260236589928209,66,English,sad
Someone Like You (Version 9),Adele,0.3246508057779414,0.2175667042019735,82.31631799932806,0.3908074108056536,-16.141595415504227,0.8924210833873201,0.1125805121079659,0.1061013287601457,0.2024204770689443,73,English,sad
The Night We Met (Version 9),Lord Huron,0.366039381796012,0.16254485665795,97.58990817934664,0.3273074465075073,-24.50668260424189,0.5846609484883045,0.1668882985348989,0.0953107423624999,0.2722501527036665,12,English,sad
Skinny Love (Version 9),Bon Iver,0.2277219937648808,0.3526889673306336,85.93739235573547,0.1204662025781903,-25.342828862478115,0.5952010376592497,0.1551176418723523,0.0436292677089552,0.1760332104796095,39,English,sad
Let Her Go (Version 9),Passenger,0.1291239173791401,0.2032430572693659,83.19927087201904,0.1533137032328692,-11.445085338491854,0.8206212587515436,0.3538102928702676,0.0338077975864993,0.2439693136174232,29,English,sad
Fix You (Version 9),Coldplay,0.3231829312436076,0.407105847085735,65.69829435596206,0.3575631828271058,-13.313504085012028,0.6464120407318007,0.3232036876140445,0.0795872523254198,0.1821768299710131,92,Spanish,sad
Liability (Version 9),Lorde,0.01375074334069,0.3555852087893139,64.07236064455796,0.2740058377360893,-24.14689804665184,0.627256770127028,0.0667081677616035,0.1099136422565313,0.2487528842321176,92,Korean,sad
Hurt (Version 9),Johnny Cash,0.0653417798972626,0.1417252349407528,67.27577413936795,0.4508510247594007,-19.43621476487288,0.5803565976045015,0.0533559095511771,0.104442280878405,0.2669998979737725,10,English,sad
The Sound of Silence (Version 9),Simon & Garfunkel,0.3312743477293812,0.3504218835923205,63.76393583258368,0.1449588108704051,-29.013820257803506,0.4544875298954816,0.0678307335801888,0.0538062452328164,0.1462645139297404,47,French,sad
Mad World (Version 9),Gary Jules,0.3771931136284543,0.3441504239126768,101.74868928414811,0.3841406002849329,-27.74993738946737,0.7415522438243694,0.1375494407795622,0.1030840201093118,0.1352404934107471,32,Korean,sad
Tears in Heaven (Version 9),Eric Clapton,0.3990689053058637,0.2054205917987111,73.95652353871348,0.4722689022249593,-29.507111907273547,0.7180133927239182,0.362663195367939,0.1287292150633519,0.2936098276596188,65,Spanish,sad
Creep (Version 9),Radiohead,0.3902407676626609,0.1261107030265855,101.09196613764512,0.3585239734629525,-17.053157312538175,0.3770099559688168,0.3250935832228266,0.1477227354781622,0.2779546423848617,17,English,sad
Nothing Compares 2 U (Version 9),Sinead O'Connor,0.1756522643219402,0.1159791893144377,78.11467450001024,0.4305561246402221,-15.97001797069668,0.5756061933563739,0.0275507675794155,0.0754963146170293,0.1672562349294709,78,English,sad
All I Want (Version 9),Kodaline,0.3714222131576544,0.3564344414328638,75.58264583273244,0.3101273057802886,-28.6788938435568,0.8835409413898421,0.180029950965363,0.0821227561387076,0.1388209935592306,83,English,sad
Everybody Hurts (Version 9),R.E.M.,0.2730046920464801,0.3648928633318372,95.7661155264568,0.2072572918447683,-23.68663037671868,0.3751507386577247,0.3277549859230563,0.0251736265536348,0.1994205838808647,69,English,sad
Black (Version 9),Pearl Jam,0.3478783539406536,0.4563328593158534,82.45188801849808,0.2837214752852295,-28.460616339839653,0.7024590152658214,0.4106297101864227,0.0518051570986126,0.1553252204083411,65,English,sad
Someone Like You (Version 10),Adele,0.3355357347061081,0.4508481870649152,72.1589990132113,0.3202282538165457,-26.15013698728346,0.3611272584837339,0.4555602506959788,0.1266659755501742,0.2400087254507935,40,English,sad
The Night We Met (Version 10),Lord Huron,0.0195065275252561,0.437491517084103,81.90220379526919,0.2369580493183438,-19.07047277949247,0.3548119456341335,0.3783232746761994,0.0957165599954784,0.0966475242182918,16,English,sad
Skinny Love (Version 10),Bon Iver,0.0752928799076182,0.1736994606290697,62.8501193775967,0.3351193797486739,-13.193036448229837,0.3104989283924331,0.0245023224856367,0.0944601359693029,0.2548739213465131,56,English,sad
Let Her Go (Version 10),Passenger,0.1306955562274534,0.2398457595230888,89.81732487483879,0.2096851556496588,-29.46783267844632,0.7411371108609577,0.3128249564707265,0.0954982798772356,0.2354210322479558,55,English,sad
Fix You (Version 10),Coldplay,0.270092335024815,0.1823527952713284,77.62405234716755,0.15044405667145,-27.40285973164238,0.7057174478139236,0.4293000534912491,0.145155235901948,0.2070867793873611,45,English,sad
Liability (Version 10),Lorde,0.0736405293443828,0.1422601381795722,100.6425485768379,0.3315025905439997,-17.634299579725603,0.7688772532528256,0.3516386138662258,0.1284795728712925,0.0640534763649696,40,Korean,sad
Hurt (Version 10),Johnny Cash,0.2990082546986019,0.4403411029288382,74.30675212291571,0.3561789095973011,-23.71675872326056,0.8747826398894725,0.0167117862177518,0.0953730696982841,0.0916258867623787,88,English,sad
The Sound of Silence (Version 10),Simon & Garfunkel,0.2848880820708634,0.1703561133674648,71.76916309491787,0.2977483244183032,-11.70330100006244,0.4270286232887825,0.0721200105590517,0.1186669881410239,0.1751548830834827,62,Spanish,sad
Mad World (Version 10),Gary Jules,0.3647140449527086,0.1586458228639369,92.29639465115196,0.193151658460726,-26.864791426967216,0.7100576490943624,0.2968423099543666,0.118127569587103,0.1273656441115456,49,English,sad
Tears in Heaven (Version 10),Eric Clapton,0.179188662552876,0.2621886705321674,109.2044731983257,0.2168995826957551,-24.103655233064664,0.5127289252971645,0.2822970406451607,0.0528019567542868,0.2788224850948185,16,English,sad
Creep (Version 10),Radiohead,0.1062742259465054,0.4583262926240778,65.17375318232924,0.3626250809598609,-11.860289631235126,0.4012496630389377,0.4841634800496275,0.0788748368540165,0.2864287771102561,97,English,sad
Nothing Compares 2 U (Version 10),Sinead O'Connor,0.2707280174520188,0.2206347479494206,69.41512624585532,0.2214940184900397,-28.1396518147465,0.3863207798059979,0.0523302201732405,0.0749826606864025,0.2488945940643966,16,English,sad
All I Want (Version 10),Kodaline,0.056553421686536,0.1521281732689343,92.17144747586651,0.1788731927872265,-28.04779923782017,0.4001091469233466,0.461865697938388,0.1267912628609048,0.1385161405887735,79,Spanish,sad
Everybody Hurts (Version 10),R.E.M.,0.2623283069309571,0.3149102694672152,93.8562131741282,0.3730684609851037,-17.42531969880014,0.4596608211223851,0.019503210381409,0.0792236816587141,0.2727434711726759,65,English,sad
Black (Version 10),Pearl Jam,0.2277989034074303,0.4329564166807632,109.5812171480614,0.1654464816553105,-16.164447217160355,0.7045761442200148,0.4899777236791392,0.148128095413864,0.2216696529310323,12,Spanish,sad
Someone Like You (Version 11),Adele,0.0974459167928777,0.4194223352522396,65.3514567105519,0.4122797216686514,-11.79607751710607,0.5297000368610612,0.3153176474915402,0.0759185551725874,0.1594412637470321,80,English,sad
The Night We Met (Version 11),Lord Huron,0.124148355643248,0.4048518481801298,106.80882820832524,0.4763003436937845,-26.50437430250132,0.8248461897939396,0.368715720713561,0.0528688620897376,0.0668211532303786,73,English,sad
Skinny Love (Version 11),Bon Iver,0.1071989067537512,0.4648832947126102,91.6589337447886,0.3884218643591487,-24.85695297781808,0.7316328933448922,0.0140607531389618,0.0687917749504918,0.2066883371355828,13,English,sad
Let Her Go (Version 11),Passenger,0.058438626216528,0.4292014297787739,71.75156494059593,0.3609124451273785,-21.896057148493405,0.6576261572865884,0.053725276314454,0.0221986639898089,0.2773911068450753,26,English,sad
Fix You (Version 11),Coldplay,0.1078520035068731,0.4278708011121837,109.96751502361002,0.1845725031995644,-24.69658517633289,0.6977158725807995,0.4827243173003106,0.1390558652647967,0.1757188800163962,47,English,sad
Liability (Version 11),Lorde,0.3180441130106899,0.1542983412399604,108.8719092102006,0.4857412936143946,-26.725420842416582,0.4796538748818639,0.0500774987533834,0.0553232878567633,0.2539889473538017,52,English,sad
Hurt (Version 11),Johnny Cash,0.1513262428661038,0.1353587868587033,77.11127623894522,0.4925533336965121,-17.40632809481594,0.5496965678436947,0.083269256748635,0.1482029836468803,0.2552122523157822,12,English,sad
The Sound of Silence (Version 11),Simon & Garfunkel,0.1125909209803677,0.1280274782884758,62.83127786887791,0.1481512598022135,-18.384628327711567,0.3596968013237788,0.2483717140029922,0.1295829127193056,0.1614716549649519,45,English,sad
Mad World (Version 11),Gary Jules,0.2834334183071301,0.3927490949146003,68.69818529516694,0.2444864235903247,-17.253956869239524,0.3424179649106197,0.1807700938814783,0.089523930616555,0.2990561232611596,88,English,sad
Tears in Heaven (Version 11),Eric Clapton,0.1898134250489763,0.4264227028457295,81.60336425333088,0.4185562890478835,-18.09170396759783,0.8319572649014391,0.2054712761750549,0.0985595745767922,0.2075046701547068,87,English,sad
Creep (Version 11),Radiohead,0.1669531767201893,0.1577248174749926,64.67797034561679,0.1066686202398532,-12.529314715095708,0.4418849473432167,0.105753374640884,0.1156846020553885,0.1300040282718479,21,English,sad
Nothing Compares 2 U (Version 11),Sinead O'Connor,0.2024178769647346,0.1650044261189825,107.98728607309846,0.440632560006895,-12.724207540699936,0.5440642491432032,0.3811806068535864,0.0387039002006714,0.052154750647945,28,English,sad
All I Want (Version 11),Kodaline,0.0079891730312112,0.3346406949618242,82.76974526239704,0.3072061395634079,-29.85073719165561,0.5536119717944554,0.3590340806004304,0.0775501812557666,0.2330548015780555,15,Spanish,sad
Everybody Hurts (Version 11),R.E.M.,0.0932075857587339,0.4252568017926902,89.42156202267262,0.1843052397719625,-25.265590482923344,0.6768182787417223,0.4149697966062217,0.0740316116637901,0.114575107281898,21,Korean,sad
Black (Version 11),Pearl Jam,0.3468046427642401,0.3677073167003339,82.40427436415382,0.2951600781117207,-25.914870641272078,0.6760815780389064,0.1793712552714443,0.1494338729676654,0.1700458788154719,87,English,sad
Someone Like You (Version 12),Adele,0.1943542424758453,0.3263407149642687,105.83780015593734,0.4203272399439001,-20.977398604043174,0.7312195595836777,0.2931177493903808,0.0840077163311623,0.0980789431960876,76,English,sad
The Night We Met (Version 12),Lord Huron,0.1855745053819563,0.1983274348090298,105.74210749258272,0.2341627253985387,-10.954719709332554,0.6198331740568268,0.3157721893380801,0.0905822577836126,0.0823451542416752,82,English,sad
Skinny Love (Version 12),Bon Iver,0.1503284876031764,0.1396584449110496,91.14770220916908,0.2787496780801756,-14.440300568581264,0.4322822885996219,0.0822830292146674,0.0728231900252898,0.2816463458045953,80,English,sad
Let Her Go (Version 12),Passenger,0.2841687260049647,0.2675694499171674,85.86360848771552,0.1336852044708393,-10.308482072477736,0.6998443828169514,0.1427020342317112,0.0961550912479817,0.0773705915172485,94,English,sad
Fix You (Version 12),Coldplay,0.3863346675230334,0.1699139951533463,92.4015159027607,0.1981817850155721,-15.648772347029285,0.7660928203441687,0.3367098644557163,0.099884929833175,0.2731172734880029,51,Spanish,sad
Liability (Version 12),Lorde,0.0314506843959032,0.2323659063120781,72.4143739815423,0.4952055848261686,-22.21220440666253,0.7395676195442393,0.3423625819405023,0.0475705608720591,0.1097494200528878,83,English,sad
Hurt (Version 12),Johnny Cash,0.1125138254212136,0.2644509113037517,71.71625328252634,0.1078605930987391,-12.41213886385609,0.8793658988285304,0.1707851935157839,0.0640058943253114,0.0517729531935927,26,English,sad
The Sound of Silence (Version 12),Simon & Garfunkel,0.2721002753321496,0.4301759582994515,67.33041501800015,0.1638665397468603,-14.198335000571245,0.6697744490124868,0.0224302788138585,0.1009311087600966,0.1272294307109415,97,Spanish,sad
Mad World (Version 12),Gary Jules,0.1474900621883383,0.4078925673187521,100.54675963363051,0.2601426507359322,-11.056941279872904,0.5438776307712434,0.3859180176150549,0.0829040443933536,0.274383081630521,83,English,sad
Tears in Heaven (Version 12),Eric Clapton,0.3631044974600714,0.1349667231484335,106.82466656551128,0.4302139366081663,-14.173785713746662,0.4205468038113135,0.4025596043773324,0.1305172555090548,0.1222875836135377,52,English,sad
Creep (Version 12),Radiohead,0.3809040313449295,0.1199440585596657,67.49546266235699,0.3150324552206057,-18.484150577553805,0.6870900499805421,0.0084845646577332,0.1448476807008769,0.061147023183536,84,English,sad
Nothing Compares 2 U (Version 12),Sinead O'Connor,0.0572247810893609,0.1056058070104228,88.34292166470473,0.4729067535683889,-16.681056678390718,0.7935944810882565,0.00664060172929,0.0904619888023643,0.1648907443763804,86,English,sad
All I Want (Version 12),Kodaline,0.1995871776883172,0.1288852741340752,94.22176805346538,0.3012881659434537,-14.69702300277472,0.5911743804370293,0.074690818113216,0.1042734040301168,0.0930965905262915,27,English,sad
Everybody Hurts (Version 12),R.E.M.,0.348957825341926,0.3452464956276966,67.86019417784772,0.4849352229924827,-19.632690733293582,0.343739071122993,0.3134164522075336,0.0529158579116653,0.2509233629693256,35,English,sad
Black (Version 12),Pearl Jam,0.3271288294264762,0.4915789423418647,85.0934765512252,0.2819827518910949,-14.930487891070388,0.3794823938051559,0.2734577568965621,0.0910121880170106,0.0723682807025968,14,English,sad
Someone Like You (Version 13),Adele,0.1671936342027654,0.4413139194268808,102.80768109973302,0.1396950659678724,-28.185582345043382,0.4576172862011611,0.4373830312769967,0.0367573360595548,0.2299992006568615,83,English,sad
The Night We Met (Version 13),Lord Huron,0.0404662478452412,0.3492551414991302,77.80336495595724,0.4155655851863468,-25.32619102349273,0.683521097633976,0.1178412672879424,0.11277583680458,0.2684195086401872,31,English,sad
Skinny Love (Version 13),Bon Iver,0.050720719650704,0.4466382754382014,89.6787627207149,0.1508441963468096,-21.44916289280576,0.3965161760910587,0.3501739444332847,0.1186528574743334,0.0764491300681997,56,Spanish,sad
Let Her Go (Version 13),Passenger,0.2024559410778577,0.4258500224103668,106.80815207754983,0.305407146696708,-10.99441552777186,0.6214133822736179,0.1970952472999539,0.1302664067118764,0.1732456776145222,50,Spanish,sad
Fix You (Version 13),Coldplay,0.1887610042258092,0.2961249957639313,102.33925009348728,0.4327766166752208,-21.92960015119578,0.499979915922315,0.2459640120195646,0.0944604262658241,0.1095843026569992,65,English,sad
Liability (Version 13),Lorde,0.3175820338862363,0.2945931062929692,76.70227742099797,0.1427283971855962,-25.223096791927865,0.8695687030535904,0.1525498434097633,0.0419517076177145,0.1651681979137483,24,English,sad
Hurt (Version 13),Johnny Cash,0.1228350973440994,0.1140637001084776,76.15726086397086,0.3176434495757874,-18.96575255960066,0.5139353527061332,0.2236513781263003,0.1455173293705196,0.1443371193075779,45,English,sad
The Sound of Silence (Version 13),Simon & Garfunkel,0.1032907253039931,0.197386817626704,82.88823063520671,0.4038080594867776,-25.880236316230537,0.7255776762844609,0.0105749116747081,0.0744612871379129,0.2439662663006967,62,English,sad
Mad World (Version 13),Gary Jules,0.1354931823097725,0.3254948405781598,70.24896164129554,0.3967981564504689,-28.954417934624807,0.8115255869253002,0.099098193210834,0.133671744122083,0.1381323103251293,25,English,sad
Tears in Heaven (Version 13),Eric Clapton,0.2890734297897946,0.2276901191144754,105.29558356173236,0.1506548502073497,-26.429604214548025,0.5958180750952814,0.040969219519073,0.045477424011229,0.2859415955530036,61,English,sad
Creep (Version 13),Radiohead,0.3905958644591549,0.2505037317321688,106.1643010506968,0.3179298702693727,-24.60515068252466,0.7214392326483592,0.3294509032874286,0.1485862914841353,0.1162618218523208,56,English,sad
Nothing Compares 2 U (Version 13),Sinead O'Connor,0.2688238010646941,0.1208095020117787,65.68230193483598,0.1015673499804373,-10.010786378806536,0.7813642182884868,0.3933615073667704,0.0862643897874633,0.1250167707263599,69,French,sad
All I Want (Version 13),Kodaline,0.0605057137850703,0.2138698955385854,78.79856109645695,0.4025240387921176,-19.20676422193695,0.3464901759332896,0.0090145044794561,0.0333031833394282,0.1526246784243448,33,English,sad
Everybody Hurts (Version 13),R.E.M.,0.3732771668196073,0.3549609924836886,100.09129499377576,0.2865498378018194,-22.766678336099144,0.3650402236299736,0.4379665110931025,0.1218108037736273,0.0920295243994312,97,English,sad
Black (Version 13),Pearl Jam,0.2049042255505042,0.294949923168498,91.25457763432644,0.4784747575965045,-18.404571164750408,0.6241303600671713,0.0251614664673319,0.0281779718823431,0.0968366978316972,63,English,sad
Someone Like You (Version 14),Adele,0.0129883086766993,0.397341158228005,96.16651519969815,0.1544224937726571,-13.278421984094384,0.3928716209076672,0.1505877934986794,0.0523669968909774,0.1430767746432619,64,English,sad
The Night We Met (Version 14),Lord Huron,0.1018655063559847,0.2955803705753808,80.37039406773427,0.4946277963117306,-28.881472997435488,0.385308825832411,0.0264129469543012,0.1013593553477088,0.0636273193534299,96,English,sad
Skinny Love (Version 14),Bon Iver,0.3345758949504493,0.3047754522727711,86.35038122907669,0.3246378030848776,-26.583725873875785,0.4186141818686925,0.1594086614365023,0.0971545340568406,0.1025294439850536,80,English,sad
Let Her Go (Version 14),Passenger,0.0465326908533045,0.4880467545673729,61.099090740481145,0.4210789621344086,-14.23929700849956,0.4783284683070576,0.0678133080036567,0.038931724071705,0.2243579043092981,63,English,sad
Fix You (Version 14),Coldplay,0.2571226364344695,0.4130982697005547,106.87405861995524,0.3767709453066368,-26.88296926897113,0.4460655700592464,0.4210968654365573,0.0472097898584471,0.0681305792386203,87,Korean,sad
Liability (Version 14),Lorde,0.2813120216169002,0.2610105421960568,106.00200262729518,0.3601020284374646,-28.191620444166784,0.8687139403521966,0.1292786318201229,0.0638376237528171,0.1505651034208855,54,Korean,sad
Hurt (Version 14),Johnny Cash,0.0204897185617253,0.2986061688922419,66.16592455376461,0.2603881306753407,-22.98580424015832,0.763704050055902,0.4015852558163655,0.0399436747105814,0.1416377968448065,62,English,sad
The Sound of Silence (Version 14),Simon & Garfunkel,0.1493412644127326,0.160564177574434,99.92267525255951,0.3828913313341693,-26.192364274059305,0.5200331451562794,0.0529025124282571,0.1016668576220957,0.0803429811371549,50,English,sad
Mad World (Version 14),Gary Jules,0.3943736674499671,0.4122728298751449,79.51192747919976,0.3314255729117418,-11.773163675671825,0.6324595682374957,0.0872492431989775,0.0692314362255507,0.2607862162574363,10,English,sad
Tears in Heaven (Version 14),Eric Clapton,0.2576852063958472,0.3602897537335201,103.34107428442444,0.4575892229850019,-11.604148564411275,0.3569095159518937,0.2720630009815504,0.1162662377583814,0.2392317112817534,55,English,sad
Creep (Version 14),Radiohead,0.2426864807880015,0.1667149340734696,99.8710276970832,0.3880445334059783,-28.277284569019272,0.5782858948046258,0.0869886997609017,0.0638720159426863,0.0545202730514213,50,Korean,sad
Nothing Compares 2 U (Version 14),Sinead O'Connor,0.1601319473643033,0.3199507684624841,90.97912964135436,0.3653961380514841,-13.2741737379508,0.429277744365438,0.0602409112192339,0.1306998323467303,0.0891532037231624,41,English,sad
All I Want (Version 14),Kodaline,0.3899040325344781,0.4370152917594548,85.04383029447996,0.4925685699688101,-28.052465417839915,0.481839456705061,0.3191122075203057,0.0655008929015132,0.282093137995198,22,English,sad
Everybody Hurts (Version 14),R.E.M.,0.026250435271127,0.3197647328243858,89.54331336975572,0.3610912495108896,-24.88667553336371,0.5187398565119187,0.4218402648324888,0.0453425599661207,0.2567169617933405,79,English,sad
Black (Version 14),Pearl Jam,0.2250621691610969,0.4048750044776329,95.68036831317356,0.1830045981539516,-18.62374527132254,0.8206338916830556,0.2160581184009646,0.1456568001290311,0.1630537750254295,78,English,sad
Someone Like You (Version 15),Adele,0.0571142546671538,0.2557738720310692,107.58512031952684,0.2278883397359417,-12.638036802658744,0.828750409009134,0.1750932621659805,0.0308234955465821,0.2311394772897045,61,English,sad
The Night We Met (Version 15),Lord Huron,0.1246049196055944,0.4131694457030289,82.13274241302166,0.2941066969370486,-14.441811865029264,0.5294179986369767,0.2215636726614572,0.0689047609400508,0.1418351288193199,30,English,sad
Skinny Love (Version 15),Bon Iver,0.2103786307605837,0.4235197778004603,78.0884155961283,0.3097018882150947,-16.585453491147984,0.461663667782193,0.1387614024511962,0.1413437065130491,0.2308836433327721,21,English,sad
Let Her Go (Version 15),Passenger,0.2308746704893235,0.3590880217682448,61.46497215517092,0.3472411862246787,-19.809822535515963,0.6274498078676614,0.1797119134154085,0.0305916067026824,0.098334808403013,20,Korean,sad
Fix You (Version 15),Coldplay,0.3802978852850687,0.2634798249083736,83.3341577915432,0.1210839159413756,-29.248675409120388,0.7303088682280547,0.2690473320605556,0.0861317779481146,0.1107811326056671,37,English,sad
Liability (Version 15),Lorde,0.2979002926519689,0.1672946316433967,69.496737183051,0.2842848685393102,-24.27440275776118,0.4484777887398878,0.3226188222766658,0.1046263268784108,0.2561292674499823,27,English,sad
Hurt (Version 15),Johnny Cash,0.1670834267891903,0.1292340364104601,73.68331924607288,0.4920021852787267,-18.07482849534596,0.7258422508806122,0.0036789148127072,0.0873667451837277,0.0593821643829507,15,French,sad
The Sound of Silence (Version 15),Simon & Garfunkel,0.2276920848365792,0.4683083398544302,108.4209565250204,0.3162210701555696,-20.83590389495568,0.8670102565490965,0.3368049159983475,0.0284369063399932,0.1664313944168743,96,English,sad
Mad World (Version 15),Gary Jules,0.0960980073857215,0.2879217285794726,82.7732786003181,0.3328579211258968,-22.864590193014976,0.3985622696735568,0.2518597172949781,0.127926374964949,0.2160030570169006,50,English,sad
Tears in Heaven (Version 15),Eric Clapton,0.1353471463700863,0.4742092091035429,105.61037856245912,0.1837393597536395,-29.211648297592745,0.7447852250104574,0.4138051306745766,0.1458223935736761,0.2724590985220776,67,English,sad
Creep (Version 15),Radiohead,0.2402139072825659,0.3120209356849523,61.39205256312931,0.1986625787379111,-20.807704965341472,0.6771023400501408,0.2786259166592053,0.1165426786586197,0.1199417327217602,34,English,sad
Nothing Compares 2 U (Version 15),Sinead O'Connor,0.2259810430609893,0.1352568973563168,80.68327617916034,0.4000643331818404,-16.13198293141912,0.8943856423033074,0.138945562993878,0.0847646088926172,0.1323826034434991,68,English,sad
All I Want (Version 15),Kodaline,0.1762412456236699,0.4427800519477552,94.21045375942433,0.4529764765390327,-25.929777833362277,0.8240166707048628,0.0298811370891922,0.1355179064568298,0.1322684448651819,26,English,sad
Everybody Hurts (Version 15),R.E.M.,0.1258350533656266,0.3048354306794656,107.0345093861616,0.1191125458725621,-22.955380498585093,0.8139431932100014,0.1980272387177333,0.0458903966876187,0.1561985453328529,60,French,sad
Black (Version 15),Pearl Jam,0.1542210005966677,0.4661664805866814,98.09671878715486,0.3020462222976026,-10.232588665568578,0.579166518765554,0.0291189154101376,0.054095661835948,0.1590176200548281,20,Spanish,sad
Someone Like You (Version 16),Adele,0.062761049658448,0.4790260505296172,98.34244489088866,0.207314880171109,-18.183909329641683,0.7328694942657432,0.470639464453399,0.1346125953928033,0.1787980565345534,70,English,sad
The Night We Met (Version 16),Lord Huron,0.309861047917207,0.324857901531034,87.635194502277,0.1458967833352767,-27.47724683967696,0.6177201690134745,0.1344307724895033,0.0227347973198609,0.230709800975053,72,English,sad
Skinny Love (Version 16),Bon Iver,0.0129946386760659,0.3381107364416218,86.95968970636572,0.4875258762311217,-20.315737213047168,0.3381608618266784,0.2758439839032308,0.1293425021800932,0.29921232107036,95,English,sad
Let Her Go (Version 16),Passenger,0.172137269475629,0.228119496998697,105.33266484759994,0.1764968516304485,-17.69142169934147,0.5434286545085687,0.0205411824777776,0.0651475016597407,0.1163071306256686,67,English,sad
Fix You (Version 16),Coldplay,0.2744364615773947,0.4795161990767672,73.40235936893188,0.4245863756606727,-28.89280366123181,0.6228726060238879,0.0352750318549472,0.1414242888469831,0.2415878201393475,96,English,sad
Liability (Version 16),Lorde,0.2631799644818369,0.4295585526498657,92.37598977850816,0.4875777588697164,-15.72084104270457,0.8547951657493482,0.258565946005319,0.0352183736876421,0.1820444303557543,96,Korean,sad
Hurt (Version 16),Johnny Cash,0.0507491312252373,0.336997391670562,84.12465302638314,0.3490301591331127,-29.79906037890337,0.4169042949932184,0.2456652159560654,0.1435654630065875,0.1459022600887896,34,Spanish,sad
The Sound of Silence (Version 16),Simon & Garfunkel,0.1697488104214538,0.3858784356026489,90.1896378643059,0.2195704600393333,-21.783672088651443,0.4306198793143395,0.4830107295651042,0.0369824696024567,0.1429591961416048,99,English,sad
Mad World (Version 16),Gary Jules,0.0103355888880044,0.1887117967734185,99.02355691900776,0.1804700929155518,-28.39873194942069,0.584671907906714,0.0049846173672592,0.0310196000754233,0.2519064673907438,49,English,sad
Tears in Heaven (Version 16),Eric Clapton,0.3085893379438426,0.4660555281619584,102.72577179553748,0.3732702252959272,-28.953342853986744,0.7697091707919945,0.4227554054202802,0.123880678950354,0.1771197588270065,36,English,sad
Creep (Version 16),Radiohead,0.0931607354597926,0.4381319902754906,96.35814048700692,0.4923044697555406,-26.88614804488134,0.435398749831233,0.1058990749407513,0.1230301697907737,0.0967268241125295,29,English,sad
Nothing Compares 2 U (Version 16),Sinead O'Connor,0.0266639319293224,0.4994243226342515,61.24086057225746,0.4340976240635462,-22.692663168986943,0.8049692758546891,0.2773102456055725,0.1372120598332268,0.2815482466036567,49,English,sad
All I Want (Version 16),Kodaline,0.0036392725123103,0.1301648703971153,72.51793647854278,0.3677261665454007,-12.23455606976988,0.5759651707763778,0.3034865581371327,0.0445049808634229,0.2512417084704213,88,English,sad
Everybody Hurts (Version 16),R.E.M.,0.3869312445413879,0.207439573165839,84.74129758002732,0.1344464442025495,-18.81726687074063,0.6016700651080084,0.0722182420775388,0.0774686077053497,0.1335261630216408,17,English,sad
Black (Version 16),Pearl Jam,0.2087323501220757,0.3342617341715197,60.42477893036048,0.4044023931798222,-15.739714162765184,0.5197718317239133,0.0264679677844091,0.1181412301720565,0.2887937901195331,68,Korean,sad
Someone Like You (Version 17),Adele,0.0960606384088056,0.2294098454948151,69.19064447409075,0.3307744493379358,-26.9031721070509,0.5137163660768277,0.3485065069671315,0.0928150777912153,0.1466156410819838,10,English,sad
The Night We Met (Version 17),Lord Huron,0.1680998407230167,0.3248443530492918,60.29323639435807,0.1314039473814439,-12.374838644739768,0.3467273934547744,0.3534017981052526,0.1396049613341768,0.1176709010754327,93,Korean,sad
Skinny Love (Version 17),Bon Iver,0.1481965748238057,0.3275685623378865,104.08544848192923,0.4767622349041681,-15.20873503777464,0.3519718565128164,0.3345770777674254,0.073339483843446,0.1676752498727654,74,Spanish,sad
Let Her Go (Version 17),Passenger,0.0196593561380708,0.1764248557385432,99.5256803766824,0.2815835332191439,-23.966755167377023,0.5304114443789749,0.4271997566628401,0.1173698722626444,0.1180788492952707,18,English,sad
Fix You (Version 17),Coldplay,0.0470007360849493,0.2007992886576287,106.03782255273669,0.3326355351399022,-19.330395825104343,0.6578361598154769,0.1830141328732576,0.1249239126415366,0.1808215623250624,30,English,sad
Liability (Version 17),Lorde,0.0466991611075182,0.1516260499316252,86.84295732513093,0.4746280872283357,-23.832957566476026,0.8217247013155311,0.3820477932894396,0.0522156175778978,0.0590851870790606,82,English,sad
Hurt (Version 17),Johnny Cash,0.0407389060569531,0.3913975735389761,69.98348690203234,0.2485083682021575,-19.9660166798715,0.7352809010700978,0.0566156116295626,0.07282763268607,0.1712682272856738,52,Korean,sad
The Sound of Silence (Version 17),Simon & Garfunkel,0.2163308255886158,0.4273442565580867,68.58390975216085,0.4231325807306489,-16.142431446066958,0.6335224885193756,0.3497639352012859,0.0735623060637153,0.0845993964920311,26,Korean,sad
Mad World (Version 17),Gary Jules,0.2663060961061469,0.3098689226742489,91.96874002713878,0.235199512411396,-11.862668453203284,0.6524219211453461,0.2232927001118644,0.0784745187915757,0.2390890136859085,99,English,sad
Tears in Heaven (Version 17),Eric Clapton,0.317653824692909,0.2978388211055035,104.73737854156504,0.207067374877719,-21.788026055234667,0.8391581463413822,0.4481283582357894,0.1091426599472085,0.264745136780555,25,English,sad
Creep (Version 17),Radiohead,0.035509306782493,0.4459979904831105,76.03099532751133,0.1713326049712865,-25.212603273159075,0.5507811048083322,0.1255960023022336,0.0616737861821448,0.0837446215179105,48,English,sad
Nothing Compares 2 U (Version 17),Sinead O'Connor,0.1184707062235994,0.3289135258168004,82.0926854045532,0.2386875044943645,-15.07095742285772,0.8361059828359909,0.3783946114511985,0.0631600912752983,0.2361105419593884,35,Korean,sad
All I Want (Version 17),Kodaline,0.0607920729896204,0.1521271952365163,77.28135185180795,0.4230809476176228,-25.07303505515396,0.3379520453392077,0.0658547676031775,0.1316368459088454,0.2084458211868219,23,English,sad
Everybody Hurts (Version 17),R.E.M.,0.1012804653479906,0.3221183301312725,86.37898112126751,0.3621743913762645,-25.336248911567672,0.8186417923166387,0.1546842810400064,0.1102371150169108,0.0540311615930537,10,English,sad
Black (Version 17),Pearl Jam,0.1490628519576589,0.2406839271835233,87.17422142915072,0.1290945047108786,-14.197372525477832,0.4306684810605411,0.3385189074410051,0.1244175760217321,0.1904692390603782,92,English,sad
Someone Like You (Version 18),Adele,0.2963532826887942,0.3647441248860023,77.77648985760038,0.4235434156134261,-24.10597260228944,0.6427277506509104,0.3726988695707697,0.0692642682756259,0.1256919019043562,26,English,sad
The Night We Met (Version 18),Lord Huron,0.1837384040691291,0.4271853977396614,106.49608815728324,0.3180333651439561,-16.770675893526963,0.8419641733433485,0.2232927001118644,0.0501702151226014,0.2272250015628956,74,English,sad
Skinny Love (Version 18),Bon Iver,0.3294977847649198,0.4428116113322312,80.75535884274663,0.1357359609167467,-21.2443704540076,0.4384407541242323,0.145598227498312,0.1203947823888757,0.0688817715064717,38,English,sad
Let Her Go (Version 18),Passenger,0.3310324869922809,0.2710676343296676,89.80319655502976,0.1358608924942716,-23.252818432854408,0.3538205514089074,0.4807718614405548,0.1249440144124125,0.164908188589115,96,Korean,sad
Fix You (Version 18),Coldplay,0.0894410193294684,0.4733820420999409,77.22982978634859,0.1643937726749499,-18.7367122309209,0.8662644722068897,0.0019151452501612,0.0509562296230198,0.2846119101026019,51,Spanish,sad
Liability (Version 18),Lorde,0.0684343867428648,0.1452973806559279,88.50936078999023,0.444737529317932,-20.45780364612148,0.8967385540107149,0.3395858497689964,0.0296297379373582,0.2982080329204938,50,English,sad
Hurt (Version 18),Johnny Cash,0.1631576947120762,0.214961013538193,87.89395917889428,0.2217230367283457,-28.270849857596957,0.300857005847506,0.2247916764601311,0.128792244889457,0.1930787964075191,24,English,sad
The Sound of Silence (Version 18),Simon & Garfunkel,0.3996829195773763,0.21473865825888,74.02275323800276,0.1638997840935777,-26.71872823469329,0.4711119576060287,0.3964200226367635,0.1377483827827382,0.2937717924269203,58,English,sad
Mad World (Version 18),Gary Jules,0.092915861638581,0.4525190182456367,76.41275446386686,0.1451362178067538,-12.599501489596689,0.6816633807861712,0.0823654480405308,0.0758780634766903,0.1218144237192669,49,Spanish,sad
Tears in Heaven (Version 18),Eric Clapton,0.2947178274840788,0.2813664922497072,109.46399725531924,0.121897992903838,-22.899694677275065,0.5891401002659864,0.2515667773741599,0.0610716569101327,0.232310062274392,71,English,sad
Creep (Version 18),Radiohead,0.3498988293955899,0.4754877207911452,100.25466883997632,0.4402320789226398,-18.98909398760009,0.7955329358560888,0.1517519545739761,0.0718022390741978,0.129228253454636,91,English,sad
Nothing Compares 2 U (Version 18),Sinead O'Connor,0.1869549341791702,0.2142318464954545,108.08057211272234,0.2251378512022672,-28.039109237781204,0.6160902996302481,0.0285495392225881,0.0343706116201154,0.1048473472990615,60,Spanish,sad
All I Want (Version 18),Kodaline,0.1857400999528566,0.2733003729236112,99.98459310013956,0.3957898615536454,-21.473634120185974,0.500222524545378,0.1582343920307493,0.1206193613482211,0.0630181015553174,58,English,sad
Everybody Hurts (Version 18),R.E.M.,0.0051286598042423,0.4182177567706592,83.85731879945246,0.1523524554214304,-25.28868130810997,0.8595023718584296,0.429751487812449,0.1122720565291164,0.1705563075843316,22,French,sad
Black (Version 18),Pearl Jam,0.2081294504765543,0.4900978141135834,108.28852219421437,0.1861076183143337,-13.777908673893638,0.41834559970021,0.1067687389419757,0.1078920944413949,0.1512502746468871,52,French,sad
Someone Like You (Version 19),Adele,0.3726177628426081,0.1356038939584035,85.57628204047465,0.4674086121772485,-11.917726790409898,0.3939175280494447,0.1833188500482282,0.1004857820060705,0.0898487211928505,62,English,sad
The Night We Met (Version 19),Lord Huron,0.3872088688182955,0.4658997314910641,68.34750895172346,0.1484621845043942,-28.291830343834693,0.8456661984219787,0.0968119048977304,0.0741170407107661,0.1622128414130007,82,English,sad
Skinny Love (Version 19),Bon Iver,0.239604417685427,0.12869413749897,71.3379308700258,0.4725961547675704,-11.831797854628611,0.7687743884434154,0.0097006228091077,0.0625108799044932,0.2069896838357269,45,English,sad
Let Her Go (Version 19),Passenger,0.1100760847093902,0.4638346780215109,91.69447309162209,0.1287626869265782,-11.81988822328594,0.8746599949057337,0.0388562091958627,0.0892068305319709,0.1258410705535426,82,English,sad
Fix You (Version 19),Coldplay,0.1571356305925609,0.1718604871821367,88.90360510062062,0.4831917412995562,-19.93854799456782,0.3497487488366887,0.3100006667387042,0.0642289892786634,0.2639812973978244,44,English,sad
Liability (Version 19),Lorde,0.1738712593265881,0.1771358435768982,69.55528113455725,0.4075056722884641,-24.6882480338528,0.7603400364955338,0.1029436553832996,0.0618192279311702,0.1663717431099248,92,English,sad
Hurt (Version 19),Johnny Cash,0.3772783398773803,0.4726925699015298,70.34359377111439,0.2432876164972291,-27.012012230924555,0.6059910475880983,0.2302912753473333,0.1370988211185952,0.2825013444477681,68,English,sad
The Sound of Silence (Version 19),Simon & Garfunkel,0.1534269564029168,0.2966951772075957,104.81181245730666,0.4226831230980246,-29.926873773107012,0.4920357385101495,0.2108871209680629,0.0498631168788201,0.0998929039739846,46,English,sad
Mad World (Version 19),Gary Jules,0.0151138026382718,0.3573478900279042,73.12551452415828,0.1209388713725252,-25.380413789438727,0.7811483717016761,0.4257445908232733,0.0827986118751293,0.1540176676021715,16,English,sad
Tears in Heaven (Version 19),Eric Clapton,0.3911414774007127,0.1802258638352279,70.76796414273042,0.2167468708145599,-26.544853634378253,0.527619358922512,0.4554171134948769,0.0999952192817146,0.1529866371530659,79,Spanish,sad
Creep (Version 19),Radiohead,0.3737643178284859,0.1193856929903289,70.51380889509306,0.3263554420407036,-17.688947536136418,0.3237345039375678,0.2015193789535661,0.1043900154280134,0.2245176366008504,25,French,sad
Nothing Compares 2 U (Version 19),Sinead O'Connor,0.2552559610065077,0.2282252897443698,64.67600617989548,0.2708449785677336,-27.42491125263889,0.8685741951124004,0.2375854330113141,0.0612436926663927,0.241576017779725,69,French,sad
All I Want (Version 19),Kodaline,0.1991794370329055,0.22401360960498,100.59838711954008,0.4468608604004488,-16.53983667422646,0.3281786534446004,0.283161440083266,0.1192283385596466,0.0841257530208955,53,English,sad
Everybody Hurts (Version 19),R.E.M.,0.0914683005538413,0.4529980420272546,61.0060860926537,0.4010908551303904,-20.524534149711545,0.5680632953037641,0.0035482662474435,0.126521770025644,0.1399562251591416,92,French,sad
Black (Version 19),Pearl Jam,0.2163062525202171,0.3709202745342638,95.1314788218958,0.482392023530429,-19.373200935267818,0.5398317305846565,0.4768518132458539,0.1034743305533177,0.1245375890691389,50,English,sad
Someone Like You (Version 20),Adele,0.0505856981614284,0.4370218005860725,78.10908013970757,0.3641878885457724,-20.58367161268204,0.419357867877023,0.3008433043102325,0.0278887989635887,0.153335614967798,45,English,sad
The Night We Met (Version 20),Lord Huron,0.2186459758654684,0.2744187896474316,97.43360876254954,0.431169981818125,-14.57513851933644,0.3232877686870812,0.0970643852229861,0.0897589762042906,0.2837055101109503,35,English,sad
Skinny Love (Version 20),Bon Iver,0.3339827100208468,0.4370138033407207,75.16040968798374,0.271779158831481,-20.58588105368125,0.3944229500099462,0.0155340651222281,0.1430973769298671,0.1101781464158766,87,English,sad
Let Her Go (Version 20),Passenger,0.0959795614894525,0.1333516215075038,106.42538759718892,0.3318948459759088,-16.659262857492923,0.8469461323578316,0.1728100844503947,0.1007959504479509,0.0596998636822218,70,English,sad
Fix You (Version 20),Coldplay,0.0747090112924517,0.432498322035977,98.3384178169168,0.2402570765828587,-22.463787444515752,0.6201326601321477,0.0001205023425672,0.0513617636849436,0.1020579521520536,41,English,sad
Liability (Version 20),Lorde,0.1001931786999053,0.4223623370133765,73.98369282732216,0.1766085288200592,-19.91473078413937,0.8193870218236392,0.1206748519187499,0.0302097115630638,0.1391011839624161,34,Spanish,sad
Hurt (Version 20),Johnny Cash,0.2990607298259911,0.3202762178779178,100.83966847871736,0.4838368590436935,-14.14675046496766,0.6622818473062521,0.2466707940261902,0.0252089812252746,0.2960804947035103,89,English,sad
The Sound of Silence (Version 20),Simon & Garfunkel,0.153392449030017,0.1608912855667467,93.33544276982283,0.2137153156381837,-18.284434581379045,0.6520607447067548,0.2228649104514345,0.1286954200208555,0.1162417653888607,51,English,sad
Mad World (Version 20),Gary Jules,0.1794530366470936,0.3150768514363886,93.18123603836496,0.4135887402022358,-22.10385434243488,0.6876281664579577,0.0753054765342595,0.1412442530705222,0.1457647016052509,88,Spanish,sad
Tears in Heaven (Version 20),Eric Clapton,0.2918085687905754,0.108136432752871,70.25935714524034,0.2948330177294312,-12.43495064535307,0.6163530899704064,0.4649352411469395,0.0828935965557635,0.1726122741839875,56,English,sad
Creep (Version 20),Radiohead,0.0478987154002127,0.421062497660888,72.34827062335313,0.459844995748926,-11.783515593392078,0.8659860671244899,0.260115244551545,0.1080221920218737,0.2446289700154159,86,English,sad
Nothing Compares 2 U (Version 20),Sinead O'Connor,0.0524058474601862,0.3403828779989989,61.71489506516559,0.2990264333554904,-26.90314636759545,0.4097537555772508,0.1825237833463007,0.0762168316731454,0.2057931061330468,46,Korean,sad
All I Want (Version 20),Kodaline,0.0297713673754062,0.3014767044949779,69.13125651265506,0.3295900700126968,-17.25190775477633,0.6340255539317123,0.3691477552391538,0.0636292017513171,0.2412766479082827,76,English,sad
Everybody Hurts (Version 20),R.E.M.,0.1731068326832774,0.2936737993290387,92.40510636305356,0.1073433535996895,-16.920115571595034,0.6711510894432693,0.1549235583766399,0.0311532570369336,0.0727338624782602,57,English,sad
Black (Version 20),Pearl Jam,0.3692894987940914,0.3757117284903348,66.35513068853702,0.2426892677235625,-18.15034012196807,0.8013430230543892,0.0218304643565042,0.0507623070911011,0.272437247573845,56,English,sad
Someone Like You (Version 21),Adele,0.0036662200735265,0.1805596411175549,107.9512087986483,0.3453607386088684,-24.76657266724987,0.3401946566375086,0.014095670223611,0.0518168603528005,0.2703714548972276,47,English,sad
The Night We Met (Version 21),Lord Huron,0.1663654617190038,0.3881333476663972,105.91425176899789,0.2632161846411266,-26.17445257925206,0.6102707585141518,0.4540418435299272,0.124568673837901,0.0664574608407884,87,English,sad
Skinny Love (Version 21),Bon Iver,0.2770291200310327,0.3287590089835815,105.37315881732128,0.1489925667401189,-19.319277735906866,0.8276776161071355,0.2050118933708715,0.0826593393052727,0.0676151694167395,50,English,sad
Let Her Go (Version 21),Passenger,0.1112574561795643,0.2298026596675789,107.25612243724434,0.2130669442164636,-20.78262529460696,0.7027826541385679,0.0810916862039387,0.0832375103284436,0.2346347598689769,71,English,sad
Fix You (Version 21),Coldplay,0.3467420852108264,0.3505037098649707,93.4526757658474,0.1505133890338276,-11.084470055073057,0.3795444464906894,0.3873364685908991,0.0544261218311814,0.2833982859253129,67,French,sad
Liability (Version 21),Lorde,0.2879838157477918,0.4015254851913475,70.95295865299417,0.2772159906540643,-17.64373610821427,0.7619841709239605,0.0519796879561947,0.1451074911390887,0.272555167638639,47,Korean,sad
Hurt (Version 21),Johnny Cash,0.1081394361982337,0.4291040972129328,85.91619615199117,0.2847225926248075,-23.71131788377189,0.6485811519789555,0.3649445588517989,0.0734212776451585,0.207304798252073,99,English,sad
The Sound of Silence (Version 21),Simon & Garfunkel,0.2797251684621215,0.3844487268061144,62.598304906559015,0.4438991222740268,-20.83493370469904,0.4574496490177286,0.1208822537398408,0.0827918346697135,0.2717078848672398,30,Korean,sad
Mad World (Version 21),Gary Jules,0.1513390326730588,0.3998902987134173,64.84093654936093,0.2904226808604247,-10.166277192145287,0.7622626816754022,0.1052642442203065,0.0851873915807284,0.1084061909121416,96,English,sad
Tears in Heaven (Version 21),Eric Clapton,0.1638243709050037,0.4120336094939859,98.5612407645202,0.191240151160954,-11.555533636902798,0.6555409096588961,0.1899621454810072,0.0852516255015118,0.2012678133594359,11,English,sad
Creep (Version 21),Radiohead,0.2239562127383141,0.2945620142144712,85.24664020447,0.1705647641711544,-13.745341913906412,0.6250561919646093,0.0655399308523515,0.1196004232057611,0.2831109945943377,99,English,sad
Nothing Compares 2 U (Version 21),Sinead O'Connor,0.3789227596947848,0.2476070929644691,66.7758436780377,0.3073598506532261,-27.747815413015587,0.8603924511075705,0.091789813677573,0.0528595617936513,0.1516591317212426,55,Spanish,sad
All I Want (Version 21),Kodaline,0.1532657874236503,0.4178651569591556,82.81584102754812,0.1683073040013347,-24.65580209027852,0.6054680311125132,0.0737269587130674,0.0995152378339818,0.1914368266377865,11,English,sad
Everybody Hurts (Version 21),R.E.M.,0.2858809265529031,0.4750818461517471,105.6127280550578,0.4784302472275326,-25.10568805952598,0.3789391839836127,0.1511383502482242,0.1363610724596209,0.2930133686558721,34,French,sad
Black (Version 21),Pearl Jam,0.3437299804281904,0.1440070884510174,107.37139990298964,0.2693432109403144,-29.81379418475293,0.5654362444489163,0.0230345848377337,0.0907041297509452,0.1346385068592628,35,English,sad
Someone Like You (Version 22),Adele,0.1893739734376195,0.3452681442972468,103.440054790891,0.3647606305887715,-21.319022630436383,0.7916567122022191,0.4527910687865661,0.0355687956361856,0.1829832443881978,70,English,sad
The Night We Met (Version 22),Lord Huron,0.1138047838969776,0.1188244791507789,93.42733475569926,0.4451083109836903,-26.74194691045212,0.7874481945743403,0.4266978667684708,0.1388642575466428,0.1163212722715131,13,English,sad
Skinny Love (Version 22),Bon Iver,0.3615812260759557,0.2282651018945729,87.61690067277515,0.1202029883329128,-29.122378232625127,0.7322239276393219,0.2222399889888955,0.0533180087979982,0.0976033740062275,36,Spanish,sad
Let Her Go (Version 22),Passenger,0.2679813963436872,0.1001606176101359,100.2945584598427,0.1316998424519715,-26.17020770183761,0.5317418371794538,0.2424293698580518,0.0661493650558124,0.1301780412460734,82,English,sad
Fix You (Version 22),Coldplay,0.3855664048292754,0.3566318724973577,61.17164776836941,0.2720703633777253,-12.499826005120596,0.4808737118464008,0.0472781723871941,0.1185900203066893,0.2015034579840203,64,English,sad
Liability (Version 22),Lorde,0.2281250031306015,0.1214306238429631,67.02495048977586,0.3490197584852455,-25.84352317082328,0.6024420478490546,0.2724408430146967,0.0568559347352221,0.2871062888853732,84,English,sad
Hurt (Version 22),Johnny Cash,0.3369856427342301,0.3889494030531194,63.899693320470455,0.1424520077236077,-20.144373082700888,0.3964280095145914,0.489132731764737,0.0406076304235632,0.1718669588659935,34,English,sad
The Sound of Silence (Version 22),Simon & Garfunkel,0.1456484227366021,0.3557545685816392,66.45182044447125,0.2721265712169564,-24.505899343857127,0.832650914803013,0.0202928560673475,0.1387845742208397,0.2582485346382501,58,English,sad
Mad World (Version 22),Gary Jules,0.1190282865763261,0.4157162618708419,61.56067801693738,0.4867462201173574,-19.46810114820421,0.4819686156392672,0.1812916062973385,0.0286326959498646,0.2973373785105098,49,English,sad
Tears in Heaven (Version 22),Eric Clapton,0.0157167780602769,0.3619628492591437,82.13679638532292,0.479566487275486,-25.080005193864096,0.6192520943628068,0.2411781042913764,0.1113726377265131,0.0670025579881051,74,English,sad
Creep (Version 22),Radiohead,0.0775156520093419,0.1858259280371399,96.90753774208449,0.175655478530696,-18.530164722180466,0.4291462923005722,0.4308124750419892,0.142484109083653,0.1796232437355601,27,English,sad
Nothing Compares 2 U (Version 22),Sinead O'Connor,0.1409235536836713,0.1936231100069996,62.48905007615219,0.2074000304789981,-16.915284401093643,0.6201701587855266,0.4720206391404637,0.071516044123921,0.2234658355820986,30,English,sad
All I Want (Version 22),Kodaline,0.1957290989900485,0.3050304863696846,73.38871573020587,0.2819803107367998,-20.584300059745857,0.7239855130493604,0.4703199995930569,0.0628117660727255,0.0605501171453246,43,English,sad
Everybody Hurts (Version 22),R.E.M.,0.1985180502002559,0.3177845328596674,68.42202755659576,0.4041858425104266,-10.301417831170166,0.8674648302050767,0.098553019411826,0.1337972211870988,0.2261234091029211,58,English,sad
Black (Version 22),Pearl Jam,0.1815386255227646,0.3162443977298916,102.4800087491229,0.2920539758553493,-22.53585261789746,0.5959484958155915,0.2895649020175245,0.0445800949911853,0.2752269325667477,24,French,sad
Someone Like You (Version 23),Adele,0.2696747795318455,0.3533075669349955,64.9748113090319,0.3416695752690367,-27.580786755230157,0.3472186051172394,0.2636554478211966,0.0723621194260443,0.1972025675390558,49,English,sad
The Night We Met (Version 23),Lord Huron,0.0356888672228954,0.2723932251389034,68.7393357522579,0.4948400343696466,-18.77699575129651,0.7124621165645204,0.1627091403413039,0.0323160589213147,0.2939677156958841,13,English,sad
Skinny Love (Version 23),Bon Iver,0.1145036141532732,0.2695232740694296,92.49319608512874,0.1098789190744445,-13.794817389654265,0.6219469140171723,0.139108593534411,0.028009038088021,0.0906246038686103,59,English,sad
Let Her Go (Version 23),Passenger,0.3580135435413747,0.3744096895743564,72.49508608184449,0.1262403059780118,-16.187693752267272,0.6434446355806591,0.2022597622291175,0.0672694883947083,0.104203568982277,73,English,sad
Fix You (Version 23),Coldplay,0.2678445026150071,0.4882672111175482,68.7857622918413,0.3388466480062013,-21.516298885080477,0.568013233046799,0.1270736400639072,0.1272675338359845,0.1713139010368102,32,Spanish,sad
Liability (Version 23),Lorde,0.2173623408793056,0.2219043651189303,69.09042328334749,0.1343641552811282,-15.717617181501682,0.4177405690127134,0.3450376770943988,0.070748937986104,0.1539437002474128,95,English,sad
Hurt (Version 23),Johnny Cash,0.1876709984371087,0.2470834032510173,65.0309988611295,0.2238527240011383,-16.72531278612123,0.6994706408813226,0.1431121536199971,0.0798133414524994,0.0983618070029843,54,English,sad
The Sound of Silence (Version 23),Simon & Garfunkel,0.0841488326119343,0.1092188353626429,104.83732749538724,0.1842826660299625,-25.44932246127073,0.4677608595870791,0.0637040358477145,0.1031041748135771,0.0687857382943966,15,English,sad
Mad World (Version 23),Gary Jules,0.0536809705305401,0.3579026906360372,76.98303102407213,0.3831791306804756,-18.85150510659716,0.4536127038369079,0.325413975244664,0.0351155784380744,0.1841025957700076,22,English,sad
Tears in Heaven (Version 23),Eric Clapton,0.1748592420180138,0.2071494331269763,90.200249886975,0.448533436936113,-10.021906004738463,0.6646576612460547,0.202352937164585,0.0492769230281062,0.1142740223487779,58,English,sad
Creep (Version 23),Radiohead,0.1917819912599062,0.2469110805122837,105.6907261312472,0.2473181870622838,-22.53110817709129,0.5301207074603862,0.418310105183829,0.1046024817100972,0.2035422125797231,10,Spanish,sad
Nothing Compares 2 U (Version 23),Sinead O'Connor,0.1336572089535448,0.4271616707329758,61.918193067785054,0.4483188689352453,-19.74500200412141,0.5389501409180477,0.2485836403588428,0.106764018969398,0.0531913566294743,25,English,sad
All I Want (Version 23),Kodaline,0.3486207425832991,0.2786958101245571,77.14832598500391,0.1552982262536228,-21.21069251283116,0.5977936627706273,0.2018233472467389,0.1082258121974966,0.1552241321898065,40,English,sad
Everybody Hurts (Version 23),R.E.M.,0.3845670311386293,0.3397110071294367,100.37389678259544,0.1437423612437915,-22.054174141081887,0.5021086208682917,0.2847411940682959,0.1319447576079853,0.0695845544405016,38,English,sad
Black (Version 23),Pearl Jam,0.0290299192178843,0.4401270832630396,70.64250430191787,0.3675013017799254,-19.142437352783897,0.7997361569323378,0.0625444549182017,0.0368717855439394,0.1892045900695769,30,English,sad
Someone Like You (Version 24),Adele,0.3785514613433484,0.2659991033483017,76.34710501273474,0.3426757292791543,-11.391027989099378,0.8021566997067742,0.4977418053666099,0.022933915816309,0.0782145361781905,48,English,sad
The Night We Met (Version 24),Lord Huron,0.2437871053466488,0.4282305757335399,74.26221711533833,0.1956844352136875,-14.260484012375985,0.3338291123119389,0.1846913237912925,0.0857551989370028,0.1900871685875808,33,English,sad
Skinny Love (Version 24),Bon Iver,0.2914460627171107,0.2419382893722633,90.63421723373035,0.3341501691163825,-19.04767798692506,0.6842899758853274,0.1297245855340381,0.0310043379660017,0.0798179180099358,56,English,sad
Let Her Go (Version 24),Passenger,0.0898329530615604,0.3000791742091141,102.022137527301,0.3805173368353537,-14.219187915959058,0.5105853743556549,0.202326870824275,0.0711786451787796,0.0979682961011253,96,English,sad
Fix You (Version 24),Coldplay,0.0244866632574288,0.3363664371308907,109.4608341710293,0.1667318819801051,-29.066303602014525,0.7677190090943598,0.1262930033423621,0.1278536946958806,0.2259841667586288,52,English,sad
Liability (Version 24),Lorde,0.3782694148203218,0.2635708943026688,93.0984919725317,0.2859419123253083,-17.38822605382913,0.5697593436046424,0.0943161232120374,0.0860266640804395,0.1821460503593606,93,Spanish,sad
Hurt (Version 24),Johnny Cash,0.3242415393040644,0.3942082823174325,93.1895811970722,0.145354838221029,-15.5876741867257,0.6001830938127088,0.4470497680530796,0.1395832214369705,0.0637891476504463,39,English,sad
The Sound of Silence (Version 24),Simon & Garfunkel,0.3282566241417915,0.1150789561690682,78.35848128475114,0.3169199902484316,-27.03798402745745,0.7477882875414461,0.0041773520860692,0.0419178762964247,0.1951992074633689,33,English,sad
Mad World (Version 24),Gary Jules,0.2857550248149169,0.4666572410775664,95.2748325967312,0.3687117081019464,-22.11317707298672,0.3007706553160808,0.0600796293678109,0.089492090818285,0.2187824714611049,76,English,sad
Tears in Heaven (Version 24),Eric Clapton,0.166979313558585,0.3922716046113561,86.09311476660893,0.1296704782377249,-26.15967498064102,0.8039989339463658,0.3624563733122197,0.1363190583116243,0.0793893122802341,16,English,sad
Creep (Version 24),Radiohead,0.3960890138460295,0.1837626855799734,60.5889938143321,0.4989691756214217,-24.378522291097735,0.700811671507536,0.0883411570881526,0.0954297091858884,0.2760087466136398,82,English,sad
Nothing Compares 2 U (Version 24),Sinead O'Connor,0.1280724669713754,0.3681015904177437,69.39517943992082,0.3499181594874901,-23.2709929636498,0.426724955152771,0.1565910253518175,0.0432493389060139,0.2754790269594707,69,English,sad
All I Want (Version 24),Kodaline,0.1588747545268515,0.1981117219897469,82.42039205079664,0.2282144667225982,-15.11161492373348,0.8827319471312967,0.2190168283488234,0.1319343419963912,0.1914657683899048,90,Spanish,sad
Everybody Hurts (Version 24),R.E.M.,0.0628942660376934,0.3762490968325366,85.67172485629101,0.3602426093008414,-12.2062517485667,0.5642607423936277,0.4505888116086778,0.1175869718566151,0.1721512314694961,57,English,sad
Black (Version 24),Pearl Jam,0.2412888542631854,0.2302324530076046,109.17986498693872,0.3669404652201584,-29.123062950067403,0.4959731434488053,0.3116572168795287,0.0273233261139011,0.0559710478297856,89,English,sad
Someone Like You (Version 25),Adele,0.180009695811121,0.233076071877068,81.9149304016583,0.205077323952002,-26.70564506114038,0.3596968013237788,0.2572855581339002,0.0460200474624176,0.1298973565649995,38,Spanish,sad
The Night We Met (Version 25),Lord Huron,0.2367231630653303,0.1288917393089911,67.37265046330897,0.129298241642956,-13.753653345717623,0.7514455399272055,0.3766564659396285,0.1131222946518836,0.2173463559174673,29,English,sad
Skinny Love (Version 25),Bon Iver,0.19079676615127,0.356911265402846,61.91807773939873,0.3485857690627139,-14.442445889262457,0.6002150162306341,0.1787566642136184,0.0560654755241272,0.2107005125405206,87,English,sad
Let Her Go (Version 25),Passenger,0.2771204794519635,0.448387039945017,77.11670412304954,0.4079089229542342,-18.77288351621324,0.8297018944068475,0.2639060541478104,0.0872918776917357,0.1944692703602272,46,English,sad
Fix You (Version 25),Coldplay,0.2997261420569738,0.4858761915313844,63.67816771078828,0.1213738409564068,-11.248993251853229,0.6179253753109237,0.307451507283468,0.0827150682073147,0.0734143631518686,42,English,sad
Liability (Version 25),Lorde,0.3072357513674666,0.3988898580354347,75.5851660746406,0.2224956980913601,-13.243172381889629,0.3434143546447959,0.4405525741782829,0.0533660196864688,0.1982461869388734,25,English,sad
Hurt (Version 25),Johnny Cash,0.3743976716007111,0.3712490006146586,80.72149062335183,0.375813683562166,-23.1204072736726,0.4663550498095117,0.4983416389673398,0.1176027300533724,0.2111799943454544,32,English,sad
The Sound of Silence (Version 25),Simon & Garfunkel,0.1421158572877275,0.1196643316620192,61.55284380175778,0.3216725021795195,-14.759345579218978,0.6224275142663132,0.4203925359695573,0.0243454493021188,0.141688019106485,44,Korean,sad
Mad World (Version 25),Gary Jules,0.0948281564696712,0.2789091872628488,63.618819659706126,0.481652656628429,-25.534891978612784,0.8533846652901509,0.2129465775183409,0.1481181373231783,0.1885145958650527,45,English,sad
Tears in Heaven (Version 25),Eric Clapton,0.372333145670323,0.1021395954776891,97.411940309045,0.4612202612410062,-27.20558866042092,0.3576755110392909,0.2122863035929778,0.1413782577972815,0.1855966400476096,18,English,sad
Creep (Version 25),Radiohead,0.2109825854886928,0.1564504473197287,60.03947555466094,0.4240560362981845,-28.248508740275238,0.6803098912411945,0.4573082272575957,0.047124748710596,0.2163182090592277,63,English,sad
Nothing Compares 2 U (Version 25),Sinead O'Connor,0.0314794306830037,0.3415020575350452,68.19658604766013,0.3943814242060712,-23.97537410412184,0.5780346052827878,0.2997152710138108,0.0422655433866111,0.2354094546544052,48,English,sad
All I Want (Version 25),Kodaline,0.1210561362547258,0.3649487439651014,67.91415253496868,0.3752470636825401,-27.436238543790765,0.5552138977619903,0.1236030368694384,0.1172887824256637,0.1155087511267186,56,English,sad
Everybody Hurts (Version 25),R.E.M.,0.3526869225581585,0.4567280845626451,69.8220657611393,0.3455383780030897,-28.245647165600715,0.5349222597609775,0.3566608647506361,0.1057250220904891,0.2061751673516519,23,English,sad
Black (Version 25),Pearl Jam,0.1130163454649774,0.2512099797737608,65.14730723501431,0.3876091281734404,-19.92222406417453,0.7252593794073928,0.1244717623984363,0.0621769697225586,0.1335538343150286,21,English,sad
Someone Like You (Version 26),Adele,0.0102969638988864,0.2364191491322494,100.16522867590167,0.4589193982998955,-19.63563368728145,0.5733010171315323,0.0154123093496851,0.1342965638860997,0.0532525533564681,64,English,sad
The Night We Met (Version 26),Lord Huron,0.3779000320840847,0.2956864994752363,77.09672467873634,0.469687373937064,-29.512180137798065,0.6488549369214522,0.2744662622496688,0.0485116521574796,0.1572218578375526,32,English,sad
Skinny Love (Version 26),Bon Iver,0.2609056023775081,0.390852478752771,60.035842935328986,0.4747413720364061,-26.70949255214375,0.4401482605334155,0.1317367228469241,0.0249166177517645,0.0807630308975812,96,French,sad
Let Her Go (Version 26),Passenger,0.3945399691776648,0.2260866949509144,65.76505451695246,0.1427965044698493,-15.610800646600564,0.8127411984195845,0.1284761497542349,0.0227182366035805,0.1057725046113389,30,English,sad
Fix You (Version 26),Coldplay,0.0226062763187029,0.1413579746520166,81.57540599238212,0.191967348344653,-19.68108242949153,0.4520962519543142,0.4702686505514738,0.1377727158304144,0.1917015262526165,28,English,sad
Liability (Version 26),Lorde,0.1417695967949544,0.2524587528138942,80.59261415722484,0.3910317288539776,-20.96722008962324,0.8140379679035386,0.4720473929651823,0.0636729999392614,0.19017362034392,11,English,sad
Hurt (Version 26),Johnny Cash,0.0380226147330257,0.1801876191065436,80.673288335508,0.1824810863607115,-12.46879018422565,0.3949717536354588,0.2278304107765459,0.0987409012597838,0.2229659770402111,57,French,sad
The Sound of Silence (Version 26),Simon & Garfunkel,0.1532277478906027,0.4476396274898914,88.41595755389628,0.2758031121790207,-28.655187318959268,0.578813681067099,0.4103679204078651,0.099890332368771,0.2580406134322796,24,Spanish,sad
Mad World (Version 26),Gary Jules,0.1976046682397222,0.1473846820377927,60.68199229179405,0.2212878186874365,-16.04019057004415,0.7741559423650164,0.1478764173101647,0.0844350097148221,0.1552797261085204,81,English,sad
Tears in Heaven (Version 26),Eric Clapton,0.1642091137405711,0.1925394852800602,66.81855525147292,0.1786754232924852,-28.89335225673308,0.4188784450941462,0.0046004488126897,0.1015435920826771,0.1290938518469207,45,English,sad
Creep (Version 26),Radiohead,0.3892578845707635,0.1774868203105191,77.2914285154797,0.2431364634566133,-29.830970078750788,0.8035247718236753,0.0159972300721623,0.1422233785148013,0.2730185877734051,32,English,sad
Nothing Compares 2 U (Version 26),Sinead O'Connor,0.2142087664343854,0.3174382299645168,92.6888961478078,0.2548200047739548,-17.055554332042888,0.3268610332130921,0.0270238136748632,0.0794399545505407,0.1874055752765087,60,English,sad
All I Want (Version 26),Kodaline,0.3551270561343276,0.1418642535631585,101.13239635969448,0.1840189349168278,-22.118327029799364,0.3596968013237788,0.2000776364326995,0.0395644147494361,0.1758925186008887,95,English,sad
Everybody Hurts (Version 26),R.E.M.,0.3206570359325469,0.2766136041515588,84.53067879490996,0.4395070341125257,-15.878837707239384,0.594272645111871,0.1288478240945898,0.1350404770898456,0.1942551004226396,97,English,sad
Black (Version 26),Pearl Jam,0.0884590440442773,0.2076479010552041,100.1566544468123,0.1176582248349821,-10.1581562594236,0.378211007828875,0.3980342626984687,0.0713207911803187,0.1730540458218667,79,English,sad
Someone Like You (Version 27),Adele,0.3522602309858311,0.2651644758356853,86.87468768366173,0.1197198649636679,-29.953050522650937,0.4468799238010356,0.3402915464593836,0.0357644361366877,0.0784404897011373,22,French,sad
The Night We Met (Version 27),Lord Huron,0.1643842432143613,0.3591348154432906,95.60359961239652,0.1713802696393499,-28.40823705255915,0.8642382203673267,0.1303331912810508,0.1309350446891341,0.2658728626157046,37,English,sad
Skinny Love (Version 27),Bon Iver,0.3090090367050178,0.167533442661028,101.09007296271002,0.4077002236966347,-18.065540197875656,0.5023212211013717,0.131254302133272,0.0358455975704466,0.1774392667252178,60,English,sad
Let Her Go (Version 27),Passenger,0.2341043502039386,0.2437355962063149,83.76795338404342,0.2454057829477066,-17.179878853585976,0.8407555246779381,0.0819601310234724,0.069583145287406,0.0852171509877153,54,English,sad
Fix You (Version 27),Coldplay,0.2499775081631328,0.3915482037954383,106.5956366298728,0.2115487705043859,-10.995775882691396,0.3379576030924048,0.3015069316822941,0.0274272535146328,0.2734435469404862,17,English,sad
Liability (Version 27),Lorde,0.2119236228280216,0.3677393403051184,101.57869629552263,0.1601242489935875,-29.228168761237324,0.8273286875477113,0.1574666137294662,0.0367672580305314,0.1671153092717716,90,English,sad
Hurt (Version 27),Johnny Cash,0.2393224302784075,0.112388241369004,73.74478291285439,0.1131199497107584,-21.59329221609002,0.8370600174397467,0.4913262057467846,0.1028161819554715,0.0904094234461479,22,English,sad
The Sound of Silence (Version 27),Simon & Garfunkel,0.3623397559997223,0.3064991292800242,67.6874656051459,0.4686906677806646,-14.85061898553794,0.739023163633891,0.3545903518972023,0.0460441767425375,0.1027516729268815,49,English,sad
Mad World (Version 27),Gary Jules,0.275317199370902,0.1878891000441587,81.93358484015243,0.4128007302375766,-14.320949638043182,0.5719570635155158,0.3960949691376225,0.1290208335057474,0.213693937821065,22,English,sad
Tears in Heaven (Version 27),Eric Clapton,0.091370340923368,0.209604712154219,75.74205777043677,0.1467216430935808,-24.536807592601097,0.3596968013237788,0.227664374904301,0.1380968812233944,0.0761200791884895,21,English,sad
Eye of the Tiger,Survivor,0.758169179376994,0.777479307366149,163.6550317725809,0.946407186228576,-2.506796613167702,0.1682713542610397,0.1659390426242183,0.2373224492439809,0.0682291278235948,76,English,energetic
Lose Yourself,Eminem,0.373746709525347,0.7609211778760187,158.13663472306536,0.8805851952465934,-5.229871593696556,0.1309242387030925,0.2837257179213934,0.1882692356038522,0.2107588856765613,47,English,energetic
Jump,Van Halen,0.6462320050281266,0.8026796778369238,135.87116169864083,0.9467617901837064,-6.982540370939913,0.0144696767672114,0.3514122996828623,0.1114953584410816,0.3426336383330784,99,English,energetic
Sandstorm,Darude,0.4974034377973397,0.8174362812383413,148.34790804117574,0.6543698026068545,-4.714396795307655,0.1440832138184686,0.2046144776939167,0.2847626086323838,0.0688461772274489,13,English,energetic
Thunderstruck,AC/DC,0.6018409935792169,0.8752674366495155,194.4137890251992,0.5221213356296424,-3.412003320518272,0.1707259857055914,0.0967710912476946,0.2665989341014631,0.0585695341734313,97,Korean,energetic
Can't Hold Us,Macklemore,0.7394727774802379,0.979933966350596,176.00383631480435,0.6975631597912015,-7.640951868218256,0.1840227626645257,0.1881184890766299,0.0378291209707059,0.3604194820979428,68,French,energetic
Till I Collapse,Eminem,0.589102352145755,0.7373035952327232,144.99902665171817,0.5290208062051308,-3.405651682331412,0.1244058958504018,0.2022969193421777,0.250617575910706,0.4374539695886061,29,Korean,energetic
Run the World,Beyoncé,0.669374638009876,0.7038269439122291,178.6660759023415,0.6880996476141582,-3.475540134188904,0.1298161204037768,0.1400946457308307,0.2776165963963845,0.1102886900374015,22,English,energetic
Power,Kanye West,0.7029070843686225,0.7013078739869741,194.72557737836263,0.5506268599571411,-7.240926158819403,0.0666015266104488,0.1494265144156322,0.0878610195271772,0.3133047474172061,20,English,energetic
Stronger,Kanye West,0.5657484588251782,0.7102526767123262,152.37564435787104,0.8646948111079267,-2.482387721105052,0.1449741707159761,0.2792467696334094,0.1139627157734189,0.0948487649345491,80,English,energetic
Bangarang,Skrillex,0.4634803104198576,0.9495355900555478,198.63295584481497,0.7222311566337025,-7.922397160615662,0.0280089624268458,0.1288322301265063,0.1862180441200964,0.0837921406123912,98,English,energetic
Turn Down for What,DJ Snake,0.8660143792259289,0.8095251019853202,193.8808952547376,0.8512348112406598,-1.956501819875351,0.1213439159564464,0.2507135268207378,0.202260873508387,0.332924624161512,23,English,energetic
Radioactive,Imagine Dragons,0.6322369388390168,0.9959242055448668,181.26033971979876,0.8496258747766345,-1.0202974793306063,0.0431279525451698,0.0335216636380243,0.1603814978816216,0.2813363130286729,71,Spanish,energetic
Believer,Imagine Dragons,0.7975090679699507,0.8331350737847008,169.95971178810188,0.7371819223310563,-7.694377729940871,0.1230429793193828,0.3312173143097009,0.072525147980467,0.3174492802669681,51,English,energetic
Kickstart My Heart,Mötley Crüe,0.6561663266678487,0.7492554892169075,138.64245016115152,0.941023374339418,-4.8502466427757,0.0454843457447058,0.0685298177817499,0.2102524626674734,0.3242503837972754,34,English,energetic
Eye of the Tiger (Version 2),Survivor,0.6861312737924505,0.7264018082534356,192.54742084489055,0.6751698785640717,-5.4930447485571365,0.0924722894495478,0.1560264262990513,0.2631657908475694,0.4681674388390514,98,English,energetic
Lose Yourself (Version 2),Eminem,0.4820719298697637,0.9591807422379864,184.7066190673147,0.9188634525551428,-6.033997502512897,0.1153918300241958,0.1098178338961778,0.252505512430781,0.0523958857569789,89,English,energetic
Jump (Version 2),Van Halen,0.6388914977318377,0.8017610293815753,152.58785949544742,0.7902078457392125,-1.1881244054880489,0.1218390782786652,0.341269191458689,0.101441220207878,0.2837758346442415,32,Korean,energetic
Sandstorm (Version 2),Darude,0.5703219234402457,0.7034934698509289,168.9768500198518,0.7976859458657787,-3.2646847646474395,0.1472559797566843,0.2285358113812308,0.0480225688097043,0.1024004858381201,53,English,energetic
Thunderstruck (Version 2),AC/DC,0.6578847465263715,0.782493757592092,135.57515903243362,0.693321234551846,-3.565419215330757,0.0657491976699213,0.2881734808903112,0.203818064187336,0.1997682624912524,26,English,energetic
Can't Hold Us (Version 2),Macklemore,0.7529235173451364,0.8946085127599106,174.62117651025315,0.7490424653541806,-7.908882655291578,0.1393014366953778,0.1504167164436626,0.2845046217428369,0.4180931469847424,84,English,energetic
Till I Collapse (Version 2),Eminem,0.6526166817187874,0.7756545945457808,144.26021752943666,0.6531731769548971,-4.187456451359852,0.0592131020077894,0.2059717981569931,0.0746500148885602,0.4899707657714749,92,English,energetic
Run the World (Version 2),Beyoncé,0.3647547329789963,0.9795832418963116,193.95046079818863,0.7364122168187741,-2.200717825311325,0.0872096595945175,0.2520138310169753,0.121955503103702,0.1855215589034504,20,English,energetic
Power (Version 2),Kanye West,0.6469378717017082,0.849438902255194,170.56754584049867,0.6289972615791604,-5.064337345464038,0.0167795921257818,0.0209105489088822,0.0984334250117144,0.0834110866987455,55,Korean,energetic
Stronger (Version 2),Kanye West,0.3622648251808444,0.9438785216181812,132.72115879116825,0.7965242572706341,-5.819538009476796,0.1743091361416253,0.1939969138309998,0.1125056440185129,0.2829375210602455,72,English,energetic
Bangarang (Version 2),Skrillex,0.5291748114271613,0.869290319400949,138.0173007828444,0.948645726265648,-4.59555297842626,0.0696461279414737,0.2840839393265059,0.1282528397537397,0.4249734372629409,88,Spanish,energetic
Turn Down for What (Version 2),DJ Snake,0.5725624346162552,0.9158675239796304,137.52172515093207,0.8807536334998003,-2.114256105775121,0.0423433556923931,0.0581144038983146,0.1153989341559185,0.4892317637143569,11,Spanish,energetic
Radioactive (Version 2),Imagine Dragons,0.4540989447402351,0.83683816268399,132.10141580021354,0.6787523883048046,-3.429439876535178,0.190624922501593,0.2066944179760257,0.2511589780679757,0.2962074391560053,37,English,energetic
Believer (Version 2),Imagine Dragons,0.3244710080613108,0.7945024825569322,170.2884655481772,0.927767284669006,-1.1269571219901335,0.0456711228357695,0.0880439320076654,0.0843167011207532,0.4651245033361264,30,English,energetic
Kickstart My Heart (Version 2),Mötley Crüe,0.8115996918610324,0.9324650296758846,157.49145799569592,0.726971316934445,-4.285346041638777,0.0506796215118745,0.2020112184595068,0.0382340679202437,0.1093146680738566,48,English,energetic
Eye of the Tiger (Version 3),Survivor,0.8319537577013678,0.925503930109427,159.6007886341361,0.7327176630277448,-5.040008912320181,0.1481559734321345,0.3136748716928318,0.2360870013548529,0.3751752761755023,25,Spanish,energetic
Lose Yourself (Version 3),Eminem,0.4227026032156775,0.8013909937721436,162.88918044885725,0.648856846142445,-1.9604783987333685,0.0658707048499909,0.0552928347141348,0.1377409220530421,0.4909614947520711,99,Spanish,energetic
Jump (Version 3),Van Halen,0.4355288477601455,0.8836475976829687,160.30811348877944,0.531961055442197,-4.096987152015524,0.3596968013237788,0.2052879903311275,0.2654686372115769,0.1800216574959122,36,English,energetic
Sandstorm (Version 3),Darude,0.3517495027823789,0.9809696834974018,156.47374446697532,0.759382498154135,-1.6639749909584325,0.0648627327751161,0.2864658152710445,0.0665630894508135,0.1810821862424774,29,English,energetic
Thunderstruck (Version 3),AC/DC,0.3868263816819119,0.9433691675204072,145.58544646587498,0.8228315999323446,-0.4536128220347795,0.1055544418137754,0.216011676904275,0.1544790633864092,0.1966505645271392,59,English,energetic
Can't Hold Us (Version 3),Macklemore,0.5853930185549503,0.8808422596800278,199.01941005194612,0.9219940516932008,-1.1027763336550258,0.3596968013237788,0.1871396733168172,0.2075099683379155,0.4527800253212963,73,English,energetic
Till I Collapse (Version 3),Eminem,0.5357704589948118,0.9885287435036406,159.1050243448428,0.770487199426947,-2.3215622938210245,0.1901184026151876,0.0978465096209064,0.2314553641244334,0.284367013764837,36,English,energetic
Run the World (Version 3),Beyoncé,0.4611342843723847,0.9329820519389171,168.65555961216927,0.7974382192923541,-5.416791451376792,0.096254790365521,0.2469417003952268,0.1393259198528579,0.1392676429314656,71,English,energetic
Power (Version 3),Kanye West,0.8769842953891824,0.8534402620127852,181.37442592013903,0.6849712371002261,-5.158945887794269,0.081432859693425,0.1636786575142599,0.1769286313043274,0.2945614414916134,29,English,energetic
Stronger (Version 3),Kanye West,0.598292289529723,0.7404357354752313,164.7252834950372,0.5760967551892932,-6.990913709633879,0.1865291434682335,0.2419800052590817,0.2080623156936377,0.2308071516500137,34,English,energetic
Bangarang (Version 3),Skrillex,0.8453885351489185,0.8913791468738996,183.8418908666511,0.6658531110624712,-0.3199049534469962,0.164092258031663,0.3415793852058175,0.0764924522049536,0.1719334435420487,84,French,energetic
Turn Down for What (Version 3),DJ Snake,0.4713759598101462,0.7812727669740613,189.87857134730012,0.5143481578438664,-7.391200088153806,0.0547829741259807,0.0799491898597774,0.092602095748369,0.409074435163985,29,English,energetic
Radioactive (Version 3),Imagine Dragons,0.6378759563352282,0.7017311983878903,160.05259359929366,0.6835482170826614,-7.088437844443652,0.1352283577202914,0.2808388753517964,0.2246411691440664,0.3778119255013664,76,English,energetic
Believer (Version 3),Imagine Dragons,0.3000316961593781,0.9861762411540168,186.9946136938264,0.9067917634651784,-7.874853637540527,0.1867717591571479,0.3239154114752419,0.2560491685988486,0.0919793231248858,45,English,energetic
Kickstart My Heart (Version 3),Mötley Crüe,0.7432668173511587,0.9879750068926272,177.49831389927124,0.7567526320810729,-0.4349625780080242,0.0885874243468872,0.2397174265241914,0.1586113392434788,0.4697807996121346,30,Spanish,energetic
Eye of the Tiger (Version 4),Survivor,0.3456508360593043,0.8503359102476045,178.08667089698068,0.8563579422900065,-3.3358508204469093,0.1817835488242908,0.3767965787535487,0.0473661902622675,0.2310667427936185,82,English,energetic
Lose Yourself (Version 4),Eminem,0.3140754130326926,0.7988249972123328,167.58077525794215,0.909857718729477,-1.2275654202767772,0.0254999453343971,0.0372121498963582,0.1891021814643001,0.2894530876064522,40,English,energetic
Jump (Version 4),Van Halen,0.4598265848580143,0.9698359253661506,194.91564866230877,0.6811751472530732,-0.877579543091838,0.0767897788525945,0.29472673273188,0.1585043987378855,0.1051624204282323,16,Korean,energetic
Sandstorm (Version 4),Darude,0.8567605207422131,0.836228978013261,181.41409282256825,0.6652282164940815,-7.848952971390123,0.0201060717383671,0.1984877917959697,0.2162903764241178,0.2006308969606756,69,English,energetic
Thunderstruck (Version 4),AC/DC,0.7172930755065903,0.9095906768295868,179.27551351294815,0.7216348343092287,-0.6809107990279681,0.0978393035961231,0.1801060773986552,0.0838328211328692,0.1884447893103514,78,Spanish,energetic
Can't Hold Us (Version 4),Macklemore,0.325400695510982,0.8900605880848511,147.3975020748965,0.6368698645184593,-1.8334838266854303,0.0654442366322907,0.0968783568052568,0.0756455922661005,0.3986862809818801,82,English,energetic
Till I Collapse (Version 4),Eminem,0.3778237547940161,0.836126128075106,165.4851081254036,0.8093254607085716,-2.933732141336036,0.1621441345890349,0.0179005735704952,0.1100389956904372,0.1760603534489209,26,English,energetic
Run the World (Version 4),Beyoncé,0.3876101433552649,0.7867534761569329,151.68357199000323,0.7348480078673651,-2.6903641685899515,0.0762201027223628,0.2877880925253525,0.1207646414164866,0.1806276547916421,43,Korean,energetic
Power (Version 4),Kanye West,0.6247128335142147,0.7071149080917372,135.58523865438002,0.6880862946139372,-0.4566983088659482,0.1443023559686847,0.0352506278002231,0.2585058634508359,0.3795353467736814,69,Korean,energetic
Stronger (Version 4),Kanye West,0.666567915421592,0.9460878881827532,158.287689342007,0.5996754728842337,-3.903812887129925,0.1097683511186947,0.2153305488039648,0.1825699236996284,0.4769172132076313,28,French,energetic
Bangarang (Version 4),Skrillex,0.8413473738577388,0.9627151109676818,186.0991767636039,0.9245426482693784,-7.212042866564774,0.0530246522891479,0.1980223782618339,0.2585643131433194,0.2773245701852296,38,Korean,energetic
Turn Down for What (Version 4),DJ Snake,0.7488208436049533,0.7416879715746748,147.6689669083592,0.8292992427669525,-6.682127928898208,0.0702711869309853,0.1059465031254285,0.1244626574400692,0.3687458220850866,24,English,energetic
Radioactive (Version 4),Imagine Dragons,0.5207083086856806,0.866578996782382,136.99523139380867,0.8622579619555825,-5.040890994815001,0.1297068318066685,0.290155840664733,0.0866084489701591,0.4481037432290075,81,English,energetic
Believer (Version 4),Imagine Dragons,0.6697345509641718,0.8286175425254444,142.76346285047538,0.924035422055543,-1.959454366946999,0.0416049125466497,0.1350843098896898,0.2486120496837797,0.3630549484469025,52,Korean,energetic
Kickstart My Heart (Version 4),Mötley Crüe,0.7594705756294347,0.8323603306638797,180.15333838495167,0.6739221752887612,-6.3098966644944285,0.126535406968272,0.3904055702395177,0.113862262276739,0.2574363164956428,48,English,energetic
Eye of the Tiger (Version 5),Survivor,0.7044008226419122,0.8624518846367464,189.03994569963345,0.8427842179112821,-7.533622369101144,0.1996842467847548,0.3009609814877869,0.2632538953994106,0.3430389704429059,14,Spanish,energetic
Lose Yourself (Version 5),Eminem,0.8137710768280575,0.7337148924786128,154.34164848915208,0.8943894246220216,-6.386758309864862,0.0156484197160045,0.3152475759780876,0.25558126202369,0.1231934981854552,68,English,energetic
Jump (Version 5),Van Halen,0.8126075896696294,0.9060303386791508,166.40578782516087,0.8736125867516232,-4.646006005448274,0.0387987912446794,0.1139410706442454,0.166394284939195,0.289098856702929,11,English,energetic
Sandstorm (Version 5),Darude,0.7833484958647403,0.9374058170957004,170.69565900432025,0.8513534675144643,-6.465812333650632,0.0100129054186588,0.34945352905388,0.0503997133159477,0.1610097933847988,11,English,energetic
Thunderstruck (Version 5),AC/DC,0.7171913697746308,0.8228343812881928,191.34197789408563,0.6340909075980212,-7.905029226645126,0.0601311281121488,0.2312300196739326,0.1315033613588892,0.2906927400914398,65,English,energetic
Can't Hold Us (Version 5),Macklemore,0.8259588713010113,0.9737455162691104,148.61818452578785,0.7079632129714553,-3.606847878068391,0.1898224913776494,0.3994469276657539,0.0935599571872121,0.3771409421056169,27,English,energetic
Till I Collapse (Version 5),Eminem,0.5268186373399171,0.7024324590658639,130.64767657051317,0.707254703403015,-4.093320695965323,0.0045139393146885,0.274770966709721,0.1093809149206373,0.3019518956911772,14,English,energetic
Run the World (Version 5),Beyoncé,0.4805514438992513,0.7501402944607921,158.50216170192127,0.6045230141557253,-3.721592184646656,0.0397657060572959,0.2033623906578508,0.0724921990145942,0.3519386192686032,23,English,energetic
Power (Version 5),Kanye West,0.7523626106648544,0.7331182702749801,162.74616884261374,0.5318922652946931,-3.214540435663981,0.052880859585929,0.2110497827354831,0.1697144725337586,0.4659594557872102,69,English,energetic
Stronger (Version 5),Kanye West,0.6294499335412338,0.8748995439154947,158.1157188035066,0.9270858214322676,-1.782512724483123,0.0570810580605683,0.3376838343104928,0.1467470172499743,0.4229002145901173,32,English,energetic
Bangarang (Version 5),Skrillex,0.7937328409761013,0.7566610560288562,179.07987919685038,0.630789336187939,-5.620058640058654,0.0592696153761161,0.2902272990239793,0.0920530312839847,0.0504076258607406,17,English,energetic
Turn Down for What (Version 5),DJ Snake,0.7291421120895799,0.7513554231505375,137.31376767154842,0.606882254267327,-4.960795821418368,0.0951812654946401,0.0178280162850523,0.2920547998093873,0.3722283740388011,95,English,energetic
Radioactive (Version 5),Imagine Dragons,0.4939164391946017,0.7956091771856192,161.39797845579216,0.7818101702433649,-6.829015467288258,0.0377859627529904,0.3437738331334203,0.0991888294500496,0.2210877490888299,33,English,energetic
Believer (Version 5),Imagine Dragons,0.8227631105700703,0.8989443488199468,153.9198315539182,0.8076647955760794,-7.84253427694869,0.147128532002273,0.1948064162064958,0.2495591797668045,0.4795869434029107,64,English,energetic
Kickstart My Heart (Version 5),Mötley Crüe,0.855473129696741,0.9727795130366022,165.8518969153721,0.6620639513625222,-4.279717402154618,0.1379792006626721,0.3535991107484747,0.0858863018100322,0.4631869213077663,67,French,energetic
Eye of the Tiger (Version 6),Survivor,0.7891081391819335,0.9936568045534704,191.6176241297181,0.625971798361358,-7.1523527092476185,0.0224482143983177,0.1164893274313104,0.1958296054758256,0.4119441467437276,53,English,energetic
Lose Yourself (Version 6),Eminem,0.839550184188939,0.8871260153107698,130.39419189236375,0.5838425494333401,-7.202190369173056,0.072664895113802,0.2005403974534984,0.0417172382162114,0.2068150891080449,36,English,energetic
Jump (Version 6),Van Halen,0.4075078047751935,0.8941210498776622,162.4990658527038,0.7228929411202589,-4.578465695732311,0.1912039420973134,0.0858940500486253,0.169499350157846,0.3812078157644011,65,English,energetic
Sandstorm (Version 6),Darude,0.6341066478807376,0.9787062657150404,156.4577848948899,0.7086541125979301,-7.291821478282173,0.1217998222103857,0.1152847873792424,0.0732834406692035,0.2950390818070286,71,English,energetic
Thunderstruck (Version 6),AC/DC,0.6193861580279464,0.7227614923672142,178.8750817446131,0.7806974857928838,-6.487861738028022,0.0938869724308087,0.288129166591424,0.1729476499461446,0.2279700842826066,89,English,energetic
Can't Hold Us (Version 6),Macklemore,0.4934030748485661,0.8831181599932161,195.7376088817168,0.8022851782148674,-7.402032770909476,0.0921369946964267,0.356329652604251,0.0555048549662934,0.4949940704618945,80,English,energetic
Till I Collapse (Version 6),Eminem,0.8694416361872528,0.7234823442189627,195.33893243146883,0.663409665616758,-1.2423266633930998,0.0836766675426543,0.1763420450810063,0.2012456345639365,0.3985148386741925,71,Korean,energetic
Run the World (Version 6),Beyoncé,0.3202734905689491,0.8779467986581403,143.07130958681597,0.6556772830384413,-5.216250670758268,0.0938120680442307,0.1336545647504693,0.0589875019816803,0.1155329323364531,44,Spanish,energetic
Power (Version 6),Kanye West,0.3200627913366586,0.8410747255986263,196.8113386397092,0.5520538506416525,-0.4298840559753438,0.1466723029464187,0.2549995211736652,0.204224993937362,0.4220274417783269,75,English,energetic
Stronger (Version 6),Kanye West,0.3641519186278928,0.8514262970696624,178.7963796782531,0.7640692002831037,-1.337767431813643,0.0144543418022703,0.2762804157996664,0.1741874872038738,0.2206223887909745,62,English,energetic
Bangarang (Version 6),Skrillex,0.5041649893404185,0.8862497898322579,192.36967622509852,0.7232791667455019,-1.4022146873846388,0.0804312763687935,0.0409577851172706,0.0466065488438324,0.0731004670956549,97,Spanish,energetic
Turn Down for What (Version 6),DJ Snake,0.528090085174602,0.8011713252507526,180.25559165357987,0.8342696757131896,-7.593168249330081,0.0442246525778029,0.1097047400635598,0.1778552357185585,0.1150318507581276,19,English,energetic
Radioactive (Version 6),Imagine Dragons,0.3803647316400002,0.9831366667623874,186.29420351084468,0.5812947059410266,-4.747457536756072,0.0711243998515131,0.3164016296261629,0.1677574874490929,0.1075323816470601,63,English,energetic
Believer (Version 6),Imagine Dragons,0.7433952378937464,0.8190663934674757,148.4046973342503,0.6689743799093241,-4.017947491144829,0.0686231032834018,0.0967623090367031,0.1375955477770747,0.0586278098374542,13,English,energetic
Kickstart My Heart (Version 6),Mötley Crüe,0.7634987076577884,0.7512834680702757,133.0733229541446,0.7941644118072856,-1.808510969410622,0.1627658263185686,0.19740367306424,0.085449409866296,0.381752454762422,44,English,energetic
Eye of the Tiger (Version 7),Survivor,0.7198278462926024,0.773881220230952,193.2385429103955,0.5469671561372731,-0.1384940832693946,0.1720495621954929,0.27515945819163,0.2834624698355549,0.3750400257456685,82,Korean,energetic
Lose Yourself (Version 7),Eminem,0.4142741982180276,0.8326468414338435,135.00521170321448,0.6753458400296519,-2.0671758421023307,0.0772886701861634,0.1321176701872536,0.1907460450777842,0.4424920380495027,78,Spanish,energetic
Jump (Version 7),Van Halen,0.3285499155276674,0.8156411304099206,141.0768519270684,0.8129094128293413,-7.154203516550921,0.1329615517160489,0.1144723483191629,0.0837075397090506,0.4713586510212434,29,English,energetic
Sandstorm (Version 7),Darude,0.3111147460475735,0.8313331815668706,131.51388947232556,0.717616871646948,-3.9916209776446543,0.0643324942789494,0.0528647110100094,0.1316246351883083,0.3525183229696547,28,Spanish,energetic
Thunderstruck (Version 7),AC/DC,0.7694374851866755,0.8592251807164426,171.28840761078288,0.5902773670060937,-5.701357334178804,0.0323791220104716,0.0997181400018445,0.0907194306608935,0.2837519538760569,95,English,energetic
Can't Hold Us (Version 7),Macklemore,0.6376132534744376,0.9834842262464514,143.68994529710662,0.7887540695726731,-1.461925848099817,0.1120482927566105,0.1020014610004302,0.1008885621054,0.0676638738819499,89,English,energetic
Till I Collapse (Version 7),Eminem,0.483266535929089,0.923381103701014,133.3262430044977,0.5986828771271738,-2.3501400117457445,0.1565303125645753,0.1821273640247713,0.2184800713892352,0.2245784758947014,44,English,energetic
Run the World (Version 7),Beyoncé,0.3959479470144765,0.8194448480568719,170.59774741422,0.9266239768338006,-7.449992383290581,0.1014788187689921,0.1315679112842897,0.1672441574547075,0.0607889513194392,16,English,energetic
Power (Version 7),Kanye West,0.4878152128209488,0.9459604442581016,168.77592136982463,0.7027621217672528,-5.715799426277283,0.0596085045582711,0.1532405734362338,0.2556040916904313,0.4852459430637207,72,English,energetic
Stronger (Version 7),Kanye West,0.5631932288102248,0.8180058516243285,189.2585543073904,0.6921073942863366,-3.5838546216347904,0.0461883329197488,0.2974010143116301,0.1736368459331111,0.4140655476081537,59,English,energetic
Bangarang (Version 7),Skrillex,0.7684396380172018,0.7645014304810085,180.09448853904337,0.8600244835781171,-5.231142073740839,0.0345218225804549,0.0010528622318352,0.15174398633515,0.2085947291924787,34,English,energetic
Turn Down for What (Version 7),DJ Snake,0.6329459002952453,0.7564123277766357,190.17658833665325,0.6159898470326494,-6.1885631592988,0.0961428112968711,0.1995404094977097,0.088073011771975,0.1723373270266621,52,English,energetic
Radioactive (Version 7),Imagine Dragons,0.4018231434931469,0.91553805349695,183.90623218778572,0.7080478238566772,-2.2873038185198604,0.1471870783874891,0.0553102110711234,0.2908680667053249,0.4194643761933939,83,English,energetic
Believer (Version 7),Imagine Dragons,0.4226900767174941,0.755849510723821,138.7962801905708,0.5622703531438633,-2.0147056077704306,0.0939308513903247,0.3131736690959469,0.2314888214745555,0.3220757210773497,64,French,energetic
Kickstart My Heart (Version 7),Mötley Crüe,0.7118199639472078,0.7055067173137425,151.82443527635155,0.7870199806667346,-7.925240372110046,0.0065953887365186,0.3407551929881533,0.2146867126568594,0.1694163799041547,87,French,energetic
Eye of the Tiger (Version 8),Survivor,0.7127777040712255,0.9377370007417788,151.4755998177071,0.5162168198746343,-0.537767002498124,0.0690359676591261,0.0425927053138825,0.1628013552761498,0.3958105080488602,34,English,energetic
Lose Yourself (Version 8),Eminem,0.4329883887705354,0.780847015040009,146.99004907590083,0.9462528737742552,-6.42077013015566,0.1151040433932248,0.3701058566627857,0.0696620735970004,0.4868843890404651,33,English,energetic
Jump (Version 8),Van Halen,0.8684863406373748,0.9653715961174788,145.01895649310015,0.7853247752049425,-1.9128682163100788,0.1972055856392859,0.0721695288325481,0.23682699287021,0.2024605264672008,91,English,energetic
Sandstorm (Version 8),Darude,0.4053758793408014,0.8264130823641564,185.56851385040315,0.7091824116668235,-3.699815198375612,0.1990318820400242,0.1596437198229704,0.1961582037714947,0.2143598907269173,17,English,energetic
Thunderstruck (Version 8),AC/DC,0.535671387797223,0.9086922260336224,195.65208832664183,0.7440615277215445,-1.8528005684097613,0.0178413117633927,0.0844632149727707,0.1655755430482737,0.0590052756329486,24,English,energetic
Can't Hold Us (Version 8),Macklemore,0.4517129872575353,0.8552203869474898,131.04728387794106,0.6190458288017188,-3.887753444193044,0.1146298495962491,0.3703006772221222,0.2042433182776641,0.2366311111384972,76,French,energetic
Till I Collapse (Version 8),Eminem,0.8582107062798408,0.9354648950163382,144.00062447789233,0.5588790626069688,-2.5935069140581364,0.1119766331153967,0.3158694455171023,0.2294773635212453,0.3313451902358817,94,English,energetic
Run the World (Version 8),Beyoncé,0.8918293029773354,0.8600769190331226,137.9174029551204,0.8727231041671948,-5.985173101234328,0.1554604296287836,0.3828428384000206,0.2181347887703721,0.3182135724274105,37,English,energetic
Power (Version 8),Kanye West,0.5762317054050243,0.8093229597986209,154.71033256802855,0.7863677175693158,-1.9898150644980328,0.1357034138968828,0.0793640404774251,0.1633765386387426,0.4062380324823783,42,Korean,energetic
Stronger (Version 8),Kanye West,0.5854224469134337,0.8609869839206481,183.97952337195755,0.7975693878192911,-4.725240632940859,0.1790825422388438,0.0650268274653914,0.2987894411193876,0.1034836603143067,61,English,energetic
Bangarang (Version 8),Skrillex,0.3089699826625433,0.9670056703446296,147.14674558561694,0.8283648323510244,-1.5118770005434454,0.1717972782064233,0.3966376942656667,0.1093907217107997,0.3696095038672666,54,English,energetic
Turn Down for What (Version 8),DJ Snake,0.3692399149684969,0.8220427874070548,189.35801853188133,0.6654461207265987,-3.2712369557150875,0.1007546887449268,0.258380612444818,0.2926814851346776,0.0750809869256309,15,English,energetic
Radioactive (Version 8),Imagine Dragons,0.6443769105009779,0.9589086337750854,163.69678982238992,0.5353372336737078,-3.515685180665833,0.066414778164764,0.0619767141351743,0.2592393185865377,0.2847197808460047,74,English,energetic
Believer (Version 8),Imagine Dragons,0.8599658474274401,0.9418049513809208,178.50802556415672,0.5022614765143903,-4.577412346894,0.0394972563304064,0.3643191644195471,0.0771376758626172,0.1787270232466785,74,Spanish,energetic
Kickstart My Heart (Version 8),Mötley Crüe,0.6101020606406995,0.7790090856994237,144.69052740953848,0.7695946962962386,-7.288563817959809,0.0116335517441849,0.1488981180744285,0.2245794027171228,0.2996630412232766,47,English,energetic
Eye of the Tiger (Version 9),Survivor,0.5537258810800674,0.8697254692673747,155.58160392572915,0.9212658509444508,-7.560760872713805,0.134678295805967,0.3565130659311002,0.2470488713585184,0.132818465669651,46,English,energetic
Lose Yourself (Version 9),Eminem,0.477555809388173,0.9151143816121314,135.89893914265355,0.8653377649246627,-2.248744443161677,0.1459213298470685,0.0400965481070365,0.2237953471003823,0.3559181563489865,78,Korean,energetic
Jump (Version 9),Van Halen,0.7985534944931104,0.7124787868769408,131.61774679274546,0.6678531949453523,-6.809693729206777,0.1116768955140443,0.3669395606026995,0.1356995271901842,0.4302276697726718,41,English,energetic
Sandstorm (Version 9),Darude,0.3001445247107199,0.7505543930377552,132.129647775786,0.6476662312317809,-0.7344832344279775,0.0193904247197975,0.2425639106975201,0.1519039035622499,0.4723106955646156,24,English,energetic
Thunderstruck (Version 9),AC/DC,0.3735114855222563,0.7636083551506686,132.06793780280452,0.6952708623341182,-5.777336803482766,0.1739811867780641,0.241976325279102,0.1958044992534394,0.2893598135965861,72,Korean,energetic
Can't Hold Us (Version 9),Macklemore,0.3551102023375206,0.8335056051176065,199.96536327959612,0.8758531808807066,-0.8523275666630727,0.1646452718492999,0.041216677372393,0.0914110285974959,0.0514047431103843,45,English,energetic
Till I Collapse (Version 9),Eminem,0.4821060749268668,0.7325822207039477,163.0955341711108,0.8047073698582559,-1.0039576396953835,0.1498434330181796,0.3754342383114021,0.0445525384063229,0.0554809259374436,35,English,energetic
Run the World (Version 9),Beyoncé,0.6968028683017277,0.7868057230666738,147.74507112740412,0.6488991894622074,-5.841631536861087,0.1022872812603174,0.176059378889653,0.1683557088716972,0.3527211251751962,36,English,energetic
Power (Version 9),Kanye West,0.5322783053826889,0.775392306142647,141.63403757661217,0.6572633537896815,-2.065548198030624,0.1513409820222939,0.2667621546736841,0.0931876073328561,0.3146388106346139,76,English,energetic
Stronger (Version 9),Kanye West,0.6424137969461088,0.8452798594329176,168.4985290468705,0.7213057846806505,-3.4763490714071343,0.1431011909242257,0.0438512777613759,0.2323989530802364,0.1111487675574174,58,Spanish,energetic
Bangarang (Version 9),Skrillex,0.3399767990462248,0.9928239058664404,196.9894238209309,0.5271964452232538,-4.453972468200303,0.0372489876599549,0.1941379588537672,0.2541478556098886,0.4777752986343006,33,English,energetic
Turn Down for What (Version 9),DJ Snake,0.6805515920709224,0.8061717001635451,172.2327895951219,0.6404005877488026,-0.7214108733435172,0.1740800926211674,0.2232927001118644,0.1176957071526973,0.1820253540123402,70,English,energetic
Radioactive (Version 9),Imagine Dragons,0.3200507968230356,0.9447462553075886,161.52682491273055,0.646309817780119,-4.231117160017969,0.1637475980909304,0.0498456830830084,0.2615671168252934,0.4538789757987593,50,English,energetic
Believer (Version 9),Imagine Dragons,0.868024749020333,0.8192463977267883,145.19982828263704,0.6681383683100143,-5.336703230148774,0.035230782500572,0.2429066680405952,0.1586885233373298,0.4395654465458016,85,Spanish,energetic
Kickstart My Heart (Version 9),Mötley Crüe,0.3192657482892349,0.8931603782665378,183.40642149580927,0.8417689561347381,-0.9114082632357992,0.1458067485658988,0.3711240246590785,0.1198172819516407,0.2764442375381944,38,English,energetic
Eye of the Tiger (Version 10),Survivor,0.3084477979697343,0.7020872761909873,146.8088634316064,0.5453632387125884,-5.918309056513971,0.0354086589056794,0.0114080099354592,0.2755121195296334,0.0537004091250011,16,English,energetic
Lose Yourself (Version 10),Eminem,0.7416492866022513,0.7456443660758549,193.856073539972,0.9017581728154486,-2.7687908290459413,0.134446829960121,0.0021356567878754,0.2959153228506725,0.4450246716091164,62,English,energetic
Jump (Version 10),Van Halen,0.8370637354380552,0.8977733611152616,154.13508500581756,0.9021418920907164,-5.667864574790461,0.1125423086684405,0.0398923889375529,0.2789280201358425,0.113346705997046,40,Spanish,energetic
Sandstorm (Version 10),Darude,0.4349380834382443,0.8674402474384645,183.4865100149087,0.7787080876713345,-6.142928697598751,0.000188608505498,0.3028602321229757,0.2960059779959954,0.4144609041377406,36,Spanish,energetic
Thunderstruck (Version 10),AC/DC,0.5761239708939692,0.971130178419732,158.6893371182845,0.7362203379095604,-4.182961860834534,0.0895247745331049,0.3100763077175623,0.1722276049627628,0.1925227049113472,77,English,energetic
Can't Hold Us (Version 10),Macklemore,0.4548949005950869,0.7113241950902299,170.8236613318132,0.6034826369304653,-6.814928623868935,0.1307659927655355,0.2724837031286195,0.2330818209095698,0.2766096033523662,75,English,energetic
Till I Collapse (Version 10),Eminem,0.8364327631223321,0.9809028260194684,186.51596578547424,0.7860170669036842,-5.570232371270491,0.1965889843240442,0.1096544668767753,0.0847173689374163,0.2489693512039622,45,English,energetic
Run the World (Version 10),Beyoncé,0.3341043424274331,0.9935483394015372,171.19034894914972,0.7506284412488788,-2.753629760802241,0.0994047295554413,0.0128254068378166,0.1953240479869071,0.3722782446303938,56,Korean,energetic
Power (Version 10),Kanye West,0.5500494363744319,0.927188671621358,145.89009095368945,0.5995744659797828,-6.708664098499408,0.0743989519578323,0.3388048141556334,0.2535362567802474,0.2222708935835767,67,English,energetic
Stronger (Version 10),Kanye West,0.653471241588142,0.9162448949424746,146.8844742239616,0.5756634886526362,-0.223232054301512,0.1235114626419237,0.3925662887334655,0.1211941165257018,0.3663642649883591,71,English,energetic
Bangarang (Version 10),Skrillex,0.4335621819247426,0.7783600513821738,165.8331484888737,0.643828156478632,-6.659027489275324,0.0525761403978652,0.0142993577863458,0.2201943777989214,0.2714524956886377,63,English,energetic
Turn Down for What (Version 10),DJ Snake,0.3565458398427154,0.7515081979385473,137.1774176678851,0.7756667637241443,-7.24631709110005,0.1508564666070432,0.0082043677281564,0.0973314627588908,0.4508000041513582,56,Spanish,energetic
Radioactive (Version 10),Imagine Dragons,0.7311187908733476,0.7218904998777063,187.4788273139626,0.7218658046930921,-1.225735782649366,0.1201479548900786,0.2727332128131435,0.2982454213068412,0.1545509956658081,74,English,energetic
Believer (Version 10),Imagine Dragons,0.674367344856833,0.8380964170172195,132.7616367045884,0.5065117886762892,-7.046171377457131,0.1298183481077096,0.2268652351653569,0.1794259815142064,0.064335543137717,23,Spanish,energetic
Kickstart My Heart (Version 10),Mötley Crüe,0.5815817978160043,0.9773868453527584,157.83143085174527,0.7812151114048054,-1.7614505950148516,0.1567850558283775,0.2077120329581085,0.2616470252586308,0.2261201420136861,94,English,energetic
Eye of the Tiger (Version 11),Survivor,0.8332159288708791,0.7720681499186636,149.61514848933996,0.5239042808895505,-1.635345307661737,0.0834110472465411,0.0916466455645596,0.0925833749564765,0.4556299735531549,53,English,energetic
Lose Yourself (Version 11),Eminem,0.8003499602766222,0.866059265607155,173.12775602910048,0.713446506747631,-4.866667656969529,0.1830953762436663,0.0502450814081208,0.1429806332233815,0.2050528585945439,77,English,energetic
Jump (Version 11),Van Halen,0.598890432150689,0.8372895623635526,166.3222672155757,0.5629635397521473,-3.8948679878937833,0.0484837627774421,0.0737325395952765,0.0475052390722716,0.3931936514402634,22,French,energetic
Sandstorm (Version 11),Darude,0.556465152513936,0.8879931049935275,180.93153403133203,0.805692499391099,-4.235994247282542,0.0775797057903459,0.1503839638562655,0.2028131751711152,0.272657459723843,26,Spanish,energetic
Thunderstruck (Version 11),AC/DC,0.8094793487931065,0.9624105952980136,141.9392264604563,0.5613051431955766,-2.956792591712004,0.0602451496124558,0.0074282875060395,0.2699335207279979,0.1521053452597137,51,English,energetic
Can't Hold Us (Version 11),Macklemore,0.8575683910114855,0.915230335263476,183.3857442938039,0.5906576731069222,-6.126444595065497,0.1042535507648131,0.0688399410599448,0.1124665570244187,0.194658115076512,24,English,energetic
Till I Collapse (Version 11),Eminem,0.3957779599516584,0.7615548500185482,185.198628940578,0.5752381345462707,-7.77234086524862,0.1258709885257876,0.39039324775698,0.1194277299482427,0.1033950664383135,69,English,energetic
Run the World (Version 11),Beyoncé,0.6422323952205184,0.971906263328694,184.88432458799352,0.7801321407857222,-5.479548027139205,0.108376034655244,0.0364979365217021,0.2133152645557809,0.3762932085039429,20,English,energetic
Power (Version 11),Kanye West,0.8790189737459513,0.7781192076235215,131.2919493330116,0.7455238089922178,-2.3456759648254843,0.1580814951765976,0.0774955732099242,0.1006732746399964,0.2806659163702834,16,English,energetic
Stronger (Version 11),Kanye West,0.4983604859820011,0.9581534459762336,163.16321076171042,0.8598103898459013,-3.35504191614117,0.1546180283234224,0.1330691946121295,0.254482487921184,0.1735575419979597,74,English,energetic
Bangarang (Version 11),Skrillex,0.6276592848019745,0.7642021339521622,163.28685651383353,0.6431788442789164,-5.866372554902286,0.1933970036056075,0.0640296421946922,0.2425779761134967,0.4928742317674467,60,English,energetic
Turn Down for What (Version 11),DJ Snake,0.3119408902440467,0.9097082242126284,147.7038263889401,0.518219520947737,-4.776883368346954,0.187043562034175,0.004706037746799,0.188729136821041,0.2756284153678959,91,Korean,energetic
Radioactive (Version 11),Imagine Dragons,0.8240304986226286,0.7252005143561877,177.70682209206552,0.8060493642949748,-2.647359865101734,0.1884668989870074,0.3292350116027522,0.0413326360857466,0.2619872828170309,72,Korean,energetic
Believer (Version 11),Imagine Dragons,0.5387718337208001,0.7930441663272406,161.5935707607868,0.6728873832166898,-4.541328800970677,0.1958523731217285,0.0354531898998323,0.2790023348564571,0.266106521061962,83,Spanish,energetic
Kickstart My Heart (Version 11),Mötley Crüe,0.6742453472997247,0.9490548899853082,155.23241204044788,0.6936898586395851,-4.723852157770288,0.0749462045071519,0.370211728658758,0.2538110706221133,0.0990499954383392,61,English,energetic
Eye of the Tiger (Version 12),Survivor,0.3648740114862576,0.8283608544558974,136.90601637129663,0.7785918928720038,-6.850467141906129,0.1044746527933602,0.0028879788014871,0.1154810140714146,0.3547358256526949,29,English,energetic
Lose Yourself (Version 12),Eminem,0.5904233641367092,0.9934808457996964,191.1872657246348,0.661581850569418,-7.636107668221803,0.1691252600230037,0.3644937241258685,0.2515693962231399,0.1075774734138941,66,English,energetic
Jump (Version 12),Van Halen,0.8987490806473728,0.7775752664658321,180.6943438965859,0.9086156943510746,-6.1145030853543245,0.1816517109354132,0.1237926316779468,0.2936315700436952,0.1765670091712136,33,English,energetic
Sandstorm (Version 12),Darude,0.8720614948547012,0.7160633952678024,179.6490408168869,0.7394500102266517,-4.176983383018155,0.044698862851168,0.2822383159105968,0.0815185626905029,0.2987788081931457,30,English,energetic
Thunderstruck (Version 12),AC/DC,0.4519472178241505,0.9866864139344068,132.0041835684957,0.5898777260500564,-6.061515148900418,0.0828135651535632,0.0930920967480214,0.162664254372572,0.4426094854663425,93,English,energetic
Can't Hold Us (Version 12),Macklemore,0.7272380528455025,0.8739885941605333,136.23022245878758,0.812296448775174,-6.668685725512481,0.1572734771923396,0.1000227034040612,0.1426031566466432,0.2077115910430675,69,English,energetic
Till I Collapse (Version 12),Eminem,0.8152883488049141,0.7379633376140224,169.5951417669352,0.563927724249378,-2.3616333109425067,0.1810156255588962,0.1738430615469013,0.1617849102715435,0.467340276417243,53,English,energetic
Run the World (Version 12),Beyoncé,0.6125948331896143,0.8462795314148682,170.48303718930129,0.8101533813633284,-7.144932999303749,0.1642221055483032,0.1742020109813037,0.049534097672321,0.4037822011391959,90,English,energetic
Power (Version 12),Kanye West,0.5261699830117632,0.7301102485285161,174.36453276802754,0.8960591090451386,-0.8979719246881093,0.1915326949617946,0.3470821839066752,0.0305780482232783,0.2211085248860256,18,Spanish,energetic
Stronger (Version 12),Kanye West,0.7911255479433019,0.8098759017995423,172.10839544657944,0.7728426263185394,-5.079797567689416,0.1808947854562575,0.201291338154447,0.1554917356031252,0.4988811855478531,25,English,energetic
Bangarang (Version 12),Skrillex,0.59610021844357,0.7535194755785742,165.91485960044065,0.8663075309839685,-1.7851173848137485,0.1577163530216942,0.2832095135991647,0.0986388138480058,0.4379378386281041,12,English,energetic
Turn Down for What (Version 12),DJ Snake,0.836066079225759,0.7582458089855647,139.13189455859757,0.9390222358651004,-1.0534082907970568,0.1786472294419893,0.3545505538497581,0.1762554424891066,0.3408807814996099,25,English,energetic
Radioactive (Version 12),Imagine Dragons,0.6272177112801851,0.7153619047570987,182.18521597469407,0.7273994150011461,-2.818327401678162,0.100527960995107,0.1967245289289824,0.076383059558997,0.175421171813517,69,Spanish,energetic
Believer (Version 12),Imagine Dragons,0.3953116151663735,0.7586998886876027,198.10841662942136,0.5689010505974893,-5.845836605558339,0.1181179315477169,0.2440714304946567,0.0715730150308338,0.4071728416033455,43,French,energetic
Kickstart My Heart (Version 12),Mötley Crüe,0.771121720747695,0.7711953112611672,150.20664118728223,0.9220945394567736,-1.3946284321641755,0.1395594066125047,0.0328932886042402,0.1429313018436954,0.3016858424345721,29,English,energetic
Eye of the Tiger (Version 13),Survivor,0.4124467727902661,0.8344679746324674,172.0718114242083,0.6473195060519297,-1.7524414483961026,0.1680899163277611,0.1294437877736283,0.2564374317129634,0.0966094547463567,23,English,energetic
Lose Yourself (Version 13),Eminem,0.8026374591735939,0.7458251295002849,135.8049006756808,0.788798931998455,-4.224501073957645,0.1815781200825665,0.1452756784363396,0.1075311111281597,0.2753307077648892,47,English,energetic
Jump (Version 13),Van Halen,0.5735677114611968,0.8033284138651564,178.56189090888302,0.8418028252612587,-1.176128247758907,0.1945713209420685,0.1066624768530017,0.2233452402722896,0.2274162059730853,78,English,energetic
Sandstorm (Version 13),Darude,0.7062491831706649,0.8427945071047661,199.5641171937552,0.8280059611058375,-0.3800695965254039,0.1669939098962371,0.3611604044653485,0.2498931832479622,0.2566216086691601,66,Korean,energetic
Thunderstruck (Version 13),AC/DC,0.4510730720081306,0.8110960526351566,131.41653628479654,0.7357969253591002,-3.9595375978367295,0.1050500929660976,0.3896124899888256,0.2760925809328066,0.1227707502485486,36,English,energetic
Can't Hold Us (Version 13),Macklemore,0.5213295129335336,0.8271868538389786,155.2373042496153,0.8593231836217609,-3.807698641059305,0.114419963394325,0.3412054235951702,0.2476006014221468,0.1094951852691348,74,English,energetic
Till I Collapse (Version 13),Eminem,0.7283487504501807,0.8306308386706106,150.62542321437502,0.5225084694059838,-4.102003517236392,0.0710873361449062,0.1006052158705603,0.2175613669911785,0.3962684242920141,26,English,energetic
Run the World (Version 13),Beyoncé,0.4468737114176548,0.7148342310038042,189.4126890395665,0.5044818835419365,-0.503100048628224,0.1255239747965411,0.1287386540805281,0.0965490355857187,0.0540525489190138,52,English,energetic
Power (Version 13),Kanye West,0.4412828502065263,0.7413184904551423,172.8516354506202,0.5749455148672106,-3.7709612997070456,0.1180232844688941,0.1192166793387658,0.039467536235054,0.0667642462763882,26,Korean,energetic
Stronger (Version 13),Kanye West,0.3158083993163506,0.9217374001409638,152.26067933700088,0.8583350836854486,-4.546137409257207,0.0905996201659927,0.2051530410038295,0.222518493221278,0.1730762896233681,78,English,energetic
Bangarang (Version 13),Skrillex,0.3729524097201161,0.8668172005574384,152.88843362699174,0.6991210911506168,-2.824426333301557,0.0988251482282541,0.2481115268403371,0.1769340005706795,0.3829083673712446,71,French,energetic
Turn Down for What (Version 13),DJ Snake,0.723561970626972,0.8602569675425857,177.52321146017948,0.8931018210226758,-4.541829697694651,0.0825526145497587,0.305698248340952,0.1872895360013384,0.0819530511001648,22,English,energetic
Radioactive (Version 13),Imagine Dragons,0.8352672094146489,0.709234930671292,182.387744934682,0.8414573642169407,-0.3751113177445564,0.0108268816804641,0.2387427443137963,0.1455169540693043,0.1987848296867939,58,Spanish,energetic
Believer (Version 13),Imagine Dragons,0.3541911361794438,0.8687962359013928,163.53285079722295,0.5470495061679609,-3.100083943223333,0.1475906240505877,0.3069113204214593,0.2744507608308554,0.2342618338499497,13,Korean,energetic
Kickstart My Heart (Version 13),Mötley Crüe,0.8718436611732823,0.959628821524806,150.75510997167572,0.5716773668072563,-4.516884830975893,0.0803797415911933,0.2302877221324817,0.1875142827284919,0.3874941429709888,50,English,energetic
Eye of the Tiger (Version 14),Survivor,0.6059339689233662,0.7314467922822296,190.08039348871745,0.6393940624333342,-0.2296203175472637,0.023572021735954,0.3833004688930013,0.0545731878582795,0.1539662620761767,36,English,energetic
Lose Yourself (Version 14),Eminem,0.3279479652519249,0.9115339439916984,189.5209115600254,0.6953319868171912,-0.5718233996605626,0.1180598143511199,0.2520028541786093,0.2582631844592079,0.1835600922733275,81,Korean,energetic
Jump (Version 14),Van Halen,0.5125594327965755,0.9717855757583932,193.06744472271347,0.9394172492903918,-0.7852934684666311,0.3596968013237788,0.3294897144547949,0.1406563890895903,0.495860610175672,47,Korean,energetic
Sandstorm (Version 14),Darude,0.5833685785972806,0.8661508247506662,167.0842440679759,0.644781663436225,-7.399823288856655,0.1791302460803837,0.3210703250105147,0.0676722307511107,0.3995457221075328,84,English,energetic
Thunderstruck (Version 14),AC/DC,0.6755079996303661,0.8227431363752866,147.78148043668938,0.8868779525760047,-2.398493925647576,0.1095479818938273,0.2438274135593856,0.0545878691621888,0.2632638924100364,70,English,energetic
Can't Hold Us (Version 14),Macklemore,0.4162201756714212,0.7625151037026476,176.29127736008067,0.9100652683254296,-4.769947116173228,0.041549854602438,0.2594987748946617,0.2652205025145858,0.3867434605051209,60,English,energetic
Till I Collapse (Version 14),Eminem,0.8212543383219524,0.8609664013032398,182.63133710584336,0.5630290517115214,-5.213803077094468,0.0779098328963044,0.2045182984984138,0.2808506172693424,0.4434334520999784,72,English,energetic
Run the World (Version 14),Beyoncé,0.3807152953735107,0.751836895564739,155.0348384712238,0.6308347396508033,-3.0818323747499017,0.180555209552909,0.3849166166690347,0.2064727971845111,0.427171640630489,83,Spanish,energetic
Power (Version 14),Kanye West,0.6151213201384783,0.7624980840580119,166.72818884654342,0.749787170646943,-2.0603394862915474,0.0439765979414698,0.1473241528346927,0.1282874166879329,0.4817478180835242,31,English,energetic
Stronger (Version 14),Kanye West,0.5663669761960314,0.926528190189444,182.55679669621077,0.6194948831614586,-3.425042485026143,0.1788605786637296,0.1900790877827798,0.2851817269824874,0.1465062031958727,53,English,energetic
Bangarang (Version 14),Skrillex,0.3444954634644184,0.9674361619434249,189.3376838573552,0.94666544417023,-2.5648520951005915,0.1873375853334299,0.3307796100336443,0.2579951099424235,0.3061137067044207,35,English,energetic
Turn Down for What (Version 14),DJ Snake,0.5294187587500265,0.9803674217629844,160.24820229311263,0.742468715262351,-4.431085542998498,0.1129636627920394,0.1882020315969308,0.0429512408164584,0.4469216837034643,36,English,energetic
Radioactive (Version 14),Imagine Dragons,0.5666362913494619,0.8766830945522046,139.7431461930591,0.5015245315921876,-6.037679250850856,0.14091720642667,0.0396778120451514,0.2753996089043463,0.146760156210283,10,English,energetic
Believer (Version 14),Imagine Dragons,0.4227561685750655,0.7544523884864486,130.97871990799553,0.8473124608152056,-0.9997237500379316,0.1228325405232397,0.0752799926719449,0.1070250591740375,0.2641670138142334,81,Korean,energetic
Kickstart My Heart (Version 14),Mötley Crüe,0.8726075709739807,0.7742054115453229,181.21521327439217,0.6977517004818141,-5.617221213119826,0.0911831874044227,0.028482687016493,0.2456455901511978,0.1594858675923352,48,English,energetic
Eye of the Tiger (Version 15),Survivor,0.7352472739157823,0.7205045114344584,196.85689893159804,0.5868567434325643,-0.9380633903433564,0.1618946419230869,0.3871439696325664,0.1590304784553524,0.3773287822306782,23,English,energetic
Lose Yourself (Version 15),Eminem,0.5224263942226705,0.7553104714059081,161.0153153053414,0.5745870569248047,-0.1436430177089285,0.0192492982281432,0.2356846893810481,0.1991452409185951,0.2921357942933244,23,English,energetic
Jump (Version 15),Van Halen,0.6973115314271001,0.7348542325035673,168.85129669437038,0.6292456570073127,-0.4785914935915469,0.1524143306879451,0.3890057928638971,0.0401401388298511,0.1783099288313189,93,English,energetic
Sandstorm (Version 15),Darude,0.4172535519830094,0.7033463761935491,146.9628011172425,0.8054491925841929,-6.151288622923452,0.1018006890965236,0.3551272459859995,0.2173146384942503,0.2275830814577144,78,English,energetic
Thunderstruck (Version 15),AC/DC,0.523481363347265,0.8367207442025454,142.39290087419346,0.7853003453371946,-5.086777447163156,0.1704730698524087,0.3026210640231265,0.1948385543048832,0.2138910001922822,43,English,energetic
Can't Hold Us (Version 15),Macklemore,0.4259590990040907,0.9328455592316868,164.04863692937607,0.6011375171798109,-6.43860307967995,0.0330801809002718,0.310864478482238,0.0918265400310841,0.2869890185863389,41,English,energetic
Till I Collapse (Version 15),Eminem,0.5709278165838338,0.8738832697684852,191.4008430259836,0.8904863255367788,-4.391391425401123,0.0030732501469446,0.1705775222857213,0.1936722551045179,0.3009941415941278,43,English,energetic
Run the World (Version 15),Beyoncé,0.6908016634801233,0.746222719741925,175.25745691465127,0.5821932284346975,-1.995808154426008,0.067817522652536,0.2839581733525814,0.0429237117046489,0.233537011515911,37,English,energetic
Power (Version 15),Kanye West,0.7230207133579998,0.7680611548994483,185.6700931358056,0.7838508798972194,-3.2995058228016134,0.0707097708408674,0.192980588152447,0.1912843112640203,0.2626079512617007,92,English,energetic
Stronger (Version 15),Kanye West,0.7189879943643361,0.8301090799320878,144.1591227219421,0.5962702022604712,-7.953569849256471,0.0601915431117345,0.2995670561914078,0.2444239313861546,0.1411103939430875,27,English,energetic
Bangarang (Version 15),Skrillex,0.8754263981228447,0.850720838044038,194.1885124312952,0.8180443768377339,-2.2205326158206957,0.0170087242612142,0.0879964507587722,0.0323800049895076,0.3722574382145319,86,English,energetic
Turn Down for What (Version 15),DJ Snake,0.506662973057106,0.935995754822904,153.72553539559183,0.8687001885344874,-6.954413970013496,0.0346746313515016,0.1363506158335746,0.1402915949982138,0.2069162648793402,50,English,energetic
Radioactive (Version 15),Imagine Dragons,0.758188219513932,0.7290854177880144,154.58519137469418,0.8767579997819567,-7.465623381902624,0.1884687015342715,0.3945267369088052,0.0539134069327716,0.1810726350150816,50,English,energetic
Believer (Version 15),Imagine Dragons,0.5234403996212137,0.9329174105958178,171.71487684817137,0.7899645652216553,-1.939921417451952,0.0235957998874051,0.333283782764105,0.2205173471286389,0.3098037763383666,94,French,energetic
Kickstart My Heart (Version 15),Mötley Crüe,0.8338412008698342,0.910091906165142,144.1189973841718,0.69338542148405,-4.047657064514134,0.0110435253500811,0.3818550053440223,0.0647158604151572,0.3638575702520271,17,English,energetic
Eye of the Tiger (Version 16),Survivor,0.6037386216545282,0.7076896749653268,194.7323233105053,0.8833265639685199,-3.805936576769316,0.045788467227889,0.0486491562720377,0.1281159694466742,0.1649427264707407,30,English,energetic
Lose Yourself (Version 16),Eminem,0.6040147206037793,0.9899227888370288,170.2467445260749,0.900468975150544,-2.792969300033782,0.0950493053174401,0.3418430250933485,0.1572693897467093,0.4408826767296624,88,English,energetic
Jump (Version 16),Van Halen,0.4749460617454591,0.7386439221288964,189.87201250540568,0.7643368237067001,-0.8872608140083189,0.1875654413984766,0.0214513561485796,0.1652617115018944,0.2187340470835381,40,English,energetic
Sandstorm (Version 16),Darude,0.6755150382420703,0.938077359160697,149.64131511820582,0.7505592729679272,-2.3301713607608034,0.0268862165671468,0.3256267623805067,0.1936495919603027,0.4772918467011433,82,English,energetic
Thunderstruck (Version 16),AC/DC,0.503717351478416,0.7324437827011595,165.45508407258478,0.5386148472692475,-0.2437878134079456,0.0077369916514383,0.3014015604429232,0.1717776474984059,0.2158792936242299,52,English,energetic
Can't Hold Us (Version 16),Macklemore,0.3395052987051928,0.8866500772520823,170.96542305736688,0.6263974728804199,-0.7182263887175031,0.0608220014685673,0.1798901642368424,0.176815863098037,0.0951043451793287,40,Korean,energetic
Till I Collapse (Version 16),Eminem,0.8592970315281794,0.8123608457353123,135.65454497120405,0.6742810281538985,-3.1983796232593544,0.1027305343642659,0.2778167896149096,0.0449806643583358,0.1780432746224252,56,English,energetic
Run the World (Version 16),Beyoncé,0.7915383461040615,0.7239681063374083,189.88401682871705,0.5413532414346978,-1.32436628086643,0.0721576802157453,0.2448836253028863,0.0712795212249595,0.0797759247763313,56,Spanish,energetic
Power (Version 16),Kanye West,0.429562922412081,0.7383561453726086,151.86841283757423,0.7314724609299591,-3.289924291479924,0.1579736214759486,0.2624959572993434,0.1943647477849793,0.2353019123685986,40,English,energetic
Stronger (Version 16),Kanye West,0.5842850609760832,0.8243562488170543,188.9516221042968,0.6035002036467799,-7.954232547664283,0.1302639794452478,0.0809848734555325,0.2703310868036485,0.4365708483679952,62,English,energetic
Bangarang (Version 16),Skrillex,0.3460364231569235,0.7319165216242232,164.66201145726666,0.7741501982462096,-5.800733300142074,0.1433595433398741,0.2379664083675486,0.1177025096321097,0.061417169619042,74,French,energetic
Turn Down for What (Version 16),DJ Snake,0.7500901687791106,0.7644260997475247,188.413162042384,0.6891306170244148,-3.3833804589458767,0.1745897460818004,0.3454492003679814,0.1303102853157647,0.1440000017216794,43,English,energetic
Radioactive (Version 16),Imagine Dragons,0.7650876466371568,0.8299240610806393,143.4429395491303,0.9069914040427176,-6.415166446071301,0.0051614336382462,0.0081119895069679,0.1980251462426513,0.3477537773228886,96,English,energetic
Believer (Version 16),Imagine Dragons,0.4866250230341903,0.796003296774119,153.764574054196,0.8060713460414954,-7.534929671785371,0.1858232705382651,0.0890084176709785,0.2999117654153649,0.1271852122042341,66,English,energetic
Kickstart My Heart (Version 16),Mötley Crüe,0.7629278743874266,0.7670237634788875,135.65927611502778,0.893719995957792,-1.1299899264728648,0.0807140784899202,0.2809584570161707,0.1804078018246576,0.4338302511531869,59,English,energetic
Eye of the Tiger (Version 17),Survivor,0.4890335815911927,0.8571017199996955,163.97606598431852,0.6592576218155864,-0.868359483549022,0.0331755849325071,0.0598034558082784,0.1857655745371428,0.3458724034932239,77,Spanish,energetic
Lose Yourself (Version 17),Eminem,0.4167715525947391,0.8172152326763872,196.25946900851204,0.6109778402108033,-2.6531143830608475,0.1480298787395181,0.1792514797860638,0.2831320164250874,0.3814955308484557,59,English,energetic
Jump (Version 17),Van Halen,0.5747547479165387,0.8708005605328282,178.48294103975704,0.7664855811931481,-0.970419329391393,0.0713777324560802,0.1199542960223219,0.0877365001637213,0.0670023356290678,20,English,energetic
Sandstorm (Version 17),Darude,0.3258083786280332,0.9610165579327848,177.48752024841352,0.7972395869464187,-3.082857448520912,0.169843828938821,0.192106770266251,0.2650109237107411,0.2117502617820076,40,English,energetic
Thunderstruck (Version 17),AC/DC,0.8560245026034543,0.909597094024372,148.00239952170992,0.7538382147598812,-3.735755508093956,0.0275797643460667,0.2364971623002456,0.1149921184035786,0.0735569450643211,95,Spanish,energetic
Can't Hold Us (Version 17),Macklemore,0.8691936946239389,0.8924471107192863,191.3843252309593,0.804225202255964,-5.1441304628790965,0.1025376144657622,0.2702987041388708,0.2892681278043881,0.1641512566047634,69,English,energetic
Till I Collapse (Version 17),Eminem,0.8249862351744706,0.9772233415882808,176.92908602612695,0.919069982330602,-4.816971300181052,0.1906032352080885,0.2811131508663899,0.0413415572030792,0.4580927743185737,25,Korean,energetic
Run the World (Version 17),Beyoncé,0.5906836854199156,0.8380980954333499,169.6526624185744,0.5672230460470525,-4.246671611460811,0.1662254433435491,0.0061929836550061,0.1036876332875802,0.0511045638997299,43,English,energetic
Power (Version 17),Kanye West,0.5494267854899091,0.9184946531481204,185.914028038024,0.9253353925071528,-3.131963096233708,0.050925373330579,0.3696591796546796,0.2393352535477015,0.308492817351415,54,French,energetic
Stronger (Version 17),Kanye West,0.7173841294313617,0.9772949065022288,179.86758199310452,0.6657685284131303,-2.2957743816872265,0.0080556325470775,0.1545662247322325,0.1397072185983064,0.1250772054893756,89,English,energetic
Bangarang (Version 17),Skrillex,0.3138512883310621,0.7400143709913228,175.82350470579385,0.8610299673636593,-0.0943720581842066,0.0692727006216988,0.2397516889044407,0.2830291410400829,0.1251688016021687,89,English,energetic
Turn Down for What (Version 17),DJ Snake,0.7305873518056456,0.9264936199447488,136.22828751085368,0.8875622233323792,-1.4951596231132491,0.0066806013154868,0.0364337659520205,0.0432642613508001,0.200634589309713,13,Spanish,energetic
Radioactive (Version 17),Imagine Dragons,0.6055733944079558,0.8597043183863886,148.736673183861,0.9102185989521232,-5.053897681024695,0.0091100311930705,0.1200908446165545,0.173399544086922,0.2336998201647044,87,English,energetic
Believer (Version 17),Imagine Dragons,0.4643055114595555,0.7393969749292952,187.34151500673607,0.9482653589558864,-5.363662931808944,0.0763242088353207,0.2472150098707828,0.2239791981785961,0.226413290661616,61,Spanish,energetic
Kickstart My Heart (Version 17),Mötley Crüe,0.8429577101890893,0.8680011967686755,161.52730534841515,0.7910027389219573,-0.3775692140066145,0.1589104588843411,0.0160052522140497,0.1197236758997891,0.2617451082280502,80,French,energetic
Eye of the Tiger (Version 18),Survivor,0.4887105433254631,0.9100562682491368,187.83884049038068,0.8291052928333722,-0.0853337053737979,0.0545095295786058,0.3499957980097686,0.2369881195971112,0.2129804409011657,59,Korean,energetic
Lose Yourself (Version 18),Eminem,0.7404747261941813,0.731222786925474,185.25334376383867,0.7395487711641962,-5.661678618325975,0.131155460356836,0.2566479994857636,0.0865612801342919,0.0636788366651867,99,English,energetic
Jump (Version 18),Van Halen,0.5601735521410043,0.8708535608033263,191.36236948594188,0.9176975580414176,-3.769558254745869,0.1507606967537089,0.1757213089311987,0.2314421822746811,0.1421606862226251,86,English,energetic
Sandstorm (Version 18),Darude,0.5226388408821189,0.8902683996440844,131.2710575924955,0.8251075896525293,-1.3157159898546658,0.0798283322187903,0.1791769668708657,0.2598461972984633,0.399044585896715,44,English,energetic
Thunderstruck (Version 18),AC/DC,0.472889693420025,0.7971928319684617,177.52147626734177,0.7534391416016726,-6.7021634312280245,0.0619859818458332,0.3599933107514617,0.2158070979150111,0.4936884429584837,15,English,energetic
Can't Hold Us (Version 18),Macklemore,0.7602075179884618,0.9825923296430772,145.13320017093326,0.8471681936676165,-7.838259838817621,0.1341520043423067,0.1877129112480965,0.1236252194184185,0.4380819585318901,88,English,energetic
Till I Collapse (Version 18),Eminem,0.8125606155945184,0.706690511469593,172.66535857146016,0.6655245009444304,-4.674711987996407,0.1664081478437552,0.1239359086110713,0.2846231788721575,0.1308352218674633,48,Korean,energetic
Run the World (Version 18),Beyoncé,0.6976334540209067,0.9016315201041294,147.65366129995428,0.6461377740352409,-1.3216120593604763,0.1523610509909905,0.1316383521259038,0.1741682676724321,0.0777561333138929,48,English,energetic
Power (Version 18),Kanye West,0.4252475294391775,0.8457461676581197,136.01816146954482,0.8794995597013718,-2.255950319138817,0.1887267341296989,0.2773867623856109,0.2839083705107901,0.2995306500609342,49,English,energetic
Stronger (Version 18),Kanye West,0.6601311666371816,0.9930913163878784,174.94904028049822,0.513853955987336,-2.2095777869558137,0.1810937384274831,0.3182320999177306,0.1876349836088641,0.3520865808920823,66,Spanish,energetic
Bangarang (Version 18),Skrillex,0.8941150735510031,0.7271986265528014,176.70713800432677,0.6275289625567673,-2.8792768273106395,0.1215247151767877,0.0613827328432648,0.0858215943498645,0.329733310119446,50,Spanish,energetic
Turn Down for What (Version 18),DJ Snake,0.3769379683822644,0.7795542625390968,188.46718834166015,0.6471911777007373,-4.095518749842697,0.188228067029168,0.0908596355347785,0.1351990246866628,0.3229059989945955,58,English,energetic
Radioactive (Version 18),Imagine Dragons,0.7532033577023833,0.9704960160138116,194.08310913014608,0.8494880334676803,-6.1733533072535165,0.0049618660085131,0.1535095721422495,0.0682181897667122,0.3696744413472341,69,English,energetic
Believer (Version 18),Imagine Dragons,0.69667835209543,0.7131914924864364,188.56156453916657,0.6119344698310321,-4.542183396071662,0.1335867470911484,0.1717675147409013,0.1491477067559847,0.0795325979010831,60,English,energetic
Kickstart My Heart (Version 18),Mötley Crüe,0.5408661295560023,0.929454367965995,194.06234360306183,0.6860737116785173,-4.611313384967369,0.1405254212647304,0.3771088004421106,0.1021064538646272,0.2480648929420715,25,English,energetic
Eye of the Tiger (Version 19),Survivor,0.7775839461313807,0.8829080708122116,137.74104407747683,0.7824797310030196,-6.506029723221385,0.1020431868156808,0.2116413070641754,0.2665749078007459,0.2581224233055971,35,English,energetic
Lose Yourself (Version 19),Eminem,0.4676654533415365,0.7692899044648094,191.1976313679035,0.5769548844882028,-4.59305151293485,0.0374346229853894,0.3093216160457501,0.1580806127931471,0.2080146607505654,11,Spanish,energetic
Jump (Version 19),Van Halen,0.5166597843758801,0.9556642620168938,168.76417680061067,0.8230405330090687,-0.8236918699945237,0.1803483352081284,0.1314036217351452,0.287161841049524,0.0611941469065724,33,English,energetic
Sandstorm (Version 19),Darude,0.5261013366096994,0.9687396572526524,149.2245815871888,0.6228866526445933,-5.57902171934489,0.1224626769693844,0.1753331102457415,0.2262184058154025,0.4527097891540996,57,English,energetic
Thunderstruck (Version 19),AC/DC,0.7045196249657164,0.7613400160592726,195.28773316523515,0.6190217930063653,-6.800845637374735,0.0179934557721921,0.2253534962664662,0.0607158648697759,0.1124491478506838,89,English,energetic
Can't Hold Us (Version 19),Macklemore,0.480018288357298,0.7844959029053391,172.29676572324996,0.8675353757627067,-1.9092027503768607,0.0524968909432953,0.0981241991943919,0.2907637131288813,0.053706308716382,49,Spanish,energetic
Till I Collapse (Version 19),Eminem,0.8278323198361295,0.7599185557367214,196.30990261628372,0.6540382781723839,-4.4771858088539815,0.1414241227888762,0.2350676205893041,0.1158436190208421,0.2992239121405206,65,English,energetic
Run the World (Version 19),Beyoncé,0.7384241306177317,0.7127004837707476,130.78395136789928,0.7061301225828011,-6.945307057571887,0.1328688582929429,0.0856209824909736,0.1468697988348311,0.138951921593421,47,English,energetic
Power (Version 19),Kanye West,0.6290901514494747,0.7348160378153706,131.61747969512362,0.5230092371480137,-0.3659324678775206,0.0284572437221871,0.2833913012547341,0.048340075140163,0.0986721585058319,97,French,energetic
Stronger (Version 19),Kanye West,0.6053257508456009,0.8394612790463031,196.61062166079088,0.9251759538593318,-1.7631308596602793,0.1204203660254699,0.1819841269572044,0.1261682042686737,0.4761893961389999,40,Korean,energetic
Bangarang (Version 19),Skrillex,0.6617452868548114,0.8737217583057983,146.23307852382405,0.5210140180483008,-0.4384913619236448,0.0627470517689307,0.1770356093297835,0.0609527847681408,0.4266159484591814,10,English,energetic
Turn Down for What (Version 19),DJ Snake,0.3165790997135583,0.9501972286297288,139.81995089515766,0.8989538506840185,-2.161818901310741,0.032934052501461,0.2263271971437872,0.1144172048759092,0.1302048945102125,84,English,energetic
Radioactive (Version 19),Imagine Dragons,0.8155093196466652,0.8210568299521688,157.89806000557678,0.576449003662979,-4.9354745913137705,0.17432336926577,0.1452514841958543,0.2869329618749427,0.4758390046437744,15,English,energetic
Believer (Version 19),Imagine Dragons,0.3869391955844076,0.7531933760567935,190.38718492323224,0.6767424135161236,-7.965008141735925,0.0547743639410742,0.239051597278224,0.2458018108091914,0.1100248776919668,48,English,energetic
Kickstart My Heart (Version 19),Mötley Crüe,0.3663248186500412,0.9766277960716996,182.5803857475808,0.7654008203501352,-1.846505680032576,0.0857708722613277,0.3033822989236506,0.1303868076441246,0.159842557621671,66,English,energetic
Eye of the Tiger (Version 20),Survivor,0.7374080527757813,0.8259016876471805,198.69639730283365,0.6572683320386454,-0.6261806357514725,0.1865925097134159,0.0967411788258984,0.2455197190287636,0.2448835273150543,55,Korean,energetic
Lose Yourself (Version 20),Eminem,0.8505148363382089,0.8350372817905716,182.10126021361563,0.710135334123709,-6.177593954297151,0.0398700257889372,0.1701724777025382,0.233983557393838,0.322282168331345,83,English,energetic
Jump (Version 20),Van Halen,0.7131775739403261,0.7846979052195827,163.7004742170324,0.5199778692361972,-1.4597406723350348,0.1979784324479749,0.1627516250498683,0.0329601863455167,0.1264066877979263,98,English,energetic
Sandstorm (Version 20),Darude,0.6915161266502514,0.8836237954611578,185.1505303709881,0.6142478049324807,-1.890944675622928,0.1375968043047339,0.1291257990855373,0.1772817999753797,0.116273213824247,15,English,energetic
Thunderstruck (Version 20),AC/DC,0.5715387020613496,0.9643592018666922,159.48339658777735,0.8778050179139398,-3.2779730779224447,0.0383753426204713,0.2324424978791585,0.1666154988724071,0.2293886008383728,25,English,energetic
Can't Hold Us (Version 20),Macklemore,0.3717782637096422,0.8250125991541689,135.0933663367739,0.544446073129438,-4.672667736538272,0.0610762963936927,0.3702177303448894,0.131440567452673,0.391036154932445,26,English,energetic
Till I Collapse (Version 20),Eminem,0.6181485158197457,0.9112257005927008,148.20811881107795,0.923857237777248,-3.759292024684608,0.1662648142570499,0.1460182773904454,0.0570570642436416,0.353170241474382,18,Korean,energetic
Run the World (Version 20),Beyoncé,0.3046557890024546,0.8425878929696524,143.49613318665214,0.7823189769959129,-0.1646410148971826,0.0928805812641292,0.3269993026102666,0.1671017304768026,0.2731280139968108,40,Korean,energetic
Power (Version 20),Kanye West,0.8582540959072669,0.9669897606240044,185.0060325631582,0.6333150889925528,-3.639932674208476,0.044779446661137,0.1775666792186159,0.1607375277551434,0.4242380180761989,95,English,energetic
Stronger (Version 20),Kanye West,0.8376170191949959,0.8243860187189433,131.2393111551266,0.8877982279052096,-6.605770571989114,0.1243763927780787,0.0099883601736524,0.1378667483203523,0.4936821359519074,51,English,energetic
Bangarang (Version 20),Skrillex,0.3604161606622819,0.8271079455998926,151.50049651329664,0.907289655524719,-1.045279136741159,0.0475397520612457,0.0324751148201724,0.1993273663965017,0.2013659203476694,91,English,energetic
Turn Down for What (Version 20),DJ Snake,0.7032506343636379,0.7096359268203443,139.33794646242427,0.8088675047476894,-6.301034757580018,0.1715175351524803,0.0234363550840541,0.0881801353521051,0.4993521118182809,16,English,energetic
Radioactive (Version 20),Imagine Dragons,0.5598456615520756,0.910889699063393,142.78641341999096,0.774440930743492,-2.191151453044652,0.0628953271733021,0.3315588447903511,0.1929227461875165,0.2251053543267636,44,Korean,energetic
Believer (Version 20),Imagine Dragons,0.6345854360058951,0.8730282542307772,141.58747048857063,0.6812295664401348,-5.252555295844055,0.0801805445158252,0.3044442353941032,0.1602853700160016,0.4731422689576689,72,French,energetic
Kickstart My Heart (Version 20),Mötley Crüe,0.4762058480150617,0.8247110734854787,185.0869767335329,0.7457110669943376,-3.623774828604418,0.0106680326010367,0.1594398650873823,0.1030981077538677,0.4997008052740019,42,English,energetic
Eye of the Tiger (Version 21),Survivor,0.4850130423793861,0.9653489604381592,177.33636145283342,0.6534123841364406,-3.6517249730070103,0.1681071759898387,0.3533473192123648,0.0733063462516592,0.2028079135436763,97,English,energetic
Lose Yourself (Version 21),Eminem,0.501133908128143,0.7126134388227834,171.87664318963277,0.8846690238464845,-4.947404897395858,0.1480071889968354,0.251080165440296,0.1314251585831102,0.1134769097715336,95,English,energetic
Jump (Version 21),Van Halen,0.7255943116655805,0.9563695506823722,178.00981446810442,0.5080453178156681,-6.27013684487207,0.0138959969767063,0.2281544398304907,0.2342489732869113,0.0997606341808967,10,English,energetic
Sandstorm (Version 21),Darude,0.8030026923560312,0.8666526935186449,178.29783084992073,0.9371308318738908,-7.330552094018421,0.1802448045955578,0.0504410783949637,0.1360988777919042,0.4331474133490015,98,Korean,energetic
Thunderstruck (Version 21),AC/DC,0.843752542042721,0.8519115020635436,171.58732467927976,0.8186663005693506,-1.3379306523782866,0.0243022339075332,0.324027723291691,0.1599445606381365,0.252780541298676,24,English,energetic
Can't Hold Us (Version 21),Macklemore,0.554339851198199,0.8527634755738127,196.15353873762223,0.7466916977564682,-0.3745796938948862,0.0360580261231281,0.2896543915330533,0.2493046754243617,0.3556079741006878,60,English,energetic
Till I Collapse (Version 21),Eminem,0.6641533681359243,0.8694438343258547,190.26513378050876,0.869740968724025,-7.021690230555204,0.1697175314061756,0.165627447776177,0.0984981440988689,0.4413958556062666,76,English,energetic
Run the World (Version 21),Beyoncé,0.559214879780245,0.942509407053045,148.4382528369091,0.501768194639998,-4.036326456776445,0.0200456513285768,0.3017503822099638,0.1045402867387408,0.2496405409715654,96,English,energetic
Power (Version 21),Kanye West,0.3522201390549325,0.7859977745341757,184.70431702810004,0.5682145603560438,-2.822723510984341,0.1834851705609002,0.2719347039030881,0.2489758561089012,0.0990372331867621,86,English,energetic
Stronger (Version 21),Kanye West,0.4504390956012327,0.9683616556721772,180.05739295326623,0.78779922186979,-2.6898661110264,0.0828401108609286,0.0178226526470612,0.2417992163590968,0.3554209562969092,47,Korean,energetic
Bangarang (Version 21),Skrillex,0.5836826784676348,0.9699278846104772,153.53117654895692,0.6324447849040562,-1.0176293993644574,0.1593975309517971,0.2059919242593379,0.0652983796536195,0.1467821621592736,62,French,energetic
Turn Down for What (Version 21),DJ Snake,0.693736794245284,0.8155123713521235,188.553123416618,0.9274797541994918,-1.554904597800654,0.0755090845991114,0.3154745716925696,0.1248892518370845,0.1251950394945352,95,English,energetic
Radioactive (Version 21),Imagine Dragons,0.3200359229195144,0.815715013828306,193.2491512588097,0.6075439644900544,-6.347894680561728,0.193964157048208,0.0100016451402368,0.2421611806063136,0.1946164800833916,59,English,energetic
Believer (Version 21),Imagine Dragons,0.3224927741217956,0.9753407620628752,139.77496311467084,0.7483006776765629,-5.807566340563618,0.0130385604369382,0.0199689942653516,0.0612003086858114,0.082115156250221,13,English,energetic
Kickstart My Heart (Version 21),Mötley Crüe,0.7563348693119538,0.8456698606850287,154.00244639442857,0.6882660095594032,-0.5684261154190136,0.1821503625476294,0.2862705920490307,0.2688642419038557,0.1938416124144311,26,English,energetic
Eye of the Tiger (Version 22),Survivor,0.5286655956049697,0.8841136545562684,173.6538163108085,0.7167649271055534,-4.794737212496374,0.197236062321739,0.2232927001118644,0.1474446534297722,0.3772816147578058,37,English,energetic
Lose Yourself (Version 22),Eminem,0.4617370159514757,0.730050797871199,154.67017178869185,0.6813377600555274,-7.867703003514634,0.1629584003271792,0.1436773609556726,0.1867129047606397,0.0832834342719301,47,English,energetic
Jump (Version 22),Van Halen,0.4049980972503504,0.966908117598268,172.60812695179607,0.9276278225767184,-0.0099997248694645,0.3596968013237788,0.1195212256333098,0.2617561348929561,0.4993751421668544,13,English,energetic
Sandstorm (Version 22),Darude,0.6777847405394745,0.9385422167534568,184.7222101170692,0.6599028686987961,-3.4058369579433023,0.1666113882528427,0.2752455505044222,0.0357142297751503,0.20151755100389,58,English,energetic
Thunderstruck (Version 22),AC/DC,0.3866854179567632,0.7698916636234117,193.3842634243928,0.5166019800098457,-6.24159430430461,0.0619138704476462,0.2467536287865579,0.1742074563231836,0.1482212672840237,67,Spanish,energetic
Can't Hold Us (Version 22),Macklemore,0.3985446403338927,0.7710394103788356,165.17707386911587,0.6220300035700416,-0.4191799871382224,0.0927730442857695,0.0235184066178548,0.226901929575891,0.1979803796940453,48,English,energetic
Till I Collapse (Version 22),Eminem,0.6920933592349485,0.7838783111569696,169.9520619213324,0.8474686271633591,-0.5759300658035684,0.0522254288866154,0.1339427803995924,0.1553519334772037,0.4672286769811949,95,Spanish,energetic
Run the World (Version 22),Beyoncé,0.8408321140863944,0.7269634840301914,139.23508780276677,0.7229791297987872,-7.147045817556612,0.0691161746697395,0.059354151286991,0.2017308958856092,0.4772729442826228,48,English,energetic
Power (Version 22),Kanye West,0.898040262176629,0.8125723397490744,171.93088459802286,0.8853204440858365,-7.060303417628928,0.137912882210393,0.1635374646900273,0.0856594632756443,0.2312391284363489,25,English,energetic
Stronger (Version 22),Kanye West,0.3455761721789501,0.9086221445767916,147.69198681239172,0.6401325402701951,-7.031349614068298,0.3596968013237788,0.1973777117130954,0.184479657002328,0.3062447073926845,98,English,energetic
Bangarang (Version 22),Skrillex,0.5462958687248051,0.7577589746314418,182.159292394888,0.5571753194109534,-7.169009677769516,0.1420290075193006,0.0835348081807935,0.1128286428652647,0.2638523601507831,93,English,energetic
Turn Down for What (Version 22),DJ Snake,0.5696107900377277,0.9125737375194998,173.64022554103528,0.7899782730268395,-2.287565354756341,0.058522545484693,0.1289333247201894,0.1482593919317996,0.1883579778650867,99,English,energetic
Radioactive (Version 22),Imagine Dragons,0.8909627213825182,0.9442155779264289,141.52582817792208,0.5025173701468413,-7.657733854021857,0.048812690208585,0.0457165143347426,0.1740012910209945,0.4360978502273114,13,English,energetic
Believer (Version 22),Imagine Dragons,0.7420501325479365,0.7646827189246571,157.950947921805,0.7285523942890749,-1.518353203973316,0.1678243206212329,0.3638873247631104,0.1674962176357763,0.3624236358961383,34,English,energetic
Kickstart My Heart (Version 22),Mötley Crüe,0.3670802227403623,0.8695866879861947,147.40842666297945,0.694272598261975,-2.927595933546245,0.0513971875707562,0.0208740231187044,0.0327631412303645,0.0599717909950347,83,English,energetic
Eye of the Tiger (Version 23),Survivor,0.3050098425082618,0.7331065169673626,146.7642100199091,0.5995496813820347,-0.1056272465608261,0.0612012210417886,0.0509683133437596,0.1773018869252946,0.4360808549288787,81,English,energetic
Lose Yourself (Version 23),Eminem,0.7068362260726051,0.788824626740635,169.31313118540186,0.8216851883901841,-2.1751640610580614,0.1333076910595377,0.3483241699102472,0.2649284737529082,0.3105214517331515,27,Korean,energetic
Jump (Version 23),Van Halen,0.5579138214667274,0.89247108866953,187.2748400959324,0.5025434471785332,-0.0640239278811911,0.0365787544658398,0.1880995942639904,0.265448028407574,0.1512681795698897,42,English,energetic
Sandstorm (Version 23),Darude,0.58607713434023,0.7397746540543537,157.65534277717347,0.5797109546568511,-5.090978009830744,0.0746928433585444,0.3972683158393331,0.2985995179120185,0.1016538253972755,64,English,energetic
Thunderstruck (Version 23),AC/DC,0.7355812675970084,0.7155236439007303,132.1134410736032,0.5474002524102339,-0.2761147439365281,0.1881727095789395,0.0775711281122721,0.0736515305995021,0.1582407889321761,92,English,energetic
Can't Hold Us (Version 23),Macklemore,0.6093281964450854,0.870911389610623,145.51154013076132,0.8404802546404753,-5.523574644778794,0.1844262651058821,0.2626890825826922,0.1478148224619751,0.4054604007662804,46,French,energetic
Till I Collapse (Version 23),Eminem,0.790748775627999,0.787144481682683,153.78001806852592,0.9211798191778716,-6.682071693093825,0.0084300833925868,0.1816221290438197,0.2463266730657798,0.3972506478398356,26,English,energetic
Run the World (Version 23),Beyoncé,0.8517183773476995,0.859960199310712,137.00452700965732,0.7649100384512072,-1.772835085174307,0.0186656240539652,0.0690629604390359,0.0333184785120311,0.3171436607510646,95,English,energetic
Power (Version 23),Kanye West,0.8320406351675427,0.9011989948006298,198.74280613136875,0.5283651436248927,-0.7759913187880301,0.1628136574773361,0.1256966081998019,0.292852168996058,0.1795719866771367,83,English,energetic
Stronger (Version 23),Kanye West,0.8335828342969311,0.9642245731222568,183.03603316220807,0.7535617132157832,-7.039978003064896,0.1063943468992996,0.1427185022619738,0.243898598951945,0.3911581429235802,85,Korean,energetic
Bangarang (Version 23),Skrillex,0.8463675044235632,0.7044490487295123,186.63722517761323,0.922307923906101,-1.685596407134799,0.0260388919740733,0.0325116419363551,0.0356282147480792,0.3329353516226319,34,English,energetic
Turn Down for What (Version 23),DJ Snake,0.6778035911159324,0.9960741142654636,157.8630221872867,0.6493578282038736,-3.0046005825248603,0.1651217345015188,0.3747095798092008,0.2468435248683404,0.2420032912771121,53,English,energetic
Radioactive (Version 23),Imagine Dragons,0.6809485411872385,0.9568897980148352,164.34267818182175,0.5975089896674267,-6.642212482017016,3.1548915611345765e-05,0.2872951979925137,0.0599962463884174,0.1597275948631732,30,English,energetic
Believer (Version 23),Imagine Dragons,0.478725798913676,0.8681139580410304,157.85700941070385,0.8036032964104227,-7.554890725370378,0.0247878388528878,0.1996846014133066,0.120980492718644,0.1831160132381118,40,Korean,energetic
Kickstart My Heart (Version 23),Mötley Crüe,0.3402168474225136,0.9687157524244004,178.42730102875356,0.5547281705688423,-7.479632338102875,0.1949745066862486,0.2724690201758019,0.1427131391953102,0.3657789683401032,72,English,energetic
Eye of the Tiger (Version 24),Survivor,0.7537990718880956,0.9339886607166338,163.45141139571405,0.6934472411561816,-7.911775325848797,0.1853114230283676,0.2413231513555772,0.0848515630412913,0.4638215387396465,27,English,energetic
Lose Yourself (Version 24),Eminem,0.848959141062178,0.9967552493098288,191.18395941972847,0.9490029745190292,-6.042510495013819,0.3596968013237788,0.3292113235183058,0.0923538969895981,0.0942968970504458,25,English,energetic
Jump (Version 24),Van Halen,0.8876523082065599,0.7888073654561831,190.9624253327464,0.5018572196035718,-7.831801542243182,0.0931742617392736,0.0954858735740254,0.2162571465277103,0.3045039465055794,91,Korean,energetic
Sandstorm (Version 24),Darude,0.3464914784702949,0.748788488894715,157.163448904089,0.583521828779945,-1.6622212220485713,0.083214047110656,0.0373727467369997,0.1607725836134737,0.0908771814776363,24,English,energetic
Thunderstruck (Version 24),AC/DC,0.3773623832518903,0.7718829496084616,190.1669393673243,0.9160756395498372,-1.3899381653434473,0.0668154434835694,0.1089785764435326,0.1782720365133646,0.3748339222399005,39,English,energetic
Can't Hold Us (Version 24),Macklemore,0.8960236728961051,0.7394712135636778,133.45043993166632,0.8124601500478719,-1.3421937319687558,0.1692697559732846,0.2713854196308642,0.2875842671121805,0.2799521435950641,28,English,energetic
Till I Collapse (Version 24),Eminem,0.8482888790017276,0.9903436410974568,189.30102199021755,0.6393913534663793,-6.430274790637638,0.1096240129963636,0.1812059001520753,0.2669947523920379,0.0950142519802191,28,Spanish,energetic
Run the World (Version 24),Beyoncé,0.4546440367869112,0.9255396833556124,136.64906514841184,0.6443439863097651,-4.902756847568135,0.124518759312538,0.0632530582877458,0.2623632123944216,0.2513940059598234,74,English,energetic
Power (Version 24),Kanye West,0.8502130271283339,0.8403609740901794,149.25281812585132,0.5638229729094537,-7.9700392423097215,0.1064314969969671,0.0428626787707693,0.1357664961804181,0.315172292556689,44,Korean,energetic
Stronger (Version 24),Kanye West,0.4654115381416202,0.7525672877098345,184.2305135826539,0.9260560275267292,-7.196476657104272,0.0311180648770015,0.3840050629010875,0.0402017398893065,0.4899345514477125,97,English,energetic
Bangarang (Version 24),Skrillex,0.3027866898509933,0.9621005966953994,151.51276266914246,0.9223649861797834,-5.464437690915316,0.1308612643068112,0.0320130279063746,0.0954290490925095,0.3981557059156628,30,English,energetic
Turn Down for What (Version 24),DJ Snake,0.6172115122072919,0.9783907185361134,160.0125985838948,0.8914155646162654,-4.4083565001741,0.195849655740397,0.3839337525595507,0.1188669105001417,0.4486656516875614,18,English,energetic
Radioactive (Version 24),Imagine Dragons,0.8085668245293895,0.7632041191982688,173.70032805482887,0.5327070420154167,-1.306314235332307,0.0349091767006993,0.0283258805543058,0.138059155795479,0.3096149623698395,62,English,energetic
Believer (Version 24),Imagine Dragons,0.8129501751358628,0.9922727576565208,160.76447587989043,0.5272011153433716,-2.007075367793034,0.1130346512447875,0.1791565379377852,0.1135025972738912,0.2760793375295911,39,English,energetic
Kickstart My Heart (Version 24),Mötley Crüe,0.5032077626742186,0.927103560324208,168.07255875448487,0.8945814983693503,-3.651648682804464,0.047652482667986,0.3404367528928578,0.1804491421311118,0.1430784671646025,96,English,energetic
Eye of the Tiger (Version 25),Survivor,0.6741046859737333,0.8073150294827283,189.1083928604446,0.7039848823909443,-2.188469135140666,0.3596968013237788,0.1584097385209384,0.2954751878475476,0.4138071302647167,68,English,energetic
Lose Yourself (Version 25),Eminem,0.3959644814201571,0.7833292148431765,153.08710661994527,0.7926645022229506,-1.944041924082756,0.1499053217615819,0.2039496225225611,0.2489215452163008,0.2466851372408637,15,English,energetic
Jump (Version 25),Van Halen,0.3743283391773371,0.8693325524961439,196.66109692207743,0.85684714312663,-3.370394818462061,0.1293611320698194,0.3722248108142291,0.1456525544974393,0.1991273625241868,19,English,energetic
Sandstorm (Version 25),Darude,0.8863449390002696,0.9590329400531,152.61305092330218,0.7087012688124152,-4.679374967937608,0.0298191357342867,0.3831277295253036,0.1391643564293349,0.4438980871870586,25,English,energetic
Thunderstruck (Version 25),AC/DC,0.413613736608399,0.8643612431911659,131.6772969586989,0.8438992177290388,-3.352688814029773,0.1251179166939505,0.0206883530218613,0.0869803491563261,0.083448892559111,73,English,energetic
Can't Hold Us (Version 25),Macklemore,0.4733485894822871,0.8882317023046453,169.63301890221626,0.7754674197260256,-3.6059898289768455,0.0546057591351718,0.0978029989377701,0.0670061145548769,0.4320818937065714,70,English,energetic
Till I Collapse (Version 25),Eminem,0.6698876151247467,0.7559533037512179,142.40465658748676,0.8928660206867615,-2.058153089893445,0.1318798159810743,0.1627456430157199,0.1007334023551997,0.4907528434007707,65,English,energetic
Run the World (Version 25),Beyoncé,0.7783437450136801,0.790533766940883,189.32953573949464,0.8415193768766067,-5.623355600976013,0.0853105708483279,0.0743813781564106,0.0599841599820895,0.3752429147778635,68,Korean,energetic
Power (Version 25),Kanye West,0.4605071144123199,0.946017809723876,199.69260980600984,0.5344789162683419,-4.215718999330398,0.1604125118621606,0.2232927001118644,0.2351992327493615,0.2070477208858599,94,English,energetic
Stronger (Version 25),Kanye West,0.5723119534110315,0.878490507202441,198.175840850128,0.6473962719223219,-0.6148488982651381,0.0538713836360988,0.3956297861894818,0.2109711954434497,0.2585801661613479,89,English,energetic
Bangarang (Version 25),Skrillex,0.668034256838163,0.781759350712062,149.19217002580265,0.5510995447295722,-7.08759761835681,0.0695343482937822,0.3051421911585487,0.1941522152515039,0.0961630521489593,95,English,energetic
Turn Down for What (Version 25),DJ Snake,0.8113419149855465,0.8804102880970199,197.25989037493457,0.8015834603350434,-6.598601090366552,0.0947566724615644,0.2593990390188816,0.0376314692834939,0.0567096188696635,44,English,energetic
Radioactive (Version 25),Imagine Dragons,0.3776418003591407,0.7754993305136412,160.06843864644728,0.7193482131919048,-6.895779128496826,0.1346783158231661,0.2384552246786139,0.1095053066871132,0.0561469475458814,20,English,energetic
Believer (Version 25),Imagine Dragons,0.3465887492119744,0.8175084326532518,140.77820458159786,0.6695688227665868,-2.974539163917159,0.1094474855758567,0.0924703532549577,0.1228320726398631,0.3263140393018928,94,English,energetic
Kickstart My Heart (Version 25),Mötley Crüe,0.8165130168260692,0.9259640316216632,168.73800187833905,0.6630318492424188,-5.0795897796655565,0.1758834620528792,0.0156974304162185,0.2967553139934704,0.348968934883203,74,Spanish,energetic
Eye of the Tiger (Version 26),Survivor,0.7086826194434344,0.7113993511914226,172.38704924238905,0.7181501270407011,-7.153768744847464,0.0555844021538718,0.3561257824854605,0.1784968722838073,0.2360374588282589,33,English,energetic
Lose Yourself (Version 26),Eminem,0.3436092935044865,0.9142364582206916,179.19955763772228,0.7763196231376536,-3.9178988302348063,0.0867568804414745,0.2373084371951969,0.0930167719666698,0.4735665788799414,10,English,energetic
Jump (Version 26),Van Halen,0.6532767175081378,0.7933577333063129,161.477589561961,0.8625581549946015,-6.7070715141576205,0.058567124492052,0.2718032090946222,0.1151820857502004,0.4066257568376596,31,English,energetic
Sandstorm (Version 26),Darude,0.3782720923064165,0.9288058511363826,134.78462003953965,0.5056666757003726,-0.8142118493427031,0.1162678433864597,0.1407307588347246,0.0928005519802396,0.3275986024673673,26,English,energetic
Thunderstruck (Version 26),AC/DC,0.605401310122043,0.9974793326589956,198.8251190657622,0.7857610547637244,-4.457035951152876,0.0982281938269324,0.2729916264947448,0.0574251269435529,0.1977584332148231,92,English,energetic
Can't Hold Us (Version 26),Macklemore,0.3451633446021623,0.7220082278550758,143.70874693259637,0.7183639645669521,-1.721805430697685,0.0970991782331745,0.1341906442243479,0.0522353073909247,0.2976329854324083,58,English,energetic
Till I Collapse (Version 26),Eminem,0.4627611518899061,0.8844802533751442,198.4031417392693,0.5500914446648976,-6.302996810224481,0.0946189076198749,0.3874455261383718,0.2383886395928988,0.4542031369232736,58,English,energetic
Run the World (Version 26),Beyoncé,0.5002289090854758,0.9976115421335784,137.198297124491,0.5238378077207454,-1.155178983567775,0.1854529740413972,0.0362341430184407,0.0606254052213772,0.0649283709900982,38,English,energetic
Power (Version 26),Kanye West,0.3627045375856345,0.7628259450400843,197.90536332370007,0.8005371000078562,-1.7715757958516631,0.1552278807383044,0.2140294999116858,0.2453220239825146,0.3181133895754863,45,English,energetic
Stronger (Version 26),Kanye West,0.4887276585620146,0.8683330326305202,167.34560102941597,0.8705538741916943,-0.1461822609467278,0.0822085130841861,0.3053562713765438,0.056936011090296,0.3995741162517298,60,English,energetic
Bangarang (Version 26),Skrillex,0.5228501471959393,0.711817048866906,155.4272324993524,0.7747892379147401,-7.045998658548268,0.1848068984860509,0.0310689653091354,0.2811018143549548,0.3682118830710589,57,English,energetic
Turn Down for What (Version 26),DJ Snake,0.4978273052485221,0.8172251043127279,181.8566555312921,0.7706619953965432,-2.6268566283604384,0.077832923302696,0.1951253927230396,0.2972642206902312,0.1462652917248729,44,Spanish,energetic
Radioactive (Version 26),Imagine Dragons,0.5507137119132789,0.7875469562721902,183.55780573078948,0.8438056815495742,-5.660436312020833,0.0162780633265965,0.0045730706688816,0.145411643975471,0.2346519174510969,29,English,energetic
Believer (Version 26),Imagine Dragons,0.8930339271839178,0.8409406227093039,147.94928587027945,0.9010532484641602,-4.071456402771372,0.1198351270421155,0.038267484171285,0.133387429979039,0.474900653513204,78,English,energetic
Kickstart My Heart (Version 26),Mötley Crüe,0.6537032305052553,0.8033505565427385,173.7967026442115,0.9096849903101524,-5.80807519621928,0.1010233436941348,0.3834762615647021,0.0765469586905822,0.3738487665185201,36,English,energetic
Eye of the Tiger (Version 27),Survivor,0.6686886049217895,0.9039025393421904,154.58537414672986,0.6412457180676943,-2.5263226352930364,0.043108657020909,0.167861897943602,0.0808071544342878,0.0537371785054983,18,English,energetic
Lose Yourself (Version 27),Eminem,0.8820344160228417,0.8295108935969256,197.8544730093878,0.5631455838955217,-3.301065764340112,0.0401948065582479,0.3160296507853099,0.2415998069654633,0.1006732170676903,20,English,energetic
Jump (Version 27),Van Halen,0.8472386717258336,0.7583888941609673,172.90841391125522,0.9435351290394668,-0.9408277218690896,0.1913127857122338,0.1370395084872477,0.0585054233992551,0.1347560929802525,55,Spanish,energetic
Sandstorm (Version 27),Darude,0.6002969370459683,0.9379689034819968,140.51075509287128,0.7968791895173406,-5.411379167683905,0.0682404144784307,0.2647670920631705,0.1560898432739694,0.4154149818616973,31,Korean,energetic
Thunderstruck (Version 27),AC/DC,0.3935511057976962,0.9369844809301116,134.49646736401945,0.5873242461105223,-2.750802283974677,0.1709851313022142,0.1010718510957396,0.1183417335738064,0.291704336729033,95,Korean,energetic
Can't Hold Us (Version 27),Macklemore,0.4269436838935814,0.9433468784762516,184.15456515040324,0.5653812703846017,-4.289362145466943,0.1549655533309243,0.1349318124413659,0.2009388421337875,0.0725959046559077,85,English,energetic
Till I Collapse (Version 27),Eminem,0.6652132563175908,0.7457958940001821,188.1408327580116,0.6599522586112153,-5.747569098174434,0.168177795342297,0.020057609228724,0.1370843758202731,0.2165015932587641,16,English,energetic
Run the World (Version 27),Beyoncé,0.4708802245497305,0.9735262996004432,182.56498754617056,0.5287654238863725,-2.282500404520367,0.1054598266257588,0.3603471577606317,0.1144953166840567,0.3083728998243123,60,Spanish,energetic
Power (Version 27),Kanye West,0.6004531648445917,0.8468682718682817,161.9273779662049,0.5925332639895265,-1.9543206200608576,0.0902672065478577,0.3834065100010423,0.1004182753420496,0.3572347278321685,99,English,energetic
Stronger (Version 27),Kanye West,0.8644302477834651,0.8990374969048277,190.9891035332176,0.8723664318906528,-5.119058276087969,0.1200247879878993,0.0625045359245422,0.1745919883278119,0.1536898873164517,41,English,energetic
Clair de Lune,Debussy,0.2019199299269483,0.2036454769955517,87.77593333512979,0.429975391926959,-23.394729738465585,0.9582341743330284,0.5396584336000049,0.0872268990576866,0.0870754337019367,58,English,calm
Weightless,Marconi Union,0.5421344521209259,0.2700575417775394,68.51165162191653,0.1759054232584043,-13.69048576198291,0.5161076802251865,0.4237744603069943,0.0450780231947281,0.216269359999607,84,Spanish,calm
River Flows in You,Yiruma,0.5358517550275967,0.1441512486226278,81.34510436614187,0.4927671138005657,-16.969920277378336,0.9486020654658958,0.4071335544561408,0.0387260963187292,0.1529658663466129,89,Korean,calm
Holocene,Bon Iver,0.4864367671326053,0.0437721619343917,73.52345528082544,0.1186543601846361,-25.056002018222976,0.9137228679898066,0.1172645818086075,0.0740258821445732,0.2831239686284349,49,Korean,calm
The Night Cafe,Van Morrison,0.2947711446044729,0.2774539362910592,108.75509505501002,0.4849112240609853,-29.596628560329705,0.5501655266060343,0.2037977765271411,0.0761628534785713,0.2314397188633188,75,English,calm
Bloom,The Paper Kites,0.4696946246512796,0.1344313550968952,68.4888469879061,0.3323044367809012,-23.875349747569068,0.8644170735611517,0.408952055079935,0.0470911755749174,0.1233696443397536,71,English,calm
Re: Stacks,Bon Iver,0.2845881280198986,0.1062985504746645,64.74152194220507,0.2387428043715558,-34.15889431565196,0.5932069235831634,0.6227393112336004,0.0460375190941298,0.2170592542443359,91,English,calm
First Breath After Coma,Explosions in the Sky,0.4867536702389109,0.2324741370928454,107.93488706826992,0.1085759466492453,-18.010989036472733,0.979393321970204,0.7035902105470575,0.033431415344401,0.131705076562933,62,English,calm
Gymnopédie No.1,Erik Satie,0.2689807359505861,0.2405233455258816,95.60939909897462,0.2268295077452232,-22.591348798361203,0.8454602850355974,0.3949378716277338,0.0883212424364367,0.2428874838219543,39,English,calm
April,Nils Frahm,0.2258662175402283,0.2484501196363316,71.76627754798749,0.3230073058669101,-12.991565819441778,0.9395310022761252,0.3831614821805922,0.0433211086675482,0.1086014361020647,56,Spanish,calm
Experience,Ludovico Einaudi,0.413005947902608,0.0456993813032225,87.46375040641243,0.1005334557963168,-27.55145849284557,0.6099671569152907,0.7798531529725474,0.0781793855655983,0.1374133451155594,28,English,calm
Comptine d'un autre été,Yann Tiersen,0.2371380346122482,0.2067202378762496,70.67239406630212,0.3145718183593431,-15.786665853885474,0.8078962760506927,0.5436518936815016,0.0632824231250249,0.2818164081578523,28,English,calm
Aqualung,Jethro Tull,0.5727610737682414,0.2050892804294208,75.28797435717522,0.2838348023517776,-30.70916801950084,0.8181721576590446,0.4500646350475633,0.0282640382250623,0.0994119452799038,55,English,calm
The Rain Song,Led Zeppelin,0.3918527824798107,0.3550355962875433,88.31953603155488,0.3726140000833883,-27.20234335589008,0.7857056965221172,0.4131658758466472,0.0727303930098528,0.0626438915197526,62,English,calm
Breathe,Pink Floyd,0.3973200864955836,0.1183970500575867,76.30925306389545,0.4843669726232246,-30.7980193076382,0.6556226262892985,0.4569248030116103,0.0890421558519699,0.1541675208015926,19,English,calm
Clair de Lune (Version 2),Debussy,0.4975461123552684,0.3425496392859209,75.50081779109244,0.257100073415484,-26.799206855167807,0.9164279043089604,0.1310428033675208,0.0446736871062944,0.2198521393987824,63,English,calm
Weightless (Version 2),Marconi Union,0.426177399826137,0.1745157437174777,86.99741136106923,0.1790338343313273,-25.093517703015763,0.7508514920881746,0.7308323853682211,0.0408668130243181,0.2669571255412331,61,Spanish,calm
River Flows in You (Version 2),Yiruma,0.4576965603303927,0.0081363324270403,96.23156684496968,0.114220751019622,-12.0602340832823,0.9363183438455988,0.308140623278032,0.0405928984157364,0.1453602705264022,75,English,calm
Holocene (Version 2),Bon Iver,0.3424667861257772,0.1489351273541524,75.91382730597402,0.3484533627393326,-31.22193573442565,0.9229906462230066,0.6686817388219207,0.0581186566284216,0.2631824913196369,63,English,calm
The Night Cafe (Version 2),Van Morrison,0.2988580280121173,0.0070261822815867,90.96039625149116,0.2831637627858862,-21.95521543519497,0.9496697045092016,0.7789479014961604,0.0707562511804482,0.2410138974631095,13,French,calm
Bloom (Version 2),The Paper Kites,0.2335233733948657,0.0642862339566022,96.66024024764884,0.2725461825552008,-24.74279878069867,0.6543038408177183,0.5251494684344207,0.0348132036332962,0.2067290698284739,91,French,calm
Re: Stacks (Version 2),Bon Iver,0.2695195428540958,0.0255304138838854,76.51788443495305,0.192456136803939,-14.553192313204356,0.5274767269343132,0.223629584801886,0.0638975684466439,0.1702667977118684,84,English,calm
First Breath After Coma (Version 2),Explosions in the Sky,0.2183408073498806,0.0029009712060577,109.4033970980575,0.3635338801435352,-26.595658989264194,0.7352161238316206,0.2865850843180009,0.0475899026954567,0.2122611168170535,67,English,calm
Gymnopédie No.1 (Version 2),Erik Satie,0.5531247195469482,0.0736520092324739,102.01807526926594,0.1486226518073076,-30.055178857467,0.5185876440248229,0.1985683034650996,0.093384251637124,0.1648596866545946,82,English,calm
April (Version 2),Nils Frahm,0.2310663447113414,0.3838907352155845,103.94961538793252,0.4018730083472565,-13.53012578520617,0.610064710417882,0.6854585051070605,0.0751992957083445,0.2674398123919221,39,English,calm
Experience (Version 2),Ludovico Einaudi,0.5187646262970519,0.13859802527073,98.71992685086278,0.2049825211939561,-27.442380250354734,0.5539528586114881,0.7545536311863281,0.0432802690720225,0.1801556162928629,90,English,calm
Comptine d'un autre été (Version 2),Yann Tiersen,0.356533134586477,0.3839712482334006,76.75245854692412,0.4114183285690757,-15.32542844348286,0.717803248740483,0.3647202701170519,0.0798196656746102,0.2782239950765585,72,Korean,calm
Aqualung (Version 2),Jethro Tull,0.5019726932288953,0.0908505462367462,104.41538737188526,0.2550326669747332,-21.746723529107516,0.9157178096463556,0.2318763371803445,0.0827608108542042,0.1990406994776694,73,Korean,calm
The Rain Song (Version 2),Led Zeppelin,0.5573366567310433,0.0687881607374171,81.03411185204642,0.433137237146735,-34.557670820494515,0.5561006833828215,0.7933956489297144,0.042431534287228,0.2938857984309883,71,English,calm
Breathe (Version 2),Pink Floyd,0.2730126204034696,0.1444377772029342,97.64347222517851,0.3631113628952714,-21.63418480163172,0.7649495879025038,0.2232927001118644,0.0387958850266714,0.1606177317483796,84,English,calm
Clair de Lune (Version 3),Debussy,0.2621809168625829,0.2383766382922817,72.52722121356601,0.2335368257373543,-24.161233517658854,0.5133852928515639,0.1643565551445863,0.0748743376566575,0.1572424951793768,50,English,calm
Weightless (Version 3),Marconi Union,0.5459160887999581,0.2778688014576798,60.40504708236613,0.3466849323068539,-32.844328080626525,0.8904665898952471,0.7940553817949514,0.0624959035393209,0.2206948750485325,34,English,calm
River Flows in You (Version 3),Yiruma,0.2949256643579006,0.1750390975015174,102.8047666118192,0.1669691790985005,-28.89268107088347,0.7227168376430151,0.5985742242908099,0.0500707163836539,0.2819330699457509,44,English,calm
Holocene (Version 3),Bon Iver,0.2377828205074876,0.148321679017939,95.44770617142107,0.1903947062645969,-19.90249791271752,0.582108479113673,0.1391861994031804,0.0296812573398919,0.2824961957835337,83,English,calm
The Night Cafe (Version 3),Van Morrison,0.4207003531758205,0.3185383101918596,76.63272504525256,0.3370634591541787,-23.616100924785197,0.9728689797011468,0.6233022452378773,0.0784434105197263,0.0615883173585698,29,English,calm
Bloom (Version 3),The Paper Kites,0.4198678676014764,0.1867965815607259,106.39211333030973,0.2029367952758129,-28.79383057430483,0.7056731244407501,0.2703587993844633,0.0303347134246999,0.2643537116627002,70,Korean,calm
Re: Stacks (Version 3),Bon Iver,0.4233106097615663,0.3445450875826267,101.5567382701848,0.2128169419158684,-22.402038780541695,0.5416088513700352,0.740676318821531,0.0523410172052122,0.1484190459722553,11,French,calm
First Breath After Coma (Version 3),Explosions in the Sky,0.3211021482471813,0.1842654978842815,72.5879693272724,0.2499409091187218,-16.60121788254772,0.917127751792586,0.3129277343399613,0.057521154444223,0.2684549440700131,56,English,calm
Gymnopédie No.1 (Version 3),Erik Satie,0.2210693327318788,0.3556579847983142,70.95921728261658,0.3714156976857503,-21.601310983154196,0.776470374094626,0.701552157326975,0.0281257714915729,0.136757006331409,18,English,calm
April (Version 3),Nils Frahm,0.4153010985379062,0.3245155415784159,70.82215417058357,0.4211719365497105,-25.80831490263948,0.5944569282168477,0.6312905083104379,0.0272719121179638,0.1786918435188607,30,English,calm
Experience (Version 3),Ludovico Einaudi,0.2255503135447553,0.142567142063115,90.05383995031963,0.3224462165948852,-25.69292538819267,0.7145239969860578,0.2587386873455366,0.0564706070739282,0.2883137139302085,55,Spanish,calm
Comptine d'un autre été (Version 3),Yann Tiersen,0.5401811671135162,0.0580931476305375,61.48903936604604,0.4734097250866522,-22.884755752742805,0.7689189115746539,0.6465025969945657,0.0451751179097061,0.1704768922090005,76,English,calm
Aqualung (Version 3),Jethro Tull,0.5874651652586951,0.2688594747729628,67.68725159978929,0.1532906991937413,-30.301910558340875,0.8833558372103587,0.3067639026884312,0.0217111077340063,0.2860435908764154,58,English,calm
The Rain Song (Version 3),Led Zeppelin,0.2678853665579642,0.0038232744592274,71.85658011916615,0.1940115148472534,-25.29387923054837,0.9601949157500184,0.7154294424453685,0.0565515643985942,0.1527249762479516,97,English,calm
Breathe (Version 3),Pink Floyd,0.4220036345899405,0.0973816047887063,62.609249598318144,0.4756896544684826,-30.705923347825028,0.5992003646228582,0.4307222301977633,0.0593290675872264,0.0546085524251854,32,English,calm
Clair de Lune (Version 4),Debussy,0.2591818955095882,0.1512619274242967,94.18653467552696,0.1913673827327743,-25.270667736439457,0.7786725323582334,0.7220147462363045,0.0460856401861698,0.0833895664658708,65,English,calm
Weightless (Version 4),Marconi Union,0.3957088903590433,0.2986886406736248,65.49298785263667,0.2698733966787842,-34.590941750962884,0.5167795908236256,0.438067354251666,0.0438557838520743,0.261276824751353,10,Spanish,calm
River Flows in You (Version 4),Yiruma,0.4408617224505817,0.1815731846971961,80.39676855271482,0.2988981920758253,-34.06990688210879,0.94639667821033,0.7988122090137709,0.0345189699886958,0.0800957411936549,73,English,calm
Holocene (Version 4),Bon Iver,0.2574309853794381,0.2644108232937469,93.07204192253874,0.4391696649113644,-17.707993066196174,0.7248448366846698,0.5289987530957232,0.0750627736294406,0.1781841175713063,16,English,calm
The Night Cafe (Version 4),Van Morrison,0.3902603937806547,0.2580389782570613,87.87372744878269,0.3575769221343642,-20.904340198842636,0.8595982802568274,0.5499624561480133,0.0615793989149813,0.2204492028210966,94,French,calm
Bloom (Version 4),The Paper Kites,0.3797927860741712,0.0966684903890404,60.07091100669577,0.3239856588583373,-21.414929788001256,0.9860244823878572,0.3530348338659929,0.0515306594262649,0.1004498953355475,35,English,calm
Re: Stacks (Version 4),Bon Iver,0.2282137180949287,0.3091217971446962,72.48405321696625,0.3435619444120151,-19.181220182453927,0.7356183436458239,0.7134464791190341,0.0555035872783783,0.1212271557604412,50,English,calm
First Breath After Coma (Version 4),Explosions in the Sky,0.5584062091846489,0.3446257136999826,68.20199735382064,0.1103844073415683,-32.93033220395873,0.6432736992769086,0.7805818612191975,0.064681292252866,0.1433154330073172,71,Korean,calm
Gymnopédie No.1 (Version 4),Erik Satie,0.5554864378450985,0.1812545325913998,75.76193142005106,0.476487811498263,-15.461093677568408,0.9218341877097204,0.4585993201351492,0.0831550719052364,0.0948383398161379,42,English,calm
April (Version 4),Nils Frahm,0.4292891830224974,0.3935383691390183,74.54792152589809,0.4177409316990701,-23.718996634214456,0.5199028416110436,0.6341135784709672,0.033485531551369,0.2078683917831875,90,English,calm
Experience (Version 4),Ludovico Einaudi,0.2342656776187891,0.3787469589983859,74.58619435901804,0.1905858766709579,-32.02986270647431,0.973001096669524,0.5983326197089137,0.079332871097447,0.1748511403450611,95,English,calm
Comptine d'un autre été (Version 4),Yann Tiersen,0.3898911141081933,0.0440084971965906,87.99205477919959,0.1987665980435161,-12.525657345590666,0.8982904700075737,0.3890944421350213,0.0321073006953226,0.2463329227846959,94,English,calm
Aqualung (Version 4),Jethro Tull,0.2488215068325264,0.0757335013988282,70.57602588721137,0.3227562553092378,-16.897696958221577,0.657157439362346,0.1592688699927026,0.0571630770819535,0.2370275602899839,13,English,calm
The Rain Song (Version 4),Led Zeppelin,0.2886655372349553,0.0879698192157497,107.36135136733554,0.4816614908476712,-12.219288162583744,0.90382980078739,0.2317289184175619,0.0369585216639409,0.135056310380598,50,English,calm
Breathe (Version 4),Pink Floyd,0.3272530125333963,0.3826110996312036,99.45369914408468,0.3896035168646216,-30.72284584666297,0.9547627796811649,0.6795092656543217,0.0330913473062338,0.2677925829902431,96,Spanish,calm
Clair de Lune (Version 5),Debussy,0.3088990145481885,0.0323478983328424,92.8411153257105,0.3615218637537323,-32.81656377999079,0.6594259044682912,0.7949701235788771,0.0742741333606989,0.2325187916508322,69,English,calm
Weightless (Version 5),Marconi Union,0.2851669142417222,0.0315128284015657,73.84508448704688,0.1995593540772768,-29.60548568279478,0.5963771609435198,0.5023289834587831,0.0462482780673457,0.2550862537618826,76,English,calm
River Flows in You (Version 5),Yiruma,0.2735789671389536,0.1858508283474178,60.682891821304,0.2926729289820768,-33.71572091984109,0.9888617559363218,0.6534144900552891,0.0592089181309164,0.0716468395448375,48,Korean,calm
Holocene (Version 5),Bon Iver,0.4369781763161657,0.303505500280751,69.53586265023726,0.3272833363149963,-16.273149337194038,0.8841238888231582,0.6620944125070071,0.0903458739895776,0.2844205255398676,25,English,calm
The Night Cafe (Version 5),Van Morrison,0.3622084620814144,0.2275076410091509,99.53297630228056,0.3788559255783132,-12.103034749919289,0.5068388255523221,0.3485932507210535,0.0424822341016161,0.1155789625413836,15,Spanish,calm
Bloom (Version 5),The Paper Kites,0.2890119129995543,0.2836495363260916,64.2379736637661,0.3966435335773354,-19.051205633625717,0.6254020662504483,0.2769836482156129,0.0703088468275601,0.2405427763709194,65,English,calm
Re: Stacks (Version 5),Bon Iver,0.5505942452349462,0.3408558255417903,108.24414970819264,0.3325539581346045,-14.100922089171728,0.9042566366302054,0.7262673370198095,0.0209301281028293,0.2914757479664527,24,English,calm
First Breath After Coma (Version 5),Explosions in the Sky,0.3894120651385913,0.3192731958299372,66.36020596688904,0.2583764383255896,-28.75640475051721,0.6458293852504685,0.1862789339656172,0.0844611066034405,0.0523105786452695,25,English,calm
Gymnopédie No.1 (Version 5),Erik Satie,0.325002182794081,0.069764217286566,89.45194703041702,0.2017009610458175,-29.04303554585371,0.7441690719976594,0.5568823275386481,0.029704376365213,0.093877863116374,32,English,calm
April (Version 5),Nils Frahm,0.298869897837807,0.3894992856471842,79.85762499714602,0.3395960362524106,-29.44451530753251,0.745229762578744,0.1518834220701706,0.0227793716737861,0.167183381705365,88,English,calm
Experience (Version 5),Ludovico Einaudi,0.3594637150073648,0.054752127876731,94.38007144603668,0.4971613963597058,-25.90012311247561,0.8122793179586972,0.7740831596551401,0.08652279779575,0.1658880558256714,75,English,calm
Comptine d'un autre été (Version 5),Yann Tiersen,0.4949957937839677,0.0512540161002096,85.60519277318997,0.2116241108719746,-31.293235178388294,0.7131404531272674,0.1917101881035301,0.0759188086539588,0.1640600110133339,42,English,calm
Aqualung (Version 5),Jethro Tull,0.4124578530258655,0.0585503754672628,66.98858305467472,0.3333661741040497,-12.344775799922736,0.5481252916188628,0.3000119999960469,0.089556729323031,0.0680680030638092,26,English,calm
The Rain Song (Version 5),Led Zeppelin,0.5503542885467805,0.2097143933499005,80.41333869632129,0.2238722257405823,-28.166305363059635,0.6529012912247394,0.7193621566721371,0.0779036184139828,0.2174307519577876,88,Korean,calm
Breathe (Version 5),Pink Floyd,0.5194996595808004,0.102845865201658,90.9021406040878,0.2840264955831804,-17.00384239039555,0.6546280552366428,0.5502250318089271,0.090576992945385,0.1505376190487322,17,English,calm
Clair de Lune (Version 6),Debussy,0.2266488349469846,0.2064203289367171,77.29862439035129,0.36889015221887,-13.12624273078206,0.7428041589984236,0.4263331611088737,0.0723667840153168,0.0758743758983919,96,English,calm
Weightless (Version 6),Marconi Union,0.3014024755700059,0.3675917302001594,93.4971306681883,0.1053776175933665,-30.293614131142544,0.8414186330144495,0.6350794417938019,0.0871887658139233,0.1230442008455112,67,Korean,calm
River Flows in You (Version 6),Yiruma,0.572411438511025,0.2211787574311569,94.82695111939464,0.3386955451119632,-32.176978742483726,0.98155732969244,0.1860129059259068,0.0403905565128946,0.253406970055745,98,English,calm
Holocene (Version 6),Bon Iver,0.4474387846004405,0.3352596661505428,85.78680941870225,0.2507972941466539,-13.797553510400943,0.5181261587573974,0.6992911542471322,0.0384654228150225,0.2621840819384919,24,English,calm
The Night Cafe (Version 6),Van Morrison,0.2556786453667542,0.2320875854762162,104.4053959505736,0.2894158587595562,-17.82896650252196,0.9023358089277792,0.6155459461017454,0.0940263789499678,0.1617085576299821,90,Korean,calm
Bloom (Version 6),The Paper Kites,0.2692501756660623,0.0191244254809919,72.32299348187526,0.1572790015520968,-22.16717894700695,0.3596968013237788,0.1272535951025598,0.0228791863094934,0.2578923745912154,64,Spanish,calm
Re: Stacks (Version 6),Bon Iver,0.4365799725772099,0.1432341207573512,104.71140213701234,0.1280786445630854,-12.452592327260003,0.8081458951272305,0.2284249777781939,0.0743255279181574,0.2408453149458906,76,English,calm
First Breath After Coma (Version 6),Explosions in the Sky,0.3717371133483098,0.344653042498219,67.53662036482352,0.2115350334310433,-32.84967568356824,0.6054389203036761,0.2671101683378015,0.0934106552737368,0.069527422187789,84,English,calm
Gymnopédie No.1 (Version 6),Erik Satie,0.3709660480750837,0.2129594748907652,104.93465269010804,0.4990784874644854,-17.672073356843775,0.9853954952845148,0.6509707927751117,0.0970562112777133,0.2268176814861138,58,English,calm
April (Version 6),Nils Frahm,0.2319053701804284,0.1607680747970706,92.32986419012352,0.2402874037817004,-28.71216988338309,0.7886996335665455,0.7534513136917045,0.0227985498812922,0.2423078008853594,76,English,calm
Experience (Version 6),Ludovico Einaudi,0.4890909112178508,0.3855813701553148,106.53556111662718,0.4048930248176772,-23.03059841230023,0.6021337766167599,0.4816650028279021,0.0812281595135723,0.2739173031594732,36,Spanish,calm
Comptine d'un autre été (Version 6),Yann Tiersen,0.5158848036842196,0.0781067740764216,89.98431571140297,0.2328693838125428,-34.78826965001521,0.600110467894333,0.1792544549534145,0.0874175298831574,0.114626563036953,72,Korean,calm
Aqualung (Version 6),Jethro Tull,0.3138791875550222,0.3839746287195537,78.95433615244261,0.1038342560577578,-28.47153858803886,0.5596497903009062,0.1719659932150977,0.0261989832108599,0.1983148675438443,24,English,calm
The Rain Song (Version 6),Led Zeppelin,0.2757390894519435,0.1444971176164041,103.10088580650084,0.2697352559185103,-13.939098948812337,0.7489690266978031,0.379185630387829,0.0800311141672561,0.0682937746920005,31,Korean,calm
Breathe (Version 6),Pink Floyd,0.2357913531929669,0.2607894855691843,84.34703566196241,0.416166100127684,-13.925770741098775,0.6941834388357737,0.5174870186092524,0.0600557302236247,0.2954026639106082,18,English,calm
Clair de Lune (Version 7),Debussy,0.5324337629426381,0.3646950833109414,72.7170043788802,0.4090105692650377,-28.89411582505408,0.6043712667141949,0.7609863117588856,0.0215443533374293,0.2913471759158574,81,English,calm
Weightless (Version 7),Marconi Union,0.2597047587955224,0.3277752327173073,73.79612765340515,0.2402809309722909,-30.014572639594345,0.7927570212405398,0.3436668832555118,0.072591443159573,0.0539118294855164,95,French,calm
River Flows in You (Version 7),Yiruma,0.2257499534060158,0.0398644610924994,80.94968426551155,0.4259184690639904,-14.571908061297195,0.6224053700304504,0.5020588069673099,0.081469199415408,0.1222073574799021,36,English,calm
Holocene (Version 7),Bon Iver,0.3636030946945093,0.2095896810742855,66.74374232040239,0.1103929174903121,-31.485466385679487,0.8134268106267667,0.1515327830735771,0.0351757091880102,0.1344634714238259,36,English,calm
The Night Cafe (Version 7),Van Morrison,0.2311480257225465,0.0766797084646537,105.56348944917556,0.1077196528907939,-19.97106574398967,0.6922044654575925,0.5708541176026598,0.0670953376290723,0.105874688588661,90,Korean,calm
Bloom (Version 7),The Paper Kites,0.5388837950293555,0.1967761530437426,101.12680094567358,0.2624050144752877,-12.352232259949504,0.8852446792506481,0.7761651435788015,0.0611461183127887,0.1684227830726751,16,English,calm
Re: Stacks (Version 7),Bon Iver,0.502181523730103,0.3521165052053721,108.20728979327792,0.2298207624129999,-16.629794801619305,0.6053227988177683,0.4819020427218117,0.0343878518727359,0.1368493404375847,59,English,calm
First Breath After Coma (Version 7),Explosions in the Sky,0.5725433468825837,0.0584362799092344,91.62004475675982,0.3371817091709613,-32.22301788769331,0.6629895218844061,0.494087053160686,0.0349742887190792,0.2501559141032038,43,English,calm
Gymnopédie No.1 (Version 7),Erik Satie,0.5888626038139,0.0859037599849888,69.3455982395288,0.2819740287189778,-17.80139862577926,0.6408003051176256,0.1139159360880962,0.0632976502426315,0.2891501419418269,58,English,calm
April (Version 7),Nils Frahm,0.3565107421627782,0.1680538216732401,108.4450858557019,0.3778430446506914,-18.45904577463112,0.7813510026855338,0.7822264476042692,0.0751093187540444,0.2737581879012923,73,English,calm
Experience (Version 7),Ludovico Einaudi,0.4797515462932885,0.2940463299361583,74.52054610711232,0.2213914792055276,-16.99135305975133,0.6483531445849497,0.4939390495610721,0.0399481848725361,0.2542458452022673,83,English,calm
Comptine d'un autre été (Version 7),Yann Tiersen,0.244200540491076,0.3317786559046658,90.13649002538008,0.1747638139308309,-22.53318613335928,0.6412494184236702,0.3264271343113476,0.0481222433277504,0.0658298117430802,90,English,calm
Aqualung (Version 7),Jethro Tull,0.5943846737605669,0.0126138512524896,93.12484365921392,0.2484910591029722,-20.14176330822593,0.6781241265437918,0.5716254523812011,0.0783388407574688,0.2226381600999112,90,French,calm
The Rain Song (Version 7),Led Zeppelin,0.2455847925432609,0.2627572938618738,73.99937747270486,0.1115205482277334,-25.45889454655406,0.7167715514019005,0.4270218933467126,0.0763859332312573,0.1272109522856148,49,English,calm
Breathe (Version 7),Pink Floyd,0.326112205241569,0.0242209024965042,94.3410607996148,0.3271304365598336,-26.963222408042878,0.3596968013237788,0.476150424458814,0.0575395956696431,0.1778311359152816,93,English,calm
Clair de Lune (Version 8),Debussy,0.4545392501068226,0.2640010418298398,74.44789095703585,0.1562973453564613,-31.39741383261807,0.8196954429515009,0.7110113000369882,0.0527597022676441,0.0923800400823656,93,Spanish,calm
Weightless (Version 8),Marconi Union,0.5026409993175418,0.3329957897677794,104.02912215604832,0.3427325715654933,-15.203243134074054,0.5077074792242038,0.1750650612386665,0.0274060853641679,0.2281511710636832,64,English,calm
River Flows in You (Version 8),Yiruma,0.2278327134174316,0.1985457489865228,83.63534493181446,0.2242814094232963,-14.980681091331704,0.5852166009399979,0.3467239490794679,0.0819337200018343,0.057605578598321,36,Korean,calm
Holocene (Version 8),Bon Iver,0.4691801600985474,0.3265590905446283,106.61339194190836,0.450518656196594,-27.65416531282524,0.7931820706614763,0.1541054452053261,0.0406296002838406,0.0735555946868768,38,English,calm
The Night Cafe (Version 8),Van Morrison,0.3260749160615855,0.3500748853834916,77.35834198371464,0.3247592412005705,-25.03224049335636,0.7294582621493677,0.7787004362855908,0.0436923574611086,0.2068311173807928,73,English,calm
Bloom (Version 8),The Paper Kites,0.3680250678317788,0.0244584724190744,84.4665415812118,0.4253373316180433,-32.72868172032117,0.5347959236981545,0.2075420642752866,0.0811520089111444,0.2309988460361844,35,English,calm
Re: Stacks (Version 8),Bon Iver,0.4260071075624442,0.1872905616370529,104.4162907351311,0.406679129533393,-16.32532822005848,0.9066311506753272,0.5499020083218906,0.0566411699452756,0.2661694381464126,52,English,calm
First Breath After Coma (Version 8),Explosions in the Sky,0.5704029670413002,0.0095224173033372,62.57774366331257,0.483497318763375,-28.62530588158352,0.9366847198247094,0.3721565832729818,0.0295280046087484,0.0701108000523335,81,English,calm
Gymnopédie No.1 (Version 8),Erik Satie,0.2626031596321826,0.0999572779469459,84.42591769654132,0.3805991602263134,-12.3128327408381,0.7207533716445855,0.462729459640177,0.0617452561106604,0.184858588871984,86,Spanish,calm
April (Version 8),Nils Frahm,0.4070962628417849,0.0035099020247671,60.08624110549204,0.1390665272504491,-32.66419812112889,0.852448454477398,0.2434412227611998,0.091577128380449,0.2821515823942548,69,English,calm
Experience (Version 8),Ludovico Einaudi,0.5903573351583595,0.375632521954808,73.59441609592623,0.303910737881405,-30.96453568547036,0.9031048275862166,0.7219021936008673,0.0881031071438012,0.1583417371742087,56,English,calm
Comptine d'un autre été (Version 8),Yann Tiersen,0.5034695538747124,0.0390316678305077,62.01223853096253,0.4012945657235044,-25.216828690440277,0.9977746323697846,0.1680779510988727,0.0884502145228187,0.1699957663822479,40,Spanish,calm
Aqualung (Version 8),Jethro Tull,0.5308600782015508,0.3268509128680579,105.79960006810389,0.2191400045144411,-13.15461487037393,0.5758334801788101,0.1573781443154434,0.0545292413897879,0.2570807421604607,53,Spanish,calm
The Rain Song (Version 8),Led Zeppelin,0.3893684522533782,0.3317146710122056,96.48434028971526,0.1837713544555734,-13.175722627312332,0.5303905843147017,0.7287957952806565,0.0443554759192299,0.1750370207910998,19,English,calm
Breathe (Version 8),Pink Floyd,0.3689407490802938,0.0687338227667664,77.90734332008466,0.1771737745171181,-30.31061106440795,0.5935284180131901,0.442312166242616,0.0838345094009052,0.1922425084403102,97,English,calm
Clair de Lune (Version 9),Debussy,0.5572826354203367,0.2546177954306897,94.46700578163022,0.3670428918908013,-24.662438556773957,0.8446694111000415,0.1487954225282728,0.088788117753253,0.2444530358609793,55,English,calm
Weightless (Version 9),Marconi Union,0.2980919832926715,0.3072129817016329,60.632130070000926,0.1868986289923521,-33.501843510569394,0.8901134583089474,0.6291119058248711,0.0850908819041464,0.0511204233313822,29,English,calm
River Flows in You (Version 9),Yiruma,0.4004930906713632,0.2819344790069346,67.77005643695077,0.3599162910050498,-33.065467715877226,0.5906629280521566,0.4330577704962207,0.0722852122144881,0.086467281738474,17,English,calm
Holocene (Version 9),Bon Iver,0.2740893323323751,0.0817785468262652,71.93504023494893,0.1906215394105165,-25.911570504554355,0.8268948254183615,0.4066222481941288,0.082077912699991,0.2298171264871537,61,Korean,calm
The Night Cafe (Version 9),Van Morrison,0.2506107656196302,0.0195366493282975,103.89707819998031,0.1319324266251493,-31.5881988434466,0.511066637779059,0.5398354557090577,0.0665896450526678,0.2967259166088139,57,English,calm
Bloom (Version 9),The Paper Kites,0.5547729585268688,0.1643372709923639,78.57929204562674,0.218740813711994,-31.494640839128728,0.5690418283010046,0.1925985956067238,0.0291291805749422,0.1101280106013842,61,English,calm
Re: Stacks (Version 9),Bon Iver,0.3226674521252465,0.3846315884155664,88.92366255009429,0.4950383098053124,-26.433260200009517,0.7288133162947206,0.3272050614156954,0.0346310120717242,0.0857911769443948,28,English,calm
First Breath After Coma (Version 9),Explosions in the Sky,0.5780316791231328,0.3947242727195023,62.245474825436574,0.1601383498927066,-25.25894587707648,0.5931667381722037,0.3547162755388183,0.0303277079887706,0.1641279391804475,56,English,calm
Gymnopédie No.1 (Version 9),Erik Satie,0.3086778464677037,0.1407620223034643,64.71563257313738,0.2712512202840567,-12.385074947883894,0.6644165234405952,0.7135004923897046,0.0874559313298948,0.2880146045743026,52,Korean,calm
April (Version 9),Nils Frahm,0.5160438049068378,0.263838730823526,102.82922221137288,0.1302578722629398,-24.354894884427424,0.9946281193075296,0.6387201059063126,0.0969660302429778,0.2449085890333697,74,English,calm
Experience (Version 9),Ludovico Einaudi,0.5499527869768577,0.2826118529212764,98.025100220862,0.3092712039358003,-13.742532881274943,0.9125194553116808,0.6907194759659426,0.0738407280770441,0.1261449867718122,30,English,calm
Comptine d'un autre été (Version 9),Yann Tiersen,0.2142519181560557,0.3742620517638178,89.30601744027484,0.2192571884592561,-31.56989251950663,0.9147615827503772,0.6855641361133052,0.0851606374504425,0.2112706729916965,90,English,calm
Aqualung (Version 9),Jethro Tull,0.3464061550367504,0.1216281139121028,60.42773850590851,0.4334430234752962,-32.98904795764622,0.8153774990203838,0.4528524627880619,0.062135148714108,0.2816782113269433,83,English,calm
The Rain Song (Version 9),Led Zeppelin,0.2126460045084968,0.3093568898515089,62.60261991836536,0.1152614423741508,-25.11419294274821,0.5315375871714834,0.6524007659050385,0.0623650474918669,0.0572596956649436,59,Korean,calm
Breathe (Version 9),Pink Floyd,0.2162002745927678,0.2450674118957917,100.30559088292024,0.2751198125099094,-22.24464455468064,0.8999147270249508,0.5273543218292734,0.0379808190127055,0.2032630064673696,77,French,calm
Clair de Lune (Version 10),Debussy,0.4513117836260854,0.2936427923524506,91.04370937784006,0.4876968521832152,-30.462368899507425,0.975545339783538,0.4768376432450114,0.0737564912395929,0.0748653993630474,41,English,calm
Weightless (Version 10),Marconi Union,0.3522303765512428,0.3077516585852691,95.34555075494951,0.116055755266164,-22.42833193956337,0.5441390964842048,0.7970995004247137,0.0917837270826635,0.0552701651071342,65,English,calm
River Flows in You (Version 10),Yiruma,0.5434598315610524,0.367771840223363,77.67741112817275,0.3878006620191063,-24.831613837221084,0.8276162422881721,0.3382221830087341,0.0458047389306614,0.1561084722143947,61,English,calm
Holocene (Version 10),Bon Iver,0.2582271034610005,0.3324555857741531,77.43489476808183,0.2600598215623381,-14.436743907850673,0.7483119070315857,0.480977736545604,0.0965198499821678,0.2716815957862473,22,English,calm
The Night Cafe (Version 10),Van Morrison,0.2677866835553758,0.189286011967242,108.56481137142728,0.248946519291441,-26.4538185041274,0.5975151158945772,0.1800261798833876,0.0792243832604785,0.2425076171753791,76,Korean,calm
Bloom (Version 10),The Paper Kites,0.5876051854011999,0.3093672843621452,72.16762470167994,0.1160466313154061,-12.334940159497815,0.6702253477718029,0.3183800797026945,0.0924764167799506,0.1962749746362465,51,English,calm
Re: Stacks (Version 10),Bon Iver,0.2859484695396538,0.3556384970864958,109.66804275273716,0.1346714244603323,-15.168212549042792,0.695257848842197,0.4668507125546931,0.0931852780611984,0.2933447989437793,19,Korean,calm
First Breath After Coma (Version 10),Explosions in the Sky,0.3048655641635197,0.0851403083839655,64.0258279295756,0.3247191410648552,-34.68709890463463,0.7059491488049683,0.151368811656406,0.0524180626343467,0.0599830473164023,61,Spanish,calm
Gymnopédie No.1 (Version 10),Erik Satie,0.5340869042435075,0.0838955975754263,76.4154355178956,0.4480191986425568,-17.835880589359284,0.6095191808210292,0.1503295930602472,0.0772539021484271,0.1476756376720273,81,English,calm
April (Version 10),Nils Frahm,0.5064319996472885,0.1781179089500841,77.30012064861381,0.2804821632849586,-17.783143329574436,0.9511101432701872,0.1348370376120028,0.0619289232981564,0.0582088572709694,57,Korean,calm
Experience (Version 10),Ludovico Einaudi,0.3873638180097435,0.3541131316387602,78.07951332101548,0.4729801684322573,-20.496005152035984,0.9670776718965032,0.6300166377887638,0.0282748133319009,0.1077878418906692,18,English,calm
Comptine d'un autre été (Version 10),Yann Tiersen,0.3576681818334025,0.0680427528048304,84.74558023883303,0.2885472622805962,-13.00603844537023,0.7168639414479889,0.6499387630015985,0.0953528435881184,0.2692472077434963,96,English,calm
Aqualung (Version 10),Jethro Tull,0.2834670498046367,0.1984119577014177,77.38698911479628,0.2599434780548862,-26.701442996347723,0.913179605087502,0.4164973385857132,0.061895546579575,0.2956118392617686,87,Korean,calm
The Rain Song (Version 10),Led Zeppelin,0.2239917088766065,0.1951830559162995,98.7030853473058,0.1604647832752906,-20.9347733238602,0.6197323897672333,0.7071828792571974,0.0461679732320063,0.1322657042252273,77,English,calm
Breathe (Version 10),Pink Floyd,0.4392775514071574,0.0734251632479634,74.24443194515305,0.2666527400477646,-26.866329147777464,0.7624386090027913,0.5197481008482764,0.0653333963000131,0.213542077997983,40,English,calm
Clair de Lune (Version 11),Debussy,0.3230998066431281,0.0505704908620112,98.04037707155383,0.4403121530522728,-29.08885665888406,0.7035459780790099,0.4489984518744887,0.0626661474202349,0.2148725427719129,84,Spanish,calm
Weightless (Version 11),Marconi Union,0.2166412933421285,0.2885908330936068,63.09855034897051,0.2873154270691471,-15.963563881908534,0.7256076566391981,0.2043628241377734,0.0988027076004767,0.2723213655185658,66,English,calm
River Flows in You (Version 11),Yiruma,0.5085254532900056,0.1646046411596841,69.19228634446489,0.4765644725674005,-22.7559240901058,0.9261777301937426,0.339466504031598,0.0468230653663576,0.2963851201685097,16,Spanish,calm
Holocene (Version 11),Bon Iver,0.4087332193979399,0.0562781695442985,70.98373389973537,0.2927777117570883,-34.02316905876654,0.7312669926891502,0.3932585894560894,0.0823469012255589,0.1387354911223104,75,Korean,calm
The Night Cafe (Version 11),Van Morrison,0.5930195046158397,0.0723079677203612,89.54933424840675,0.1358797188033018,-18.12112836813841,0.9973768440309858,0.6733970464261426,0.0644562832576241,0.171185339349923,75,Spanish,calm
Bloom (Version 11),The Paper Kites,0.5340119845067388,0.3743896338842897,109.46032628990466,0.2586156910257936,-12.208898079726218,0.5779631260869158,0.2774848431523364,0.0271212899787116,0.1179346291211204,77,English,calm
Re: Stacks (Version 11),Bon Iver,0.5071750206472044,0.3411697432713799,98.9446322551286,0.3524263112670786,-23.178770211979156,0.8543521446068232,0.3735834844870552,0.0873046681199761,0.2192975234941963,48,Korean,calm
First Breath After Coma (Version 11),Explosions in the Sky,0.4791218793977634,0.2143743972516285,104.26144921055862,0.200805893471621,-26.233603972695832,0.8888212848388446,0.4449242272905364,0.0911371210739352,0.136599829940713,68,English,calm
Gymnopédie No.1 (Version 11),Erik Satie,0.3477320675278579,0.3554943157546502,83.21851600910205,0.3064498336809947,-27.34643454727937,0.638334971089541,0.5591640975868745,0.0295872529232963,0.2698181602957273,17,English,calm
April (Version 11),Nils Frahm,0.5116812547060432,0.0762993054823211,94.70099729122828,0.3410531685142539,-30.755693833057187,0.6366017530251162,0.386290552613684,0.0759394188196379,0.2096808522042514,58,English,calm
Experience (Version 11),Ludovico Einaudi,0.4128939390706792,0.3073642172456137,97.8968869803083,0.3471436616249024,-16.89922808214902,0.6671316873896046,0.7168746698258239,0.0691928068641552,0.2555908784531076,29,English,calm
Comptine d'un autre été (Version 11),Yann Tiersen,0.4185116419161135,0.0873752979954721,87.12050643391544,0.2484446655106352,-18.957522171146827,0.737896895867368,0.6852789634493814,0.0742458009857533,0.2211361082578309,25,Spanish,calm
Aqualung (Version 11),Jethro Tull,0.2868621333964259,0.3936999065965161,102.08376046357444,0.4156019538242779,-27.40504982131937,0.7678158264236159,0.19597223165203,0.0630780781330164,0.0864723116208218,53,English,calm
The Rain Song (Version 11),Led Zeppelin,0.4212151375958405,0.2594887520619622,79.50979836249512,0.2994179513325173,-14.859972083484523,0.5542815723514047,0.6542130250997571,0.0336603640796957,0.0591769957011571,23,English,calm
Breathe (Version 11),Pink Floyd,0.2742298410980191,0.3060172759881959,80.256303666843,0.4490082067384727,-22.931726552807888,0.5111251759631654,0.6016995267213487,0.0288186326976986,0.2473449083654811,46,Spanish,calm
Clair de Lune (Version 12),Debussy,0.267241019922072,0.1381785543222053,98.063571481268,0.4816925429905686,-26.45701913512516,0.9147001100994678,0.2335545858330871,0.0845743816161992,0.2143735148140627,79,English,calm
Weightless (Version 12),Marconi Union,0.2770974028849474,0.1210015841405646,66.5885444298518,0.2531868044257253,-30.31608125416462,0.8219989768152367,0.7961535729543912,0.0209607330467411,0.1852299533218246,65,English,calm
River Flows in You (Version 12),Yiruma,0.4294666390196039,0.3656835158723248,85.30026673834688,0.3174805678579669,-24.151985569447064,0.6344521522807407,0.1392203932742395,0.0526926145767868,0.0631478678101696,98,Korean,calm
Holocene (Version 12),Bon Iver,0.4201969877863671,0.1229174572969172,86.6801200762714,0.1537187857580746,-13.549510787994729,0.9472606217749676,0.2329975564415991,0.0474755426635207,0.2033731929629949,60,English,calm
The Night Cafe (Version 12),Van Morrison,0.2382744829223625,0.1418271284464603,72.5556143409503,0.4662066914866787,-15.39225536534828,0.7899163706334319,0.4642424358101019,0.0944580635636317,0.2831069457447038,82,English,calm
Bloom (Version 12),The Paper Kites,0.5877320501406642,0.050151553643275,68.02789053815852,0.3706946794719546,-22.547007037973568,0.5092329524466179,0.1433825251926635,0.0910464305807044,0.2672176988848466,72,Korean,calm
Re: Stacks (Version 12),Bon Iver,0.3429083687984181,0.3564202467722139,89.6837537198951,0.4223622588075607,-25.16908536331507,0.5566991636724543,0.4036089438522113,0.0565839838397518,0.1877360484601507,63,English,calm
First Breath After Coma (Version 12),Explosions in the Sky,0.2422330851617712,0.3965607452198446,72.20684104034532,0.1794209614148371,-22.88353286631346,0.7686040896974443,0.407874516483271,0.0817513717060203,0.1791636001821506,86,English,calm
Gymnopédie No.1 (Version 12),Erik Satie,0.4438781820579937,0.2894985541631142,61.25125507819333,0.3282576730180179,-14.663527161747506,0.508694371462717,0.3836274726606727,0.0940981960164664,0.1382886005706344,75,English,calm
April (Version 12),Nils Frahm,0.3834915296800963,0.3926165572177251,69.9661929475287,0.1261020756500024,-15.233280410190002,0.9342326706061844,0.4304544842760093,0.0611365739581829,0.258951592404459,43,English,calm
Experience (Version 12),Ludovico Einaudi,0.495423799246318,0.1060596008868042,60.84466775357592,0.2918800650134183,-15.245016499800249,0.9479173383450812,0.7693583379533078,0.0903650590090225,0.1950108888245246,55,English,calm
Comptine d'un autre été (Version 12),Yann Tiersen,0.3778422396944403,0.3099399386136396,96.99108171827982,0.3152573720325817,-32.99147043115521,0.9630406733934592,0.4189217762511635,0.0490667025533011,0.2073918487921929,99,English,calm
Aqualung (Version 12),Jethro Tull,0.4695351844667907,0.0842751668121205,101.8469422404978,0.2159748374649511,-30.706269703970715,0.7031999264272487,0.6113920566282257,0.0972366542751842,0.2523203160928583,80,English,calm
The Rain Song (Version 12),Led Zeppelin,0.5761393510680767,0.0562423216306107,63.55883994318384,0.3230819047626685,-28.323157889987208,0.9140274864846364,0.5703915099816284,0.0976582531188635,0.113698088932826,84,English,calm
Breathe (Version 12),Pink Floyd,0.3943136457420929,0.2004961909701413,71.9588397428688,0.3360373597952031,-24.80442232017749,0.3596968013237788,0.3539156535807385,0.0213543481940428,0.1805238092286972,72,English,calm
Clair de Lune (Version 13),Debussy,0.3340991342801324,0.0005279475937318,75.3971853830966,0.2114513332359028,-25.95069247585638,0.5659259948216985,0.4553786772445591,0.0753952282014503,0.2075463922636431,59,English,calm
Weightless (Version 13),Marconi Union,0.5215019790276763,0.1808033151948324,85.95458651698641,0.4241607763435934,-25.162873071157517,0.8507996749497985,0.4042216581025943,0.053418895560925,0.2400514061322901,63,Korean,calm
River Flows in You (Version 13),Yiruma,0.2699347661864845,0.1354343887766294,71.20861383734508,0.2436439771870388,-29.701379085581447,0.7897028155433273,0.6587195618324917,0.0829290448974321,0.1411252411371981,90,Korean,calm
Holocene (Version 13),Bon Iver,0.5955041623577046,0.2375417458823203,79.97001508891474,0.4342157116965702,-18.21289770921926,0.8746376684120523,0.2372975448137101,0.0574659445894844,0.2654570327061507,70,Korean,calm
The Night Cafe (Version 13),Van Morrison,0.4016152030515029,0.2733810973684201,89.39668665171322,0.4369427150873528,-28.45510068548314,0.7877376389431825,0.1862642676068628,0.0752168621359574,0.232991959588178,84,English,calm
Bloom (Version 13),The Paper Kites,0.2171349284755993,0.270316385451194,80.73450770828931,0.1496387504438729,-25.342126402935243,0.5971164648477909,0.3908916724863216,0.0507471222366822,0.2345979092340143,48,English,calm
Re: Stacks (Version 13),Bon Iver,0.5096862232665436,0.2428114617538186,61.13434210912238,0.4724089116283976,-19.216634557781703,0.5170977249605944,0.6731830294498825,0.0360212923774396,0.1948052973927767,10,English,calm
First Breath After Coma (Version 13),Explosions in the Sky,0.3866537479800748,0.1679355129420306,104.48568600621988,0.2749445166250459,-33.26708529581753,0.9733193636074764,0.7443746618677394,0.0747546151665279,0.1669731320330062,10,English,calm
Gymnopédie No.1 (Version 13),Erik Satie,0.2371437891774085,0.3162992474309904,63.77389572120145,0.1274403939580582,-22.64017162389453,0.5800641200923201,0.1054111871382443,0.0538490744796629,0.0843043079025164,48,English,calm
April (Version 13),Nils Frahm,0.2642061661122765,0.0307642554941338,70.25468768618049,0.3861936719097557,-16.3946719339908,0.7262668220146503,0.4545876711169924,0.0226124027675362,0.0673290653428292,78,Spanish,calm
Experience (Version 13),Ludovico Einaudi,0.3030270902598068,0.217559368285259,96.97755743674963,0.3420012245352132,-25.98105933530387,0.559162036501569,0.6465412644210327,0.0491028841279245,0.2340135036206974,97,English,calm
Comptine d'un autre été (Version 13),Yann Tiersen,0.4051915367657367,0.2954648214247301,105.3644780726286,0.4684118064215208,-22.69254405998612,0.3596968013237788,0.2859749258519861,0.0948639865223433,0.1644797917999052,51,English,calm
Aqualung (Version 13),Jethro Tull,0.2510364957149508,0.1730819658506199,66.35266251190019,0.30101267370283,-22.09066315830712,0.6688778807467927,0.1501554299620393,0.0954802828506591,0.2433382783708574,30,English,calm
The Rain Song (Version 13),Led Zeppelin,0.5355524322020484,0.1467473577144917,98.04155150097252,0.2941491580676777,-30.375079766660942,0.5622116884536066,0.3415356085254398,0.0310041689180111,0.2995672440510171,46,Korean,calm
Breathe (Version 13),Pink Floyd,0.2196755960928088,0.1764574397476306,82.60467611951921,0.2202527714326702,-21.85891398874025,0.5749885120757723,0.6487386664110636,0.046595817459811,0.1978356474496604,10,English,calm
Clair de Lune (Version 14),Debussy,0.4862556944267837,0.3556168470760645,101.78937182261,0.3433236112414238,-26.0669568511706,0.751602335037482,0.6381143553651618,0.0902036434047578,0.0759454820441679,26,English,calm
Weightless (Version 14),Marconi Union,0.3539425049972214,0.3104466393654002,81.58258812969805,0.2328911056265135,-25.5395779730648,0.8014223733931753,0.799863600893661,0.0594393943283625,0.1021236187385651,41,English,calm
River Flows in You (Version 14),Yiruma,0.2651386301116379,0.0169398989905657,87.94086174591607,0.3178288365955337,-30.27961968405289,0.8476647032262835,0.6187749291407766,0.0407278564305689,0.1360249410074341,23,English,calm
Holocene (Version 14),Bon Iver,0.5961886689389027,0.1497057871402936,98.0400835878051,0.281090170651976,-16.753068959197552,0.8845116193913239,0.567429217638975,0.0883822677036463,0.2848046237194213,19,English,calm
The Night Cafe (Version 14),Van Morrison,0.4319933281808336,0.0949875628890982,79.93144808220376,0.4033222854053173,-20.029679842151,0.5888991692826244,0.1358676788024973,0.0746369274833651,0.1127697560073363,18,Spanish,calm
Bloom (Version 14),The Paper Kites,0.3998680974916213,0.2986987090050377,88.13333903281665,0.1333210332447185,-30.731654553978224,0.6096640920154596,0.2805049775513915,0.0652322713560403,0.1759914449563484,60,English,calm
Re: Stacks (Version 14),Bon Iver,0.2812640153456835,0.0270219373822748,68.5716102237359,0.4937525250474414,-24.223420154796138,0.9336727523510562,0.6941267266681903,0.0609215645970298,0.2266719271151359,47,English,calm
First Breath After Coma (Version 14),Explosions in the Sky,0.2771008041650849,0.2753586819707633,73.61922896316447,0.4328248387016603,-33.074344938495074,0.8865693364426388,0.1699558345980336,0.0904951389515447,0.1260511295337509,18,English,calm
Gymnopédie No.1 (Version 14),Erik Satie,0.4617573459322299,0.1950009114481119,78.31515726311694,0.3581767332733986,-13.206971447321529,0.520634873687311,0.743196999118173,0.068726532401681,0.2518285751922631,56,English,calm
April (Version 14),Nils Frahm,0.353549981373711,0.1887371899350455,103.4425375900582,0.2659391879239292,-22.702829964771045,0.5100974615421665,0.2110186040866296,0.0713349206379839,0.2292442252659692,76,Spanish,calm
Experience (Version 14),Ludovico Einaudi,0.4330403747137997,0.0573240145102442,82.27027142889175,0.2420379065452759,-23.599789087192967,0.9351645172770472,0.6431030070610564,0.0267191601111327,0.272577299443641,77,English,calm
Comptine d'un autre été (Version 14),Yann Tiersen,0.3887068604599294,0.2975448579543994,67.0019615632176,0.3682878102828192,-29.564501594982467,0.7191904485704658,0.111804009057473,0.032128851034438,0.0730201232809049,65,English,calm
Aqualung (Version 14),Jethro Tull,0.2958976691753033,0.0400072360097289,94.5955013309781,0.1116159608836877,-20.79196848562505,0.5703539154127871,0.7616130200245279,0.0946475258487883,0.1063757756302406,72,English,calm
The Rain Song (Version 14),Led Zeppelin,0.4457685192892118,0.0112021277889833,106.5894271525587,0.3091949232766838,-34.00586751739108,0.6712499965040687,0.1537946233028639,0.0514355551498687,0.2174815855403307,21,French,calm
Breathe (Version 14),Pink Floyd,0.3879559632165758,0.1534888698877818,65.95785227702324,0.1979756182774625,-32.69670438201793,0.9037493658283304,0.1946678795893058,0.0676298693239114,0.1356851033972114,65,English,calm
Clair de Lune (Version 15),Debussy,0.2903913538620734,0.2557873757968415,82.85011546884704,0.2600581869138236,-21.364403887478904,0.7456338142450003,0.3124389459860925,0.0647249030212201,0.2173746441376736,12,English,calm
Weightless (Version 15),Marconi Union,0.2106772634347417,0.1863486915630701,62.88416422917719,0.1745621656272444,-22.10829911620662,0.9330944576327904,0.7179639754319395,0.0255955208110905,0.1547762715716766,93,English,calm
River Flows in You (Version 15),Yiruma,0.4332025932018205,0.0588279618201373,98.27161083723858,0.3976941033748955,-14.223156684743724,0.5042430060417216,0.2516789707923019,0.0861749371396257,0.2176450127067338,97,English,calm
Holocene (Version 15),Bon Iver,0.5577559414793962,0.0228718618121066,89.84819828582215,0.3276186299574697,-34.17948842370775,0.7567610384562418,0.5266642179169471,0.0353034539361685,0.1183323957811657,61,Spanish,calm
The Night Cafe (Version 15),Van Morrison,0.4561389385190948,0.1873203790399833,102.90068287841636,0.2369527064036753,-28.86682785707137,0.3596968013237788,0.7377950390910584,0.0223194195999183,0.2426821538266415,57,English,calm
Bloom (Version 15),The Paper Kites,0.2441339095300811,0.0109940779317483,73.68477579831745,0.2077383516244417,-16.15566846601981,0.8553336229714176,0.78712659913241,0.0769210320249454,0.1545638883140119,62,English,calm
Re: Stacks (Version 15),Bon Iver,0.4795710643780867,0.3997836268745608,95.5070941281264,0.4046725423921273,-13.417604650624035,0.3596968013237788,0.5933490054134088,0.0880644766373959,0.2885946500552233,75,Spanish,calm
First Breath After Coma (Version 15),Explosions in the Sky,0.2843877158846797,0.2015716030896976,94.02774238222408,0.1989870918005349,-21.189124145243696,0.6287893912489997,0.3334199143721531,0.0553214957208692,0.1822975246866417,79,English,calm
Gymnopédie No.1 (Version 15),Erik Satie,0.3797463486500602,0.1972782079151717,74.92943781441463,0.1635860376090522,-33.91095052148269,0.5979893612458338,0.5073605490540481,0.0828892358242505,0.0923118993607236,29,English,calm
April (Version 15),Nils Frahm,0.2434221431090594,0.2997161442197001,75.25791652686448,0.480599775690941,-18.57068667596142,0.6633780236215154,0.3026799234555934,0.0618958709017047,0.0697861670695523,79,Korean,calm
Experience (Version 15),Ludovico Einaudi,0.2470706050581196,0.070343152526477,98.736179665228,0.305542943707649,-34.75695617618781,0.8367582637360544,0.3965831250623479,0.0608681891971038,0.1035290608532338,17,English,calm
Comptine d'un autre été (Version 15),Yann Tiersen,0.4207128913576414,0.3916612959005954,63.67223455028808,0.2135669598657722,-29.41105536420092,0.6242746553755898,0.3650944502957641,0.0854487827795334,0.2782146724910968,38,English,calm
Aqualung (Version 15),Jethro Tull,0.2808860349835893,0.2171799751792451,91.84494860827402,0.308730989745538,-25.01624293347085,0.5959877529296189,0.441753551439467,0.0520971862169063,0.2488908406255674,55,English,calm
The Rain Song (Version 15),Led Zeppelin,0.5054417436651981,0.0535994724822682,64.42595262815338,0.4632615772910012,-22.683307053816552,0.9289004686412954,0.1407057843964808,0.0621212493217304,0.1848566286440591,10,Spanish,calm
Breathe (Version 15),Pink Floyd,0.5442808130168599,0.039043999291883,72.02227818379546,0.2626153255548052,-15.08564606534133,0.9694416575352836,0.7949072337155396,0.0967354789166817,0.0514854389610886,83,Korean,calm
Clair de Lune (Version 16),Debussy,0.2190833365815488,0.0590427276630354,77.44310483851365,0.4319672123947835,-14.468907507283948,0.5934172031472915,0.5337649061337961,0.0933889588052221,0.1659329339828302,26,English,calm
Weightless (Version 16),Marconi Union,0.2414174287811136,0.18312546003385,78.78974511440286,0.3310631984264028,-24.91085025863661,0.508672963426859,0.7957984133895698,0.0634832190184456,0.1684076888711523,48,English,calm
River Flows in You (Version 16),Yiruma,0.5818469486016216,0.0623441470348308,69.46188012726242,0.4232058996251134,-29.0008851594248,0.8996135531457634,0.2900734380359518,0.0226550104180001,0.1792536809716789,60,Spanish,calm
Holocene (Version 16),Bon Iver,0.2786745736507445,0.3031385171729884,92.0599816616074,0.4694410671911672,-16.991267782888073,0.5903879774203634,0.6601107656653574,0.0713389635851218,0.2172379104401562,12,Korean,calm
The Night Cafe (Version 16),Van Morrison,0.5329051543880594,0.2295296276755761,83.30017571765065,0.3546564141434912,-28.146979133957743,0.3596968013237788,0.5316114866498726,0.0387078695268382,0.0699787773366516,82,Spanish,calm
Bloom (Version 16),The Paper Kites,0.2002216738341015,0.2433277605600268,78.10743917401184,0.4009243882693823,-26.370942838798644,0.7430017241191134,0.3849594809707695,0.0720459832887476,0.139034790503742,78,English,calm
Re: Stacks (Version 16),Bon Iver,0.5855070599769235,0.374458794639412,102.40139513286408,0.4681201082290992,-24.66978716543401,0.7682151983947461,0.6194648147907711,0.0756916739950833,0.2726696489013677,77,English,calm
First Breath After Coma (Version 16),Explosions in the Sky,0.4865324109026781,0.3991538832913842,77.42528999157955,0.4331990968957672,-18.954399074848723,0.8456932226075093,0.3280849163914993,0.0828481433938418,0.2750940055868998,90,English,calm
Gymnopédie No.1 (Version 16),Erik Satie,0.2874193846082252,0.2501987348466816,79.60674145513876,0.4958192477179508,-23.98684523587132,0.6141600868984713,0.3673003376552828,0.0723070711853301,0.069022342837394,36,English,calm
April (Version 16),Nils Frahm,0.441440768088495,0.3724899036715592,102.51813938289251,0.1270694146631933,-12.152032789001431,0.8493634618519396,0.2135965770198166,0.0209932871335538,0.0928206590730378,38,English,calm
Experience (Version 16),Ludovico Einaudi,0.5352703682742954,0.0086557299780654,71.65736518090432,0.4029222381339502,-21.51945767434289,0.8913678551800959,0.6223053526787515,0.0240481109697443,0.2731278547735379,54,French,calm
Comptine d'un autre été (Version 16),Yann Tiersen,0.2908127337129075,0.2213569760919055,92.21440782638894,0.1674512843540381,-12.546681095877588,0.7440779780436545,0.1403498869181754,0.0949809635822272,0.196566960798317,57,English,calm
Aqualung (Version 16),Jethro Tull,0.4796772791925505,0.2100703159736896,101.73689773884836,0.1132533848772843,-28.8272975986256,0.734824178201346,0.153622531419597,0.0764725335461326,0.1484158535139101,32,English,calm
The Rain Song (Version 16),Led Zeppelin,0.3090671961072576,0.0013515387233649,95.99151558749767,0.4335237235491447,-25.91406767932553,0.7821089885166828,0.2593806381507189,0.0697758117024106,0.0530343645788001,56,English,calm
Breathe (Version 16),Pink Floyd,0.3954575588395034,0.2576821927362769,105.90958866148672,0.2525343268489137,-17.400625331436316,0.7988435149717503,0.7489084790475564,0.0518702140527544,0.129773834968247,20,English,calm
Clair de Lune (Version 17),Debussy,0.5548567994776574,0.0196977605633156,66.81926964668384,0.1329617738336178,-15.60847099874274,0.5053037116851598,0.7031600088479337,0.0561014236297013,0.0510063197134926,44,English,calm
Weightless (Version 17),Marconi Union,0.3606580708848167,0.0747203364180142,91.22002437360815,0.3717435159686586,-23.786865880685006,0.520259762719835,0.5592901630570414,0.0873631026884417,0.2300810693316003,45,Spanish,calm
River Flows in You (Version 17),Yiruma,0.5319831675821274,0.0802038094203549,104.44439698282412,0.2288773802591851,-34.69168927220421,0.9216958231645354,0.7592748882753088,0.0724446557933879,0.1078591576158561,39,English,calm
Holocene (Version 17),Bon Iver,0.3006977857130121,0.1866371493742478,104.89155398007097,0.1598390624590233,-16.0026055995798,0.6456514043525752,0.6660103186003685,0.0936216958081231,0.15687346799858,66,English,calm
The Night Cafe (Version 17),Van Morrison,0.3460202616422123,0.3208885275885207,86.4741441189697,0.3737796193852788,-20.67492754989287,0.5764444228223982,0.6913532522026932,0.0356620089130508,0.2830705360176952,74,English,calm
Bloom (Version 17),The Paper Kites,0.3002285165688591,0.2935523893094968,74.2327696746796,0.2271141634347455,-27.869957386006977,0.8739461270130416,0.4897705825785752,0.0906361964677997,0.1268431798010112,50,Spanish,calm
Re: Stacks (Version 17),Bon Iver,0.4767970088226977,0.3011794398652443,67.57410565149792,0.2602357429279245,-23.895197629940544,0.6778436949471871,0.3254788171783966,0.0749135915198113,0.1039665994148721,31,French,calm
First Breath After Coma (Version 17),Explosions in the Sky,0.4837562981004515,0.3740176785562922,88.25987605888756,0.3445736946957896,-33.414547851145954,0.9322384518089142,0.2998134510399058,0.0692040932422851,0.2947780424362006,60,English,calm
Gymnopédie No.1 (Version 17),Erik Satie,0.4382010402291231,0.289883794985751,82.2659809111876,0.1241463374060229,-16.655214961734863,0.5174994206319928,0.5904604802214979,0.0218337258519709,0.2655763091441676,88,Spanish,calm
April (Version 17),Nils Frahm,0.2630544143331922,0.2057085981770204,89.85753522415737,0.2830181629493649,-27.162439744975597,0.7339071480904859,0.3179910277168111,0.055049787766469,0.1397282477495076,64,Spanish,calm
Experience (Version 17),Ludovico Einaudi,0.4264819294028581,0.0951696648979933,109.43282774570062,0.3003479813528662,-30.53427221946628,0.7385333747836362,0.706490590667377,0.0217445434499516,0.2198885297768222,48,English,calm
Comptine d'un autre été (Version 17),Yann Tiersen,0.4191871187175712,0.0678231977480542,100.87382196524604,0.2475538489496022,-28.24255333724333,0.3596968013237788,0.5469675323341653,0.0918607266939859,0.2074709259177998,15,English,calm
Aqualung (Version 17),Jethro Tull,0.4963270631728461,0.3345783585038451,62.736981795496845,0.4104195835477521,-20.884750917459733,0.5347538982575966,0.4560045453081006,0.0265966462387163,0.2339868004308056,84,English,calm
The Rain Song (Version 17),Led Zeppelin,0.4186006855591532,0.3814294149649189,69.1567685785885,0.3424133810081514,-30.1336109048787,0.8070324923636991,0.6058547916525996,0.0777843463463631,0.2537684976706524,25,Spanish,calm
Breathe (Version 17),Pink Floyd,0.5414200911833267,0.0309086905068708,77.1633578536202,0.3748490081439223,-23.53251539000212,0.5953379733773958,0.4868966991166886,0.0525948522212915,0.1475095694135763,10,English,calm
Clair de Lune (Version 18),Debussy,0.5239014869742655,0.1630393335328725,61.32272527402121,0.1232253355564365,-15.306387041092734,0.9803004050062608,0.5818865355189954,0.0491494635280064,0.2846500789486819,62,English,calm
Weightless (Version 18),Marconi Union,0.4651212345502943,0.3377334196797351,98.29261520185048,0.251655726309037,-23.98984938043193,0.5930660771840497,0.3044098703085138,0.0822500529029217,0.2734945979707771,79,English,calm
River Flows in You (Version 18),Yiruma,0.4897841693005647,0.1860694786626553,64.32546344698737,0.1227791794793792,-26.390512013904363,0.7319108593838315,0.5263844355493079,0.0205191617109597,0.2974307226165766,55,English,calm
Holocene (Version 18),Bon Iver,0.3455755533616171,0.3392378655204486,86.74833528327022,0.1521757818133386,-16.655992291705996,0.854913537459938,0.4692052594504596,0.0611642473067024,0.071869901437732,54,English,calm
The Night Cafe (Version 18),Van Morrison,0.4623395794295496,0.3644980623017199,64.66224596106792,0.205404580259562,-14.246916610831727,0.6421719549098966,0.5577605705259485,0.0627854531954515,0.1990819012509655,90,English,calm
Bloom (Version 18),The Paper Kites,0.3663155606309012,0.1199965882214844,62.42667253648345,0.3977123757176657,-17.839850369532783,0.8353628700393616,0.5505436516837344,0.039497370573402,0.0555862334415728,44,English,calm
Re: Stacks (Version 18),Bon Iver,0.5234861587541759,0.1964554142783307,75.34190653513092,0.140772762712228,-33.55740340926807,0.6744333608975887,0.6633159453368583,0.0934978999467064,0.2741878411532661,65,English,calm
First Breath After Coma (Version 18),Explosions in the Sky,0.5680003338998619,0.3630901372517371,86.36123758001979,0.1877662554227615,-16.644928594753132,0.6068564874262895,0.2870450937295984,0.0386603457458038,0.1787456009239514,55,Spanish,calm
Gymnopédie No.1 (Version 18),Erik Satie,0.3287310032676319,0.0616624198501365,82.65867059469412,0.4495628955140668,-21.87728433615064,0.9391678029437937,0.2371105295553962,0.0333579098938043,0.193894281424605,59,English,calm
April (Version 18),Nils Frahm,0.3853315606185092,0.2640690566587828,99.73133955133908,0.4005229182608706,-13.327993005853097,0.6991282045785058,0.2444707195737265,0.0640730111958308,0.0776857800477964,80,English,calm
Experience (Version 18),Ludovico Einaudi,0.3155404493326526,0.0831552221052577,79.82818583985404,0.1444866300008861,-34.26763987539375,0.8283970023150159,0.5271742848028634,0.0766687148830928,0.2150966100678359,75,English,calm
Comptine d'un autre été (Version 18),Yann Tiersen,0.2457178724569534,0.1164315525502585,66.47633049501762,0.4371889608194252,-17.821215926822966,0.6007635014591213,0.3389164683429254,0.0973291993811371,0.1985398394699128,25,Korean,calm
Aqualung (Version 18),Jethro Tull,0.520462238920463,0.1058364139074916,70.50264600896526,0.4135667715386194,-19.224933529676875,0.8404889646058818,0.4868442072804357,0.0650862674221239,0.2339243763265634,28,Korean,calm
The Rain Song (Version 18),Led Zeppelin,0.3080009924484781,0.1411073863427823,103.58183852600276,0.2235460804048631,-22.434879858276123,0.8513197320033421,0.7999473787832236,0.0548233065196265,0.1570232191562359,10,English,calm
Breathe (Version 18),Pink Floyd,0.537035351773467,0.3222012445039453,96.55379408672744,0.2852918549636115,-27.549400236303537,0.8043652412924243,0.7133563051921487,0.0907021966566869,0.0771245862676096,27,English,calm
Clair de Lune (Version 19),Debussy,0.3713401135252602,0.1858887824794998,108.88076837618766,0.3711992060970338,-25.63333240297238,0.5130289429927966,0.4957696120694371,0.0276860780510684,0.2586124893369407,75,English,calm
Weightless (Version 19),Marconi Union,0.5010074642281448,0.1842036639632715,81.46053897708498,0.4589355862275075,-28.365457940383045,0.6245099810533854,0.7574382029780334,0.0847396669402786,0.2551563982667986,81,English,calm
River Flows in You (Version 19),Yiruma,0.2780775257103702,0.0573183965723737,61.30147749085675,0.194816603567472,-17.19361869057053,0.6200192093820749,0.6103722985164134,0.0401526612293937,0.1488231244876679,49,English,calm
Holocene (Version 19),Bon Iver,0.5932649159645633,0.0979246925136542,78.81853136491338,0.2204348721860854,-32.478625314409946,0.7449470710654125,0.3650834643331015,0.0755909668645824,0.2543986367378865,49,English,calm
The Night Cafe (Version 19),Van Morrison,0.4176998857982554,0.0128785688349347,90.94611781173607,0.1221562920083756,-20.823804557222427,0.8425149746345942,0.2384373393322629,0.0855476918977416,0.2777712828935121,67,English,calm
Bloom (Version 19),The Paper Kites,0.5252347856455278,0.1220436760848328,89.33215062228172,0.4659260596764911,-27.62471129687445,0.9100139111327126,0.1066325918831875,0.0202917362227741,0.2399279150847418,80,English,calm
Re: Stacks (Version 19),Bon Iver,0.5045790328508484,0.3155908751409175,106.50134189440811,0.1471625247281137,-29.664345345375168,0.9518624601869038,0.2240653384406474,0.0745783414061267,0.1826157500102038,69,English,calm
First Breath After Coma (Version 19),Explosions in the Sky,0.2332774707406029,0.1141054647766131,86.0186108220484,0.4409400466735337,-18.726614738862505,0.8109415807274665,0.4472230229589904,0.0438947187051307,0.0798112278298153,34,English,calm
Gymnopédie No.1 (Version 19),Erik Satie,0.3636304138264382,0.011407397564517,70.55279446334254,0.2729933503490639,-25.372080729545957,0.5221477154984961,0.5123421074677039,0.0639747404682588,0.0695260760052282,35,English,calm
April (Version 19),Nils Frahm,0.5772652209841758,0.039753111580344,102.7417075618668,0.1001238927660023,-14.70753481395619,0.5098598661021563,0.6304684223244812,0.0489352649040202,0.2345542000340799,82,English,calm
Experience (Version 19),Ludovico Einaudi,0.3606980821699914,0.0283631689327366,98.3753347697682,0.128501074128546,-13.791229972891989,0.5254870178958306,0.4355276944400609,0.0778427544680636,0.1483116161980094,60,English,calm
Comptine d'un autre été (Version 19),Yann Tiersen,0.2868933898369739,0.3036363845584108,99.21473523943632,0.4690779935817469,-26.34820246008521,0.7531258672486634,0.3541899099922504,0.0405665457481094,0.2377582403844021,92,English,calm
Aqualung (Version 19),Jethro Tull,0.3358607380067822,0.1712597767969408,80.18368288120139,0.3850644902586984,-13.890700599454366,0.8333780306536887,0.4301078172659628,0.0823364091791106,0.2102428310305343,81,Korean,calm
The Rain Song (Version 19),Led Zeppelin,0.2242441428471254,0.0382654345675366,61.89584720368167,0.2827265304825279,-16.00537101020381,0.656541584675676,0.3689121281647372,0.0927581686694312,0.2592258613291637,75,Korean,calm
Breathe (Version 19),Pink Floyd,0.466019244953024,0.1067215128369005,65.85207413442217,0.1064235290720455,-32.53875453009832,0.6462982218119714,0.486253044505647,0.0251200066201909,0.0840569445796122,68,English,calm
Clair de Lune (Version 20),Debussy,0.2724322809231764,0.2527928371933225,90.78948994900622,0.3203062905488611,-29.23846723199339,0.685559845609366,0.1676828014364201,0.0381168483006443,0.2744263066181451,28,English,calm
Weightless (Version 20),Marconi Union,0.5918766985743313,0.2590638342561179,105.84116460117102,0.35709676016057,-34.23648081957419,0.9983812924932044,0.1692666111805744,0.0746113441156048,0.1132090507686975,10,English,calm
River Flows in You (Version 20),Yiruma,0.3567924451627841,0.2583736739203753,81.82436746538535,0.2002184235724513,-27.30773770179853,0.6707740584615882,0.7715267331557496,0.083889041273876,0.16463719286985,34,Spanish,calm
Holocene (Version 20),Bon Iver,0.2799283681365456,0.3244064441050624,67.85912358041867,0.1841848868568013,-26.581691987676525,0.940174097925995,0.1922506680438772,0.029778735428362,0.1734937470763164,42,English,calm
The Night Cafe (Version 20),Van Morrison,0.3105642164374699,0.2274911766592639,82.58183423416118,0.2739836425404867,-32.42462167879916,0.5705248451249201,0.6747550042127951,0.0908706190057395,0.1086708832213125,96,English,calm
Bloom (Version 20),The Paper Kites,0.2453842006099076,0.0213666687738042,90.41488068709484,0.3861412850000822,-26.425370248326274,0.8398379337453198,0.5990711708916683,0.0948273825117524,0.0662184094587768,74,Spanish,calm
Re: Stacks (Version 20),Bon Iver,0.2769166892924319,0.0274103950387952,103.39969666680553,0.4170348640134275,-21.7832323756977,0.5418317050255916,0.2913186510576037,0.0438175878446813,0.1901857990038543,29,English,calm
First Breath After Coma (Version 20),Explosions in the Sky,0.3032175576146861,0.0291839455651819,96.53811509266497,0.2196320846621645,-24.595393928464084,0.5638333174911527,0.6617838123762058,0.0652425501539246,0.2753964065524657,41,Spanish,calm
Gymnopédie No.1 (Version 20),Erik Satie,0.3981886252261333,0.3765702687271519,104.5934102190663,0.3305839425836936,-13.520450922553142,0.6615443736472761,0.3559495138929479,0.0236382361044829,0.1973002266909632,66,English,calm
April (Version 20),Nils Frahm,0.4887695879715733,0.3094076760968413,67.49081430230517,0.2776636289250001,-30.932146121839946,0.8310636744271245,0.2105624606952377,0.092333094716486,0.1076586614153533,80,English,calm
Experience (Version 20),Ludovico Einaudi,0.3165609065152979,0.3403625288603999,82.9233805072862,0.1095983783200292,-23.624516222339143,0.5422716676900615,0.7897413030811175,0.0670489256364482,0.1141331544027446,77,French,calm
Comptine d'un autre été (Version 20),Yann Tiersen,0.4254870718190471,0.0307468413527019,99.99456521344084,0.4701312215456655,-14.887779071258327,0.6708788011492814,0.3280376837503579,0.022807008897304,0.2128500896752291,89,Spanish,calm
Aqualung (Version 20),Jethro Tull,0.4139619136759179,0.1837385485309365,105.38154766673534,0.1671515604331385,-34.777675866125804,0.5366582260603827,0.2563600064791582,0.0226628439410765,0.1757109276607839,46,Korean,calm
The Rain Song (Version 20),Led Zeppelin,0.3256361820934312,0.072193203227253,97.50420374743312,0.181780530493012,-19.18508267714276,0.6746324529238195,0.4582794324637882,0.0947093631881055,0.0593379087039532,44,English,calm
Breathe (Version 20),Pink Floyd,0.4001058029909847,0.3417691841310473,89.39871241851742,0.2107482067860626,-25.85333389166421,0.8401328143642872,0.7235683260196621,0.0232853098997289,0.0678847054725941,24,Korean,calm
Clair de Lune (Version 21),Debussy,0.330020609443835,0.0931118737749916,73.2465443111203,0.1885079994503523,-30.49602387633137,0.5653119834346458,0.7537678922566666,0.0315351571124922,0.101100943691384,73,Spanish,calm
Weightless (Version 21),Marconi Union,0.2985062895923143,0.3732059492521682,97.78570668005425,0.4158797721262058,-32.59056003061455,0.9181549375078358,0.3857351572721926,0.0410258420969911,0.1939375208800776,15,Spanish,calm
River Flows in You (Version 21),Yiruma,0.5288731623266936,0.3114608604299638,104.4998741290566,0.4712528744061776,-29.52319235716176,0.7119289470846358,0.110239977443549,0.0903457327412048,0.0886430378686918,79,English,calm
Holocene (Version 21),Bon Iver,0.5445899249370777,0.1317549287946385,78.4066794990569,0.1156529017935437,-27.48178783539765,0.944181841400632,0.1178831807851229,0.052506197843738,0.0578499074531852,36,English,calm
The Night Cafe (Version 21),Van Morrison,0.348369370043626,0.0690562563121164,72.6109196634186,0.4510393492645675,-24.970867925696503,0.6368989957009561,0.5125368645653835,0.0313685567866065,0.1148479018552139,19,English,calm
Bloom (Version 21),The Paper Kites,0.4184991870411554,0.0950092167392275,93.95638687004369,0.296596520903809,-17.24425138414211,0.9741222678612342,0.1810634225431854,0.0467732007987635,0.1298872657196016,31,English,calm
Re: Stacks (Version 21),Bon Iver,0.2604731677349017,0.3241212549333883,97.99393520193952,0.2937701883337596,-22.63127211072398,0.5297720690012482,0.4888551466289319,0.0833073219215709,0.1934568933959642,24,English,calm
First Breath After Coma (Version 21),Explosions in the Sky,0.3061225480481676,0.2670193089337349,78.07442149826238,0.3179493137142941,-23.78599664458473,0.6905875004825901,0.6032145862758946,0.0907100889588705,0.0513031296192312,16,Korean,calm
Gymnopédie No.1 (Version 21),Erik Satie,0.573446607692147,0.20460605443329,95.03659401816326,0.4422498264703508,-24.25661507677179,0.9174870366824452,0.2243338736186415,0.0327334027583851,0.2143678422140383,57,English,calm
April (Version 21),Nils Frahm,0.5480572022206949,0.3569704710144157,92.18702291886233,0.310195692083727,-27.377958982980125,0.9900002077996656,0.3237869806663753,0.0795348885785274,0.1829954499762501,58,English,calm
Experience (Version 21),Ludovico Einaudi,0.4434049370101386,0.1573922202354505,108.2411562736124,0.3286729304397084,-13.430884499447831,0.5037957080869571,0.5008694082337847,0.0773749511780217,0.2362700427905545,92,English,calm
Comptine d'un autre été (Version 21),Yann Tiersen,0.5619907527126725,0.0017606436015145,60.01650796297382,0.2889053843180861,-34.32624478487647,0.9872662768311872,0.2554456221789744,0.0578131783491875,0.0652844075030559,36,Korean,calm
Aqualung (Version 21),Jethro Tull,0.4088193664685033,0.1519824500589634,62.233001443861184,0.2340497066784899,-25.99697153487432,0.99496074563747,0.2455201103435628,0.0635823692296079,0.2968288872996572,43,English,calm
The Rain Song (Version 21),Led Zeppelin,0.516807683176054,0.3973470003528356,108.41491573300846,0.2958158168376617,-18.983355452976987,0.5552215634705755,0.4088041775327613,0.0847214833813358,0.1763338302442858,23,English,calm
Breathe (Version 21),Pink Floyd,0.4810796131268927,0.2983005319937108,72.67345706214469,0.4502797491770262,-24.42408408908889,0.6050925518107719,0.7057911172519107,0.0534255044885002,0.2375781095949299,99,English,calm
Clair de Lune (Version 22),Debussy,0.4192132288886371,0.1527487008938002,100.49382075192848,0.3337879726578452,-26.017071644178277,0.5547989351675635,0.7268117196366956,0.0228375668273333,0.265796837092014,93,Korean,calm
Weightless (Version 22),Marconi Union,0.3439846099532622,0.2557355054005623,106.10998619178426,0.1606826462015593,-21.96013906030737,0.882216431185096,0.6303086829033402,0.0620505531679603,0.2061848649766145,63,English,calm
River Flows in You (Version 22),Yiruma,0.5030107976531377,0.3364110551029647,98.0906548437932,0.241601977272497,-12.07529277567214,0.7172513468596522,0.1171252919312534,0.0490093561268369,0.0819457386434608,17,English,calm
Holocene (Version 22),Bon Iver,0.24857704629135,0.1126140160427577,62.66877470886304,0.3754048753638253,-33.29825566335618,0.6016447777179781,0.1650298001458836,0.0250534184722424,0.1169379163848854,46,English,calm
The Night Cafe (Version 22),Van Morrison,0.4287595870641479,0.3858742225787367,103.77783271748032,0.4503735701781299,-30.950458171133874,0.63245359674891,0.153475321756714,0.0822774671932148,0.0674540753713904,49,Korean,calm
Bloom (Version 22),The Paper Kites,0.4226782683283413,0.0991502289295803,72.17228170143724,0.496290022099042,-17.59406443949364,0.9184696791455252,0.5003878797408089,0.0896811429914999,0.2113726347915882,58,English,calm
Re: Stacks (Version 22),Bon Iver,0.5784694819185381,0.1125354344182547,89.76597728914476,0.3760525391747569,-25.96244198436045,0.9398539912020266,0.7858622141729081,0.0595015593098129,0.1476601637010847,90,English,calm
First Breath After Coma (Version 22),Explosions in the Sky,0.3887751714225834,0.3410946982927726,92.2734212759084,0.117908949007238,-22.53009205974856,0.508650061370485,0.6449747597023838,0.0462649818833971,0.1680018705293323,30,English,calm
Gymnopédie No.1 (Version 22),Erik Satie,0.5194712423630528,0.0185795269143046,67.92707677958052,0.2591841505780459,-29.711721238452107,0.6689507128875316,0.7987223165247256,0.0860331550059048,0.2709754537400271,22,English,calm
April (Version 22),Nils Frahm,0.5748218534263101,0.1363743521256782,74.85384788982364,0.1936249970288299,-15.907311039913182,0.8397759311425925,0.2653203877380141,0.0501595063368363,0.1766779409831995,38,English,calm
Experience (Version 22),Ludovico Einaudi,0.4112560229095015,0.3554910914206859,79.02830664736081,0.4634096122002049,-24.84854611264484,0.8731863373961769,0.7511780239895393,0.0926060563170613,0.0642382168239203,98,English,calm
Comptine d'un autre été (Version 22),Yann Tiersen,0.2822817179906279,0.19076217021291,81.57771449765536,0.3563566659348828,-13.27169183101552,0.5562023556389744,0.4163010655939684,0.0353928830309711,0.2735268995994869,58,English,calm
Aqualung (Version 22),Jethro Tull,0.5858320743206611,0.19148067275614,65.20051488640703,0.4141178666890693,-18.965748938674825,0.6773354133051552,0.7211852317782744,0.0980665511826165,0.1894634622825488,38,English,calm
The Rain Song (Version 22),Led Zeppelin,0.4262911645377169,0.1190054020455111,89.2253017991657,0.2758569282099386,-28.049606380654808,0.5335925982619507,0.2768955017963874,0.0358283719742131,0.1855104961384872,95,English,calm
Breathe (Version 22),Pink Floyd,0.4406680087054375,0.2434286897224066,79.40905005228396,0.2684918934741984,-15.81251611826528,0.7381164067585813,0.7914413324959857,0.0551693784007091,0.2123952361544597,15,English,calm
Clair de Lune (Version 23),Debussy,0.2201451995973583,0.2613359697675243,102.5713197207503,0.4769831354133185,-12.061625932285278,0.6410893228246166,0.5027590453780019,0.0560574388425717,0.1909543701437927,23,English,calm
Weightless (Version 23),Marconi Union,0.2629811828759386,0.3424598290383766,105.47844716722938,0.279864665245169,-28.55011318380773,0.5704167138265062,0.5786353773444631,0.0449785471696588,0.2773846424783471,65,English,calm
River Flows in You (Version 23),Yiruma,0.468404989937948,0.2582741300696963,87.97010579491204,0.1183105357714902,-13.5657839792315,0.8139687466497301,0.7958433883681773,0.0629885123818309,0.2275277229765532,51,English,calm
Holocene (Version 23),Bon Iver,0.2224838231464888,0.2526944707293643,98.23248057951788,0.411405717941023,-17.287431998703436,0.6131413136468338,0.7827789343236582,0.0996145696499951,0.0688989687904003,47,English,calm
The Night Cafe (Version 23),Van Morrison,0.574578569124703,0.1157796777217477,94.46420408754824,0.2352443682944528,-12.741650562418204,0.5507519291517677,0.4484227718694632,0.0542438233553659,0.1315058630694962,98,English,calm
Bloom (Version 23),The Paper Kites,0.4582135963520594,0.0524222973686669,95.83312090668484,0.4922368495219149,-16.495149567221507,0.9300083764547726,0.3517457202253018,0.0459909285184974,0.1792620886725333,80,English,calm
Re: Stacks (Version 23),Bon Iver,0.2182906459049091,0.378143253782613,67.1892586508096,0.4612052156672369,-33.07760889399182,0.91131246383928,0.2063737681147506,0.0230505291273178,0.2298723625648521,52,English,calm
First Breath After Coma (Version 23),Explosions in the Sky,0.3121061200697713,0.2857984611137398,87.75426252364099,0.1435229560920262,-13.561008314073234,0.7261570873817388,0.6141130944590817,0.06008164576125,0.2010903687403011,40,English,calm
Gymnopédie No.1 (Version 23),Erik Satie,0.3211094369426769,0.0801441216013801,87.12851017040339,0.2760875891884008,-26.02739609101954,0.8362835975473115,0.5833546424077952,0.023673604487301,0.134686123560918,42,French,calm
April (Version 23),Nils Frahm,0.3647058200905509,0.0387568644656672,71.79504333491442,0.1206567188891026,-12.086431731808524,0.8682786014849222,0.1612151095519275,0.0216199503832073,0.22982195003807,72,English,calm
Experience (Version 23),Ludovico Einaudi,0.3756768662730667,0.3147186836258304,106.17380189091918,0.339720155606549,-30.69650627290318,0.8910970180232263,0.7690682202220621,0.0664185029647964,0.2204993618201833,63,French,calm
Comptine d'un autre été (Version 23),Yann Tiersen,0.3349898780146692,0.1526110778641245,96.7327248926532,0.4711084393627277,-20.533267093839896,0.8949239542426737,0.2201445121907611,0.0369567272206378,0.1830086717083475,73,English,calm
Aqualung (Version 23),Jethro Tull,0.2706216768971362,0.2539980280883694,74.58265926973495,0.4166130474667567,-16.4134620278701,0.7318937278776765,0.2265674445263447,0.0717419968865546,0.2981967545658966,88,English,calm
The Rain Song (Version 23),Led Zeppelin,0.4490363591770093,0.0143098762856031,60.864698788354126,0.2281447881969225,-30.496972442210687,0.906525603571654,0.6913639669252004,0.040689501704838,0.1314111942374731,50,English,calm
Breathe (Version 23),Pink Floyd,0.2944987870860459,0.3633530189485056,85.1324667311141,0.3624548176328079,-25.443912005909127,0.8155070967522655,0.3700987637052153,0.047174275018338,0.20862001829337,86,Korean,calm
Clair de Lune (Version 24),Debussy,0.4364248312195957,0.1174111816671798,67.46742251597367,0.247430677535255,-25.450454299736087,0.8143421667123024,0.7401701345458047,0.022894783802634,0.1109152531354612,93,English,calm
Weightless (Version 24),Marconi Union,0.2774863769118241,0.2009177634775134,81.485040352158,0.3916150495280753,-29.424434011468133,0.7972491828748793,0.7187000845199716,0.0928542191934643,0.2896961511812578,92,English,calm
River Flows in You (Version 24),Yiruma,0.5093044608319954,0.362395162503566,71.7265435992637,0.1790323777401908,-34.850774073047894,0.8534221787145492,0.7562270314696211,0.0349548276033341,0.2092358938567197,33,English,calm
Holocene (Version 24),Bon Iver,0.498583903688711,0.3710456940592226,92.34301120086108,0.4881174930995009,-27.0725177567114,0.6749642668857039,0.4801087570100419,0.0506801504892725,0.0503564320718831,53,English,calm
The Night Cafe (Version 24),Van Morrison,0.4927088100347949,0.3006868165913934,97.34873023433852,0.2380082666441866,-22.987342113843045,0.6799867590883347,0.111225480021452,0.0649959153017135,0.0809401665210027,53,Korean,calm
Bloom (Version 24),The Paper Kites,0.2320165296365762,0.3021996274787148,60.47531012090528,0.4836033774434904,-23.14912662541073,0.9915082153530742,0.1405983007308959,0.066682363909273,0.1373317589939778,31,English,calm
Re: Stacks (Version 24),Bon Iver,0.5373929971257143,0.1444890940937145,73.02437895286745,0.4430212508399653,-26.382978891975,0.5084166599302807,0.3732023705875337,0.0723617815208753,0.1135898847015954,92,English,calm
First Breath After Coma (Version 24),Explosions in the Sky,0.3727950369700629,0.0226860553128902,89.40463957569786,0.4025179695441575,-25.493811087774464,0.71011631640073,0.1617977490094415,0.0361552691609586,0.0886688257819781,64,English,calm
Gymnopédie No.1 (Version 24),Erik Satie,0.3926751074646152,0.2117022163803,107.447006564213,0.1292926017108935,-21.20303661743392,0.7632492636641206,0.4613631685550804,0.0898527429906261,0.1013846176738716,55,English,calm
April (Version 24),Nils Frahm,0.2163093097365486,0.268908603053677,77.257873206799,0.1070359664850098,-29.218397832320484,0.654663387108406,0.5317868637489694,0.0338068635239417,0.1532635869883495,25,French,calm
Experience (Version 24),Ludovico Einaudi,0.3929901777671329,0.1836949565456364,108.6970383333391,0.1182016951161184,-13.127731711594816,0.7909686069970167,0.6570094004788868,0.054431409441286,0.1634594703142451,22,English,calm
Comptine d'un autre été (Version 24),Yann Tiersen,0.5517305996063294,0.3583737985167609,71.93444407156488,0.1796967514338472,-23.586591000991127,0.9501385135638458,0.3256485653843234,0.0721611692271305,0.2270379219351502,16,English,calm
Aqualung (Version 24),Jethro Tull,0.5114698659576623,0.2255697831683853,80.12275891394847,0.4868063955195891,-20.939392674034387,0.8642826058166354,0.3414879919871149,0.0735959344802464,0.1144494155410314,70,Korean,calm
The Rain Song (Version 24),Led Zeppelin,0.2980387670114545,0.2858888807237705,86.06973681314676,0.3733106441689559,-28.802914712793893,0.7993616705283653,0.4107535547921788,0.0677568229476422,0.1227199330610548,76,English,calm
Breathe (Version 24),Pink Floyd,0.4861803854596495,0.3223717464637862,72.99582369288618,0.2202482239422568,-19.79345179646086,0.8477925871517721,0.5928697790782151,0.0746158803820669,0.1482019292381347,93,English,calm
Clair de Lune (Version 25),Debussy,0.3579414697614713,0.1019270494577525,67.84168499481815,0.3770309517587623,-32.856657922636806,0.9688961433933908,0.678680412570016,0.0886004591965805,0.2766672036537975,60,English,calm
Weightless (Version 25),Marconi Union,0.363441988289296,0.3386802893401604,67.90306501458247,0.1086567178432942,-16.947497922731447,0.5373983239984697,0.7919672671281451,0.0739837143681244,0.2383624275605264,46,Spanish,calm
River Flows in You (Version 25),Yiruma,0.2983215425111464,0.2695461575678752,62.16099686274786,0.4351302879694404,-31.098645860273837,0.8486790334168852,0.2571363508629098,0.0254762535540834,0.1703734196373486,26,English,calm
Holocene (Version 25),Bon Iver,0.2677144841091158,0.2917775953306199,71.87829216917424,0.2369890224943315,-21.948897220917125,0.6424841387886557,0.3645916813469732,0.0852497416832309,0.0948024623902564,75,Korean,calm
The Night Cafe (Version 25),Van Morrison,0.2328806357927735,0.1313431140532077,81.21883835069391,0.3170637128546271,-26.43425498797484,0.8949558501114026,0.1275236413679313,0.0545414030558846,0.1455639786641011,89,English,calm
Bloom (Version 25),The Paper Kites,0.4590313963227436,0.3865105007589584,85.51877033144311,0.4947507387766882,-28.048263916996454,0.5154340662712305,0.2159642172334889,0.0516099907819653,0.129083477297138,67,English,calm
Re: Stacks (Version 25),Bon Iver,0.238821652393351,0.1730640430762867,76.90578858297813,0.1490476881829754,-28.18930599592609,0.9432180276776952,0.3114342058425381,0.0771164338593641,0.2030117699144389,52,Korean,calm
First Breath After Coma (Version 25),Explosions in the Sky,0.3708724649633487,0.0956102547214676,78.45073496729728,0.3368428853884171,-26.932676060764837,0.6074482167871159,0.1815239242241424,0.0903813550327652,0.1600782439379764,93,French,calm
Gymnopédie No.1 (Version 25),Erik Satie,0.450083328697172,0.1961641444547221,103.62832591789817,0.3187739409792843,-23.94202738717039,0.9623004952108564,0.6037827172317483,0.0289239925877485,0.0944261152992035,22,French,calm
April (Version 25),Nils Frahm,0.5148491451757767,0.3343405284719817,87.25954145451482,0.3217820911466557,-20.465541854416777,0.7195578871413197,0.5761393864387329,0.0286785006053132,0.2903198105918466,95,English,calm
Experience (Version 25),Ludovico Einaudi,0.5000619295179687,0.2524696816036028,75.81610285047404,0.1643821949826917,-25.585111831934277,0.8307883702870292,0.5435968203961777,0.0506112924052457,0.2033215984582824,56,Spanish,calm
Comptine d'un autre été (Version 25),Yann Tiersen,0.525499318227019,0.0105139089350428,82.53105239651379,0.4034220913867165,-22.438677179342324,0.825738043964535,0.4616734748237394,0.0993499635745848,0.0636553841222595,60,Korean,calm
Aqualung (Version 25),Jethro Tull,0.3964179287089509,0.036566619645807,67.98927810567852,0.2532153401673047,-31.422577895488796,0.9818435829783256,0.7627528437076114,0.0468887716976483,0.2099369280094198,51,English,calm
The Rain Song (Version 25),Led Zeppelin,0.4135013282375144,0.3262347922063074,91.37228049084712,0.1001009817962248,-17.446989130976007,0.873424060648059,0.4568058938965368,0.0922335178586443,0.2771115514226004,81,English,calm
Breathe (Version 25),Pink Floyd,0.4095646706817588,0.243195292478615,109.82610359623362,0.219528093924567,-27.53380342683602,0.5913869513317482,0.7271068574105076,0.0795590711959413,0.0764107122175604,87,English,calm
Clair de Lune (Version 26),Debussy,0.5927069404791863,0.2923846832644464,102.52610548024872,0.1192603156692803,-23.385898864330144,0.8492991433635196,0.480062609200289,0.0733317972559422,0.2544685158976181,47,English,calm
Weightless (Version 26),Marconi Union,0.3497348251840785,0.3394674702474839,68.14580523826453,0.2083544220105499,-34.00305074167151,0.6822134056676256,0.3659366813768843,0.08442164777658,0.213282667572414,45,English,calm
River Flows in You (Version 26),Yiruma,0.3746890232622666,0.2608455914494993,62.63916752578456,0.1721086144073504,-20.58019932943964,0.8206834096126512,0.641894261095199,0.0522399807242881,0.230638524154039,92,English,calm
Holocene (Version 26),Bon Iver,0.4735921330240757,0.3853573513479396,70.75651132123396,0.3206718255010558,-21.159417831459205,0.9993239424671104,0.2408288995166562,0.0618574415973833,0.1365463269284097,41,English,calm
The Night Cafe (Version 26),Van Morrison,0.4103571874315999,0.0928514408412423,62.380618921374406,0.3290261815590756,-27.27535073520086,0.5909707008742169,0.3267548962546236,0.0239424161158195,0.2876105585225258,72,Korean,calm
Bloom (Version 26),The Paper Kites,0.4324591659893042,0.32590747253881,81.15590987738652,0.4613258670264742,-23.88368090429817,0.7869726611003347,0.4442557860438598,0.0786622636694121,0.1916640194005155,67,English,calm
Re: Stacks (Version 26),Bon Iver,0.3086395694321591,0.0582158125290585,90.3062194441489,0.2956719846188145,-32.7925589759894,0.6978087328966343,0.4603434954003176,0.0861514587060472,0.0690252639583405,59,English,calm
First Breath After Coma (Version 26),Explosions in the Sky,0.3393981392984012,0.3290624490841541,92.42119658857894,0.2159833287215147,-15.557292193479224,0.7466467902813462,0.4488463239173224,0.0981269871360307,0.2867791258090946,75,English,calm
Gymnopédie No.1 (Version 26),Erik Satie,0.3434130733479376,0.0562316514652329,76.28333661390471,0.1121933041245552,-34.522338605661005,0.6977610681257096,0.7587138758880639,0.0897085872985766,0.1778607084794057,69,French,calm
April (Version 26),Nils Frahm,0.4260905524683323,0.0023733986984225,70.77505779168827,0.1099096507737535,-17.645590748006086,0.5728228980132488,0.7083329717337719,0.071465945094063,0.1073546691289283,80,Spanish,calm
Experience (Version 26),Ludovico Einaudi,0.2630881268332999,0.2510498803692212,105.04184901411617,0.3873440875657526,-26.98342701312232,0.7936917976343236,0.317533186760695,0.0999319653422927,0.2372097971154628,93,Korean,calm
Comptine d'un autre été (Version 26),Yann Tiersen,0.4457526559027014,0.1693036571063317,90.90761451297786,0.2366464249869339,-34.336108692465295,0.6975442611783165,0.7513365737059069,0.0701040875819092,0.0709889257677254,62,English,calm
Aqualung (Version 26),Jethro Tull,0.5539974453580103,0.1075499397366059,72.18847465413637,0.2188363875121283,-21.72434856910298,0.7723440467169883,0.4439896282360173,0.0774029490810101,0.1291344328337397,51,Spanish,calm
The Rain Song (Version 26),Led Zeppelin,0.5128258086289724,0.0701286713514396,99.13103945385046,0.3655240421001131,-19.28620888040551,0.7407766985636299,0.5669010728766053,0.0263837637247565,0.2628877792623418,12,English,calm
Breathe (Version 26),Pink Floyd,0.2222188933950584,0.0594966039485989,88.83948542486182,0.3957645821826766,-33.24621402003617,0.96038240706116,0.7815253541604891,0.0684760138406168,0.1703108638442091,16,English,calm
Clair de Lune (Version 27),Debussy,0.4965579889118999,0.1313429409308821,84.66322170525532,0.4664604107257605,-13.019925219444726,0.9635345580255924,0.2837136468746881,0.038597523217341,0.1244161264823285,55,English,calm
Weightless (Version 27),Marconi Union,0.376524444955384,0.1256669651167854,78.7106397869529,0.3482547808483038,-17.461909426838556,0.8677790991339585,0.6700964969554064,0.0225747522572321,0.061933447419689,19,English,calm
River Flows in You (Version 27),Yiruma,0.5157531842754517,0.2132315289298527,88.90703368810601,0.1210347440857508,-29.12778257306077,0.8191771524427389,0.7014273230774734,0.0933586717745122,0.1751048739587704,38,English,calm
Holocene (Version 27),Bon Iver,0.418189693095279,0.3332198524275964,86.88123003736773,0.3067434102149269,-14.183067131498063,0.8949663605279401,0.7363507684529063,0.0374597643824923,0.1810938716638391,68,English,calm
The Night Cafe (Version 27),Van Morrison,0.5369888514373431,0.0444591309868435,99.7331077146981,0.1731893533659478,-16.413268635337612,0.8060004687784341,0.235265194039407,0.057868334346624,0.2204762916151929,42,English,calm
Bloom (Version 27),The Paper Kites,0.4535411603534169,0.1708988784926817,104.96832644604636,0.3077053657951377,-23.36505213384017,0.5311252949707271,0.7454842728583461,0.0341693254942698,0.1820861733591385,34,Spanish,calm
Re: Stacks (Version 27),Bon Iver,0.521427040560124,0.0861813107822573,86.36866449854206,0.1962739636893363,-17.527015050602028,0.7821705839365753,0.6991831022766005,0.0915646402301906,0.2121833706113495,30,English,calm
First Breath After Coma (Version 27),Explosions in the Sky,0.4901564984635778,0.2196880399547455,79.22143665336915,0.3592471692083339,-14.109361659791436,0.7083401902157189,0.3200870184616567,0.0510749550842059,0.1588494075528999,80,English,calm
Gymnopédie No.1 (Version 27),Erik Satie,0.2294244115910865,0.1993767361739977,84.71571240250299,0.3353775310562092,-26.655139299159377,0.8065537979777948,0.7147514171919421,0.0964376792396131,0.1959030540352624,26,English,calm
April (Version 27),Nils Frahm,0.2170363815881252,0.3876943989068436,95.2931030448128,0.2343854594214608,-31.61537287783436,0.5717093061181375,0.2174210842977219,0.0236458017291056,0.2755385471632279,85,Spanish,calm
