song_name,artist,valence,energy,tempo,danceability,loudness,acousticness,instrumentalness,speechiness,liveness,popularity,language,mood
Walking on Sunshine,Katrina,0.749816047538945,0.8802857225639664,143.9196365086843,0.7693963178886665,-8.751850876460509,0.062397808134481064,0.017425083650459836,0.177249944781739,0.2603902541101231,22,English,happy
Happy,Pharrell Williams,0.8832290311184181,0.508233797718321,158.19459112971967,0.8745991883601898,-8.30128711457379,0.07272998688284026,0.055021352956030146,0.08172118130312142,0.23366475107128326,26,English,happy
Can't Stop the Feeling,Justin Timberlake,0.7727780074568463,0.6164916560792167,136.71117368334276,0.5627722372934189,-7.662842811718255,0.1465447373174767,0.13682099526511077,0.1634799134368123,0.11988582375542592,29,English,happy
Shake It Off,Taylor Swift,0.8056937753654446,0.736965827544817,102.78702476319987,0.7733951833556472,-8.635807010501669,0.02602063719411181,0.28466566117599995,0.1941574456226751,0.33293907184076144,84,English,happy
Uptown Funk,Bruno Mars,0.7218455076693483,0.5390688456025535,141.05398159072942,0.6980686221828205,-9.02369412124177,,0.010316556334565519,0.18458446835339296,0.14057299356000594,93,Korean,happy
Good as Hell,Lizzo,0.8650089137415928,0.6246844304357644,131.20408127066864,0.7460196257044758,-8.521164355795783,0.38783385110582347,0.23253984700833435,0.18971482006591217,0.3631895726496771,61,English,happy
Girls Just Want to Have Fun,Cyndi Lauper,0.8391599915244341,0.8687496940092467,105.30955012311517,0.5881922880886153,-9.638181688715695,0.13013213230530574,0.1166031869068446,0.0761293354015623,0.34005812820317527,43,Spanish,happy
Dancing Queen,ABBA,0.7427013306774357,0.6123738038749523,132.56176498949492,0.5634159012386432,-3.5824241539676827,0.02982025747190833,0.2960660809801552,0.16128161078043177,0.11955048853696035,43,English,happy
Don't Stop Me Now,Queen,0.602208846849441,0.8261845713819337,142.41144063085704,0.8280532256184443,-3.829837226512434,0.029617860693636144,0.10753971856328177,0.049697740119272055,0.35208619905645777,60,Spanish,happy
I Gotta Feeling,Black Eyed Peas,0.8493192507310232,0.6323592099410597,103.81350101716141,0.639942044772048,-7.398533423786024,0.2918424713352256,0.19126724140656393,0.1808261662379755,0.2152752238066823,81,English,happy
Levitating,Dua Lipa,0.6478376983753207,0.7852979148891981,145.64710291701385,0.7525747389062734,-3.832262560363512,0.19751823854575631,0.1568198488145982,0.10268197312095344,0.05889669436043332,70,English,happy
Blinding Lights,The Weeknd,0.6431565707973218,0.5125716742746937,138.18462467582683,0.641460191484347,-5.931434470682378,0.3630265895704372,0.07478766874466249,0.09976509691605706,0.31444289849006707,29,French,happy
Watermelon Sugar,Harry Styles,0.6915192661966489,0.5307919639315172,117.38508717482608,0.5725495792643019,-2.5624187812594155,0.3232481518257668,0.19002112695312703,0.178148300331912,0.3312852269146901,32,English,happy
Dynamite,BTS,0.6746280235544143,0.8570235993959912,132.36053451493905,0.8633480698238281,-2.831269600612054,0.12720138998874556,0.033015577358303023,0.06874897763213009,0.19948772601918974,10,French,happy
Peaches,Justin Bieber,0.9272059063689972,0.8442922333025373,100.41712783187144,0.7298362861599046,-6.660711974809768,0.0888431241882921,0.03595961020010484,0.08739457913861676,0.38001839636938173,81,English,happy
Walking on Sunshine (Version 2),Katrina,0.7292811728083021,0.7075162486973464,142.18113753371068,0.6636333210706823,-2.2257433382323146,0.3849789179768445,0.07553468874760924,0.11453224600170553,0.15530740843586938,77,English,happy
Happy (Version 2),Pharrell Williams,0.713936197750987,0.5147547789418131,136.5738600387938,0.7262055604529877,-9.588169990000086,0.11145858569464458,0.2724797657899961,0.07072552141338531,0.10071320523192809,51,English,happy
Can't Stop the Feeling (Version 2),Justin Timberlake,0.7957811041110252,0.8942601816442404,114.52331629069002,0.8024609963326453,-3.9070430773702594,0.09505501759695988,0.21846490458355786,0.09252313256227306,0.27130704070775286,18,English,happy
Shake It Off (Version 2),Taylor Swift,0.8534118843043579,0.7143098736299034,105.4173862032645,0.8758861230151571,-7.433759480226113,0.0746074041599417,0.012232542466429174,0.1304518003420011,0.28714752664479887,92,English,happy
Uptown Funk (Version 2),Bruno Mars,0.6066351315711425,0.7048372233197124,113.58974651187629,0.7903277556842524,-8.605068567960068,0.2763750952409864,0.11602060389016122,0.18924409808524487,0.09813233045109765,36,English,happy
Good as Hell (Version 2),Lizzo,0.7364265404201034,0.5453894084962356,155.48161709671376,0.8948027090214414,-7.936466978278755,0.26399361841367164,0.24516666006036475,0.1243841379719086,0.23537770242460226,31,Korean,happy
Girls Just Want to Have Fun (Version 2),Cyndi Lauper,0.6967409163601807,0.5372411071223597,153.83294547719962,0.9051881257234986,-4.9351883418138565,0.13561191641948028,0.10476287238379826,0.1534124654079407,0.363988590983402,52,English,happy
Dancing Queen (Version 2),ABBA,0.954834569706047,0.8119502183430496,138.52189876925726,0.537862984247772,-8.70697028724309,0.3594216754108317,0.18192871789787698,0.03156349877482704,0.08551504000311125,78,English,happy
Don't Stop Me Now (Version 2),Queen,0.8654007076432223,0.5020246335384875,109.64848308504992,0.7469302052149638,-4.464838418458454,0.26078450380104023,0.06728079283816793,0.1510704676290811,0.13303718062388004,53,English,happy
I Gotta Feeling (Version 2),Black Eyed Peas,0.7301598792637071,0.7985965620472097,138.97797394283288,0.88215053472238,-4.739096861597253,0.22732344133418866,0.028102430348427743,0.0925116865201037,0.1428208286886039,63,Korean,happy
Levitating (Version 2),Dua Lipa,0.6975958573516334,0.8892042219009783,123.58586348000563,0.901420949829701,-4.950890992021897,0.3179245214166594,0.15079112793155763,0.12807366038648105,0.2223811928366024,79,English,happy
Blinding Lights (Version 2),The Weeknd,0.6780971951192178,0.7889808461046022,116.84634174645134,0.5109421848941542,-4.8362216327426575,0.07084427176281959,0.2821375753058743,0.19216785809043987,0.370202536577157,84,English,happy
Watermelon Sugar (Version 2),Harry Styles,0.7480634801021777,0.506182646611547,155.6991137552635,0.6926828667427914,-2.2667614476506435,0.38544799083570114,0.255902836640208,0.08005631165182957,0.18478420501067383,12,English,happy
Dynamite (Version 2),BTS,0.9404546686067428,0.6267688020625111,110.16956480116555,0.7505605681062575,-2.5107618067137523,0.2784119186699892,0.17101835102680948,0.046520003941030647,0.26525252934470944,40,English,happy
Peaches (Version 2),Justin Bieber,0.9960215400417053,0.5560336060946096,131.0997791418242,0.8948178823675799,-4.0738510579663645,0.2788062963981072,0.21074522519613278,0.09111349570735838,0.1527571454925727,65,Korean,happy
Walking on Sunshine (Version 3),Katrina,0.9237444621914055,0.8240453578716723,152.02433911480622,0.910958248650412,-5.909260809112498,0.20060651787487985,0.23948855369003252,0.1404938682322201,0.2956884070401962,55,English,happy
Happy (Version 3),Pharrell Williams,0.9183170677744404,0.8560021367270265,120.27970941109214,0.6690123286879748,-9.248144481273048,0.2313120563984696,0.010782682139022625,0.10915166308251822,0.23992562214765184,14,English,happy
Can't Stop the Feeling (Version 3),Justin Timberlake,0.7146165008513138,0.7363333042276043,101.83001499634297,0.5168066849371464,-3.419195514722734,0.14407625656450515,0.038118153795565435,0.11878135420931675,0.3194977435845138,59,English,happy
Shake It Off (Version 3),Taylor Swift,0.6863284109987373,0.7491561903276001,105.12084789962609,0.5232567745258735,-5.749162947454816,0.21625404864404263,0.19122897044946197,0.1534355267328525,0.39154822781188714,85,English,happy
Uptown Funk (Version 3),Bruno Mars,0.8065201393204782,0.6291825891764984,147.7111716861222,0.6218745130679334,-6.488228634354911,0.03138255253690638,0.007605223024637253,0.19365023049524727,0.34259304217927206,12,English,happy
Good as Hell (Version 3),Lizzo,0.8783896824374792,0.6635811777657079,110.39765920425074,0.5703966692019887,-7.998056814683237,0.2196906658824482,0.21437877681001868,0.14223355404201432,0.14797686393108,31,English,happy
Girls Just Want to Have Fun (Version 3),Cyndi Lauper,0.9819461122652776,0.7951587666783074,133.26124315068404,0.7752743358054585,-6.643199500577681,,0.10679180359537847,0.15883383877894275,0.05503772102041456,75,English,happy
Dancing Queen (Version 3),ABBA,0.6464290562027665,0.5184010568087011,102.4437281391382,0.8849572628049532,-4.370737124959811,0.18966953163493008,0.02935024819530044,0.11357469876986151,0.21571511977319802,64,English,happy
Don't Stop Me Now (Version 3),Queen,0.669280747964006,0.6735406596951892,123.91028406384241,0.7771325441234973,-4.91925079305885,0.01812160390881781,0.11238378438794136,0.1363961856714202,0.2260976905030307,25,English,happy
I Gotta Feeling (Version 3),Black Eyed Peas,0.9425959364753289,0.763477452647578,109.77606562488577,0.5317559363301935,-4.860645774349475,0.010604524216648726,0.175732674382039,0.1898391410422428,0.25141596225655766,82,English,happy
Levitating (Version 3),Dua Lipa,0.7552679704826087,0.7573152873769413,127.49517342949099,0.7455275551921707,-2.4682815297877987,0.1544410551203097,0.28835716914717424,0.18390960913253085,0.11852689717625377,77,English,happy
Blinding Lights (Version 3),The Weeknd,0.6277445203500661,0.5403112005509707,101.09330953909299,0.5424993323401678,-4.535945812669145,0.028475459384091597,0.09569268908812839,0.17362880286480728,0.05814517750753906,79,English,happy
Watermelon Sugar (Version 3),Harry Styles,0.9257873930355743,0.61274190990936,107.08988965729938,0.8135317244138678,-4.968457225760928,0.3509888054108212,0.22052131314116571,0.16659175816542426,0.14871210039995728,70,English,happy
Dynamite (Version 3),BTS,0.6709758175118891,0.8002459006563434,148.41008435603584,0.945727313900303,-6.699058584708588,0.14880723431711326,0.23292388822259905,0.08793660184301304,0.37576506396124765,93,English,happy
Peaches (Version 3),Justin Bieber,0.9433651007372047,0.6715976109500074,145.05226406748983,0.839544293338107,-9.17500904931254,0.3610211626718267,0.15157571173435713,0.17049776923831608,0.16201736036071412,15,English,happy
Walking on Sunshine (Version 4),Katrina,0.9582092913984802,0.6556806714936653,100.6502590888179,0.9074218893886685,-9.269706585710932,0.12772545503616595,0.28501859011524144,0.19160321497938454,0.25070326084315014,84,English,happy
Happy (Version 4),Pharrell Williams,0.8527348848679197,0.6793782087913279,117.59264630188387,0.6478990454164621,-4.619852351383693,0.300949811775072,0.23747371311775456,0.16423508427507416,0.08192213606704163,79,English,happy
Can't Stop the Feeling (Version 4),Justin Timberlake,0.7977681218810326,0.5230235040066578,132.97173293942413,0.6986887256180196,-2.898366537933602,0.1403660050208315,0.035120104928281756,0.054308585948982094,0.3165287211011153,41,English,happy
Shake It Off (Version 4),Taylor Swift,0.8472872253265045,0.540449070449116,105.04640836689984,0.815436109156604,-9.417895949086452,0.32874402371614253,0.21187266814694886,0.04382929270912296,0.07969319992981717,96,English,happy
Uptown Funk (Version 4),Bruno Mars,0.9946558314004702,0.6497083183024481,122.23852882401346,0.8657598052658761,-2.4220113809291304,0.3944004255291484,0.2260134555776825,0.09396412954025568,0.07922525084453408,93,English,happy
Good as Hell (Version 4),Lizzo,0.9108587663709747,0.723361699894322,125.45332055481857,0.9078594732926312,-9.11042014155079,0.19705004171634366,0.0034060934302257207,0.10967230913900147,0.06970614648864308,65,English,happy
Girls Just Want to Have Fun (Version 4),Cyndi Lauper,0.6475271665072287,0.547010498710842,138.9526181269638,0.8357201956694404,-5.333049879222723,0.38486901938981677,0.11246117385711121,0.07857105466791633,0.3540096948663111,38,Spanish,happy
Dancing Queen (Version 4),ABBA,0.6894383354077811,0.8852890157762445,100.72926848138898,0.9364454720184375,-9.654720704395391,0.35645724547922847,0.15831033272588996,0.19880401534028105,0.0758287976573896,95,French,happy
Don't Stop Me Now (Version 4),Queen,0.8215417137605283,0.8877210142476396,131.38587065020891,0.7832293871608681,-4.434010488123063,0.1818164259071093,0.18826742402521904,0.12933343302692704,0.36540530367184615,76,English,happy
I Gotta Feeling (Version 4),Black Eyed Peas,0.6181785521365831,0.6123852758368922,157.02468904459352,0.9006187027509123,-6.3547459777142965,0.24805303912061472,0.0832143548943398,0.06198059715303943,0.21229444172899375,35,Korean,happy
Levitating (Version 4),Dua Lipa,0.7413408912104211,0.7334624447403488,104.66407821789909,0.9384776634497749,-2.110314044163177,0.2792646856078981,0.16082890990323612,0.08261969476867573,0.33482825689743206,10,English,happy
Blinding Lights (Version 4),The Weeknd,0.8738924690215517,0.5650467757379565,154.65563106963054,0.870141759315426,-2.4016006936646077,0.290287803355344,0.18402455878073695,0.10110131616940521,0.37645496917390464,73,English,happy
Watermelon Sugar (Version 4),Harry Styles,0.9464255558001633,0.5180874680424757,101.58201846983512,0.6694085150951223,-3.515573353745337,0.39491045172597783,0.045125067331058456,0.13100222160986297,0.18331179982085755,99,English,happy
Dynamite (Version 4),BTS,0.9879657591258413,0.8368475692542835,150.29972228266826,0.7109119219077367,-6.681443981298679,0.1093628287722825,0.016912648995278133,0.17700280396335905,0.33451535319552717,40,English,happy
Peaches (Version 4),Justin Bieber,0.9998870693144523,0.8986547348295622,133.32590233615764,0.8460443368312297,-2.441874160940576,0.33985895627096463,0.07420443052295929,0.1065925030027159,0.09520579530302326,49,English,happy
Walking on Sunshine (Version 5),Katrina,0.981620410903489,0.742469853780352,113.71856833020776,0.8022653079826355,-5.054974076336833,0.14326508721313622,0.034067277659888706,0.14416744325077593,0.2321076953163277,40,Spanish,happy
Happy (Version 5),Pharrell Williams,0.9089273566942557,0.7080654004447974,151.1308900191124,0.7483580774485185,-5.51249622771691,0.350661441063338,0.1210448598637191,0.052782588836608926,0.060073936709668645,94,English,happy
Can't Stop the Feeling (Version 5),Justin Timberlake,0.9020549022694476,0.7481238205413858,142.24478608595342,0.5958338726790098,-8.909028195305842,0.005817866267152772,0.10517626764197908,0.13028600676528762,0.18728541578490632,43,Korean,happy
Shake It Off (Version 5),Taylor Swift,0.7749899688094917,0.8616634777974994,120.89532802139803,0.7312952701219149,-3.7307758980708554,0.15861711292850808,0.18662601006836205,0.1766018304869467,0.3823322182801748,15,English,happy
Uptown Funk (Version 5),Bruno Mars,0.6588293923716152,0.8706350500645978,129.52697758477228,0.6162099747345312,-6.3269139500939096,0.39201303011419086,0.14778542819786086,0.0858877737488764,0.27169029901085406,24,English,happy
Good as Hell (Version 5),Lizzo,0.6960582475112772,0.5303453312434656,107.73278331463895,0.5576206275309976,-8.784778451901644,0.05553086905976406,0.19226242344096436,0.06091961434785462,0.17098354916335212,23,Korean,happy
Girls Just Want to Have Fun (Version 5),Cyndi Lauper,0.9587153639624048,0.689584656105149,140.05346431126162,0.5775439420407334,-8.461687849530634,0.016347446506591545,0.05068051892164936,0.07736035763543297,0.11195366949686139,50,English,happy
Dancing Queen (Version 5),ABBA,0.6354810135028223,0.5482543484402403,127.64672608196355,0.5928501732826066,-7.085841111615396,0.20136690834194276,0.2071184485888096,0.036683063772986815,0.32979363961816494,32,English,happy
Don't Stop Me Now (Version 5),Queen,0.8511601557963631,0.5327036127795488,152.41471744640663,0.9143925802393159,-9.51137632116109,0.1107510592588815,0.2418603839379184,0.15720414736522192,0.11458235677473207,69,Spanish,happy
I Gotta Feeling (Version 5),Black Eyed Peas,0.6837397293346841,0.6481888411165528,129.07137911146128,0.7782146471886331,-7.048690883441821,0.18501388645325917,0.22424128144012695,0.03623614449140164,0.13835293052040726,77,English,happy
Levitating (Version 5),Dua Lipa,0.885339834353821,0.8580827350748798,130.70064652693998,0.739451068369392,-9.142623909281792,,0.15978517993650695,0.07121998561790405,0.14423513083228334,91,Spanish,happy
Blinding Lights (Version 5),The Weeknd,0.7509136652418491,0.5080284791110905,119.3247499349907,0.5951516031484451,-7.380021182576683,0.04790485272770049,0.26715818422196846,0.13091071710418828,0.2876858117005714,78,English,happy
Watermelon Sugar (Version 5),Harry Styles,0.9156684954429353,0.6993768795716229,105.21521728524542,0.7416979438183464,-5.305271055832967,0.298175789673732,0.1294978638689038,0.051688651475245845,0.14932156702955357,10,English,happy
Dynamite (Version 5),BTS,0.7452329185594541,0.7583668965326404,134.24669828013472,0.6602435266540307,-2.1078780096561625,0.24230992774275487,0.07116803752079834,0.04730302034546864,0.10350069871451623,69,English,happy
Peaches (Version 5),Justin Bieber,0.6983830913538033,0.5642725493038223,111.19402144307834,0.6282928259122311,-8.613011237641961,0.3587061698505701,0.024070123698492662,0.1191669362269433,0.19363888944638152,46,French,happy
Walking on Sunshine (Version 6),Katrina,0.9929514467634426,0.5448155608672209,123.8713359427445,0.936261694973916,-3.075942992848158,0.326828828379712,0.07737084811348195,0.05905088985631119,0.28402512697355087,90,Korean,happy
Happy (Version 6),Pharrell Williams,0.9717503956510343,0.7227051572055719,134.29676136819398,0.6259905921471278,-3.844056534464505,0.07481749942300935,0.0971037709212731,0.10232419456479086,0.2276636325395593,38,English,happy
Can't Stop the Feeling (Version 6),Justin Timberlake,0.6969638929660321,0.5459347298956814,136.63720254649795,0.629883748958115,-5.350094228619102,0.06174508610968093,0.14434203055644523,0.1205402035337696,0.06813823788784942,34,English,happy
Shake It Off (Version 6),Taylor Swift,0.7346417112775683,0.5537658707755897,103.80249822836606,0.9454821045754753,-7.421169240202216,0.32394977834185396,0.07639219642912916,0.145855462778068,0.3160797509613903,26,English,happy
Uptown Funk (Version 6),Bruno Mars,0.8382554962431377,0.6886304754200634,124.71045484883611,0.6569907199443479,-2.5637668460173932,0.3322477631150917,0.28950807319995375,0.051130527992542606,0.3058036163212755,48,Spanish,happy
Good as Hell (Version 6),Lizzo,0.9753361827284152,0.5724932264662641,103.98977604200665,0.8335042921805265,-5.404215094560705,0.33673151070330887,0.041931712987886845,0.16519544301618133,0.1205695620167106,20,English,happy
Girls Just Want to Have Fun (Version 6),Cyndi Lauper,0.6654623771462818,0.5657063191723972,148.8744832138829,0.79933874931329,-5.815476601847045,0.143532193649401,0.26316016224393246,0.09671566826184802,0.335809803815052,57,English,happy
Dancing Queen (Version 6),ABBA,0.7756539634280873,0.650777771769963,127.76078714017639,0.6356200433738639,-4.019124958589991,0.20108815603699168,0.06966380854404519,0.18292767745667665,0.18436192748062402,54,English,happy
Don't Stop Me Now (Version 6),Queen,0.8174211444455954,0.8625888443858187,137.45427975483952,0.5526041183187638,-2.481343011092199,0.25108322122856713,0.10047168439712584,0.05367625235277583,0.3279088162446036,63,English,happy
I Gotta Feeling (Version 6),Black Eyed Peas,0.8480291023714054,0.7133844367905287,153.63355498305745,0.8548687450510388,-8.78660096213799,0.1246888271182193,0.07454674194433972,0.1564708697373551,0.06173635215752279,24,English,happy
Levitating (Version 6),Dua Lipa,0.8279558739485267,0.8049834742962763,152.60593820570497,0.6539367869221584,-3.429941562623897,0.044252694782082894,0.25393568752035545,0.05167307259643701,0.18905055169612855,59,Korean,happy
Blinding Lights (Version 6),The Weeknd,0.9189181463118214,0.5599669709395095,113.75508371395848,0.8250136557768798,-4.239707707631405,0.25645905315411893,0.20818453334013,0.12226315536909135,0.13812967061743348,40,English,happy
Watermelon Sugar (Version 6),Harry Styles,0.7382783974015678,0.5726390867205703,154.50703368001768,0.7625263076447542,-6.793188665890881,0.18480232145765307,0.28418500188354456,0.05606973852973363,0.25518044120587907,69,Korean,happy
Dynamite (Version 6),BTS,0.8023554715537864,0.7445816941738591,101.08661102925043,0.8924557590248681,-2.543053740131101,0.2260532734356836,0.20899524716306767,0.18682489480014028,0.2975335220096895,83,English,happy
Peaches (Version 6),Justin Bieber,0.6610156171657046,0.7305153440667252,136.40290278297135,0.6908588020860738,-4.108446115002217,0.37374680590760595,0.2776705538720329,0.10664269313870246,0.08963331604426435,69,French,happy
Walking on Sunshine (Version 7),Katrina,0.9939364795849338,0.8355592345783737,107.47976087219601,0.9143788471778175,-3.0408291035029738,0.20753522285042886,0.17738263072347876,0.09783045965792214,0.06916657358771097,45,English,happy
Happy (Version 7),Pharrell Williams,0.7340788966583603,0.8211413794392046,100.27792138027617,0.6500746272610148,-6.8146504512724535,0.21495824117516915,0.27595668492382813,0.08887881904221342,0.1714336206636797,10,Spanish,happy
Can't Stop the Feeling (Version 7),Justin Timberlake,0.8950004992438994,0.6808871763559229,113.47628937639891,0.703597782259712,-8.873143836961601,0.07055479460248933,0.14951033182184392,0.10121732641577315,0.37019606537383504,82,English,happy
Shake It Off (Version 7),Taylor Swift,0.7449575596466532,0.7322353401112174,137.93585727517183,0.5058925054647502,-4.691701023866315,0.07121438674790058,0.28832109524083654,0.055272663718029205,0.19511844330445832,61,English,happy
Uptown Funk (Version 7),Bruno Mars,0.6341398672314575,0.8987497007383789,130.13170061987455,0.7679232577940196,-9.46338818089258,0.29998418815967115,0.06297167792867572,0.18266922920492135,0.12179887416870251,20,Korean,happy
Good as Hell (Version 7),Lizzo,0.6762750882654667,0.5146198671392379,128.32401670659996,0.7541785099681774,-9.474330884573181,0.31021104667800425,0.13598665042440827,0.11914634578568861,0.20426696142837986,29,English,happy
Girls Just Want to Have Fun (Version 7),Cyndi Lauper,0.7603052243501304,0.7238561325232872,109.31441475584275,0.5818676587228719,-3.1057150318918616,0.3784461848534531,0.11199279488392588,0.07602659443440414,0.27539984013365554,63,English,happy
Dancing Queen (Version 7),ABBA,0.7634936684392386,0.5101545422641379,109.36915584197142,0.8221875029813288,-4.728608464718789,0.010838397001393397,0.06659164857988482,0.06928271541997214,0.285162460259555,12,English,happy
Don't Stop Me Now (Version 7),Queen,0.6078842151017456,0.5416434327938295,147.99496512239136,0.5803450979244501,-4.778031137185002,0.09527311241869062,0.029832417827803548,0.0713392724699072,0.30279342614948074,57,English,happy
I Gotta Feeling (Version 7),Black Eyed Peas,0.9422785872425143,0.8320879458267967,123.83101177710729,0.8006383114567908,-8.360125636673432,0.11725909210440531,0.2689007455563359,0.03221032699682513,0.07992798579906384,25,English,happy
Levitating (Version 7),Dua Lipa,0.6831545020584109,0.5106128815495279,110.88612610538783,0.7623687024363615,-6.628603595260016,0.35706868443079,0.24523306852153226,0.08810894978863892,0.14079820170095236,36,Korean,happy
Blinding Lights (Version 7),The Weeknd,0.7518769632669068,0.7361179770059231,116.08381844937257,0.7808670085321103,-6.724706782470077,0.22081887234079212,0.130837958740595,0.08005917912212601,0.38195865743675483,83,Korean,happy
Watermelon Sugar (Version 7),Harry Styles,0.9054423176639044,0.556045270306581,152.10807855387478,0.7193440392122812,-2.8435821848472687,0.3199421023789261,0.12756405134077003,0.033819782414419956,0.14403707578473113,33,Korean,happy
Dynamite (Version 7),BTS,0.8166536858643467,0.753391287930459,115.47326112599214,0.5627102333327708,-3.320558105605607,0.39376087228142087,0.15770705469080573,0.059185478594211596,0.14530756428177916,48,English,happy
Peaches (Version 7),Justin Bieber,0.6073562706189867,0.8657195226241996,107.06506497340847,0.7594324139814141,-7.807558234502352,0.22167120100631738,0.19542611650555927,0.17105610663022427,0.12224744511621113,14,English,happy
Walking on Sunshine (Version 8),Katrina,0.6043983314633922,0.5547542520275229,154.0011185108863,0.8932505349031319,-5.220695182637534,0.24020674417346136,0.19951100236387664,0.059813117365986435,0.37004418107373593,72,English,happy
Happy (Version 8),Pharrell Williams,0.7675082099568292,0.653255411299799,131.13506231697025,0.5211346850487748,-8.669733049951365,0.2952134465705482,0.02483960037753794,0.13253585860928602,0.13587218838846235,30,English,happy
Can't Stop the Feeling (Version 8),Justin Timberlake,0.7557182456167906,0.61547749470828,121.34036298789695,0.8235706573329105,-7.6230262750146,,0.1428151206597299,0.1428240981116502,0.3778904087636653,32,English,happy
Shake It Off (Version 8),Taylor Swift,0.8930288388841001,0.5859761514363027,101.87098810367708,0.6180188199349212,-5.239376554397961,0.020570325393700142,0.1489098741603709,0.13146328431587118,0.16698536178593631,42,Spanish,happy
Uptown Funk (Version 8),Bruno Mars,0.9083648814983287,0.5426393012535087,104.50826690414853,0.8276849402916215,-6.036069470350412,0.27536095857109444,0.13044820158112386,0.07188834565064817,0.3366858111859699,83,English,happy
Good as Hell (Version 8),Lizzo,0.9197663515875917,0.7778785883417707,116.32870823379776,0.7656038000910892,-7.112208824479786,0.03663282933065366,0.27519407263867285,0.05325916725622344,0.38258307383728085,41,English,happy
Girls Just Want to Have Fun (Version 8),Cyndi Lauper,0.7784023091831823,0.5740531715354479,132.51405684270148,0.8928256261443837,-4.1422009087235105,0.32262445914457993,0.1976350100132152,0.1476870159680349,0.34721847804786177,82,English,happy
Dancing Queen (Version 8),ABBA,0.6998672035436744,0.6957699854572562,113.27256650917613,0.9444506035984911,-2.447525282507094,0.01577072454740236,0.21167255175470653,0.1872922139606632,0.11320137079456674,28,English,happy
Don't Stop Me Now (Version 8),Queen,0.8271780922210518,0.8661953190352167,102.03675871514793,0.813839120261078,-7.621207941019594,0.3697584781506122,0.2913174735496103,0.1905253031492838,0.21597497583011233,52,English,happy
I Gotta Feeling (Version 8),Black Eyed Peas,0.9448170603957253,0.8378197594140282,119.14602839459533,0.8730119633678048,-9.703938922276059,0.23850795139282122,0.06900265118631091,0.0504963705821374,0.07693362057022321,85,English,happy
Levitating (Version 8),Dua Lipa,0.8785155103512559,0.6359499855072265,143.4860062917257,0.529410353359524,-7.477677297355117,0.2157965169501349,0.23721694945168906,0.08418792549845189,0.2690619817529532,44,Spanish,happy
Blinding Lights (Version 8),The Weeknd,0.9543910992944749,0.7463452752729218,113.97756848521803,0.5109803517004421,-3.039209008792561,0.008507764340154855,,0.11991931278462604,0.37867369447951366,84,English,happy
Watermelon Sugar (Version 8),Harry Styles,0.9195132943094662,0.899173644213335,121.04270892710261,0.8452347300190071,-6.784552691126063,0.19195024812156355,0.18825163896551103,0.1785251094116776,0.3944292142197533,51,English,happy
Dynamite (Version 8),BTS,0.9073093655458073,0.6671067128669335,125.2814201366242,0.8319120357150012,-8.089782833853581,0.04418964525255786,0.10638664729223296,0.0788306285811939,0.15370784215959654,93,English,happy
Peaches (Version 8),Justin Bieber,0.6934431004199639,0.5168372758545448,101.07243608400483,0.9444750753812141,-6.577814930113101,0.1537306588638727,0.20389418480792096,0.06710316093706091,0.3824864143825789,94,English,happy
Walking on Sunshine (Version 9),Katrina,0.9145380057662208,0.5357644009249038,125.0548465470957,0.8956032384029741,-2.4421438216687177,0.1869606044999479,0.1840234167632123,0.05839577083565279,0.3969090191479418,57,English,happy
Happy (Version 9),Pharrell Williams,0.6926686805533774,0.8770927096540503,138.97879893954212,0.7734815576954865,-5.898491911867931,0.09226792468710349,0.052958409601652476,0.06748265554192981,0.11525339175048908,52,English,happy
Can't Stop the Feeling (Version 9),Justin Timberlake,0.9118337894267013,0.640050103666692,103.47056059380378,0.936096183563365,-2.9297129202925944,0.3711009132780852,0.2984723467939306,0.05956219236731284,0.18868470661593056,24,English,happy
Shake It Off (Version 9),Taylor Swift,0.9032953902816365,0.7784082472215169,109.2337543803913,0.867124906245778,-8.204475425306715,0.08952704592904924,0.16109232686802408,0.13079978892308952,0.2530301727432339,97,English,happy
Uptown Funk (Version 9),Bruno Mars,0.6365947349591019,0.8509843450521521,115.93600255532236,0.5582817145772618,-2.8900153610481825,0.38226059929190137,0.25863828517963516,0.16761773270322927,0.2793346932236576,74,English,happy
Good as Hell (Version 9),Lizzo,0.8203429482436557,0.5347947039645641,124.50719278424192,0.6677098326555413,-7.92196972991739,0.289368045475434,0.14876272052363124,0.04377785670430015,0.12706412068243397,47,English,happy
Girls Just Want to Have Fun (Version 9),Cyndi Lauper,0.8733035054638383,0.53045234379612,151.07241484292612,0.7228159371562884,-6.155307381386816,0.23696311386380706,0.24740428977754475,0.08912756534337282,0.28730565339567227,65,Korean,happy
Dancing Queen (Version 9),ABBA,0.8262927855983164,0.6068113080677685,152.7177991813095,0.8588417097231176,-4.732385322732596,0.34023269163769676,0.2601882602879407,0.1504217060415559,0.3429546649272852,69,English,happy
Don't Stop Me Now (Version 9),Queen,0.8789885846677135,0.7720563087041201,137.11668269291107,0.8387224878009385,-8.73115915765541,0.3523483036795714,0.26155305832356956,0.034972038115875057,0.33903586269766695,41,English,happy
I Gotta Feeling (Version 9),Black Eyed Peas,0.651547946989378,0.6340475417036567,144.61049537749648,0.5723419532217386,-3.4562638070475025,0.3328536711830968,0.15224032012825087,0.031085598191861706,0.1504633466112195,46,Spanish,happy
Levitating (Version 9),Dua Lipa,0.8467707673502969,0.8924744712109693,137.9088116210001,0.6169116114788719,-4.927954375203109,0.2159941518863422,0.23395361854534308,0.048186708600582925,0.3163597658757098,83,English,happy
Blinding Lights (Version 9),The Weeknd,0.8165066314704441,0.8851968015435978,120.51232996232116,0.7846798519102767,-2.5437751559198603,0.04100389119627171,0.28116854617093534,0.14694057279113826,0.07374297068681017,43,English,happy
Watermelon Sugar (Version 9),Harry Styles,0.7203854267787265,0.7832688354581127,104.0410360881263,0.761976707079323,-7.232935544376346,0.24836620710699087,0.013722610143753854,0.17816125704590396,0.39072113921208895,19,English,happy
Dynamite (Version 9),BTS,0.9875511421142766,0.7998607326971698,107.80517440783792,0.8412184381680601,-9.803304668329588,0.008849420611598902,0.09708306574486238,0.11306934236879318,0.3196425962327276,47,English,happy
Peaches (Version 9),Justin Bieber,0.873318150642602,0.6783610825506994,116.41759997689995,0.94870602507097,-6.590549582112216,0.1805548097318702,0.049087146357500756,0.165117623287488,0.2927887790235211,69,English,happy
Walking on Sunshine (Version 10),Katrina,0.6883078451155041,0.5329524182463371,140.8299581244828,0.7945300464265108,-7.813923784014325,0.38034542490016415,0.04531736753427007,0.10349691617724233,0.38026557205865963,45,English,happy
Happy (Version 10),Pharrell Williams,0.7678909267704489,0.7554103790656342,123.85566387776765,0.6233968410569015,-2.128178816321374,0.1637336025260172,0.2682297611037403,0.06909228300148465,0.12458664640877917,24,Spanish,happy
Can't Stop the Feeling (Version 10),Justin Timberlake,0.6124536331538045,0.760666730150354,122.11158062342567,0.8889612124278367,-6.214320746467543,0.38727737116588873,0.055657654710936345,0.17766593855245386,0.32180889847710964,13,English,happy
Shake It Off (Version 10),Taylor Swift,0.9083687378576208,0.8379132912467551,145.66143945657993,0.7817991447341369,-8.9500409785409,0.013010471796500767,0.276254354344706,0.13483055346852546,0.3287880518416617,25,French,happy
Uptown Funk (Version 10),Bruno Mars,0.7926089406050201,0.5469232755849578,107.51114753215303,0.8085043792530371,-6.5575528408042985,0.08020989068013469,0.14747836402243106,0.04091551930277279,0.2536899906700396,60,English,happy
Good as Hell (Version 10),Lizzo,0.7075973617740391,0.8190236402548753,118.62171753541443,0.7048490670868105,-9.907035680735195,0.02897875511782355,0.11774806692200544,0.111589601901911,0.2600071918417563,55,English,happy
Girls Just Want to Have Fun (Version 10),Cyndi Lauper,0.7166650314837213,0.7779927544506171,151.60734383135227,0.8509329450020073,-9.683049397213143,0.1922027789031316,0.03147905352545246,0.07114765269662968,0.3953319076435013,96,English,happy
Dancing Queen (Version 10),ABBA,0.6569982171606052,0.6995552613805425,137.08934405908715,0.8161092367448468,-5.522810532104687,0.003908338967673464,0.09793839247319756,0.11801097937540095,0.08075327470069169,89,Korean,happy
Don't Stop Me Now (Version 10),Queen,0.7402507724836723,0.5132812435165466,104.71470982930124,0.6786154742907182,-8.938273967655517,0.22701633930462328,0.20683949074117972,0.1660997388485441,0.12005258548568354,92,English,happy
I Gotta Feeling (Version 10),Black Eyed Peas,0.6669930329036279,0.5418271361337601,138.1858149726182,0.8179140769191056,-9.747310841394864,0.37448489849747596,0.015591385095441723,0.12202037700118198,0.29817118180782076,66,English,happy
Levitating (Version 10),Dua Lipa,0.9483876494984342,0.7856347728529711,148.1036849841875,0.6527525866442627,-3.481399090027902,0.03204593855387006,0.26844499681815825,0.12309070394613517,0.3360542194868728,77,English,happy
Blinding Lights (Version 10),The Weeknd,0.7809273138073201,0.75743107807861,131.5841596561668,0.8292152847898993,-9.346960143755283,0.02414083359622552,0.07413097020304393,0.05712259561924202,0.35512424830727063,70,English,happy
Watermelon Sugar (Version 10),Harry Styles,0.6876855949432177,0.8903461023276525,120.21374750626642,0.5819530620599147,-3.682411942860167,0.2634831102003505,0.14945871493594168,0.12441180365939732,0.30172062239529235,75,Spanish,happy
Dynamite (Version 10),BTS,0.6913818965325195,0.8985335664226968,158.487589728807,0.7926465588561216,-8.403660392566838,0.27209129697251655,0.021659522693752754,0.03521092537498703,0.1401890109789248,23,Spanish,happy
Peaches (Version 10),Justin Bieber,0.7850491826957265,0.8473090021633523,143.63014418597848,0.8342179345399914,-6.596053324415397,0.13837399701878517,0.11131162889538081,0.19790042583512985,0.06403821699436887,58,Spanish,happy
Walking on Sunshine (Version 11),Katrina,0.9468125984489795,0.7314701634289573,126.31692515137543,0.8263659471868114,-6.106648468602377,0.34936929523266425,0.27021055920337755,0.10169255756848743,0.14688972903226805,48,English,happy
Happy (Version 11),Pharrell Williams,0.8369401314373449,0.8649453382466764,112.63973134033999,0.7803349626035672,-4.947518239259836,0.2932452089661124,0.03947030553817794,0.15169024399595504,0.36816138223297434,92,English,happy
Can't Stop the Feeling (Version 11),Justin Timberlake,0.6718732435480967,0.595017329969551,158.28370564249838,0.5814396287192704,-3.164919253043367,0.19691114257921394,0.07416932232095311,0.17802748321632694,0.20585683925093295,85,English,happy
Shake It Off (Version 11),Taylor Swift,0.805926941571876,0.6436933477599063,135.57705108609565,0.5735857426632602,-6.871347706785914,0.387764928934115,0.07744002981033826,0.1416452329720197,0.1638165224786432,56,English,happy
Uptown Funk (Version 11),Bruno Mars,0.9093892502746402,0.5523494642873399,158.1892627047127,0.7042052936226376,-8.111596293228288,0.029398698932005064,0.05092737152626222,0.11836157125452301,0.16795111175095023,61,English,happy
Good as Hell (Version 11),Lizzo,0.9315533463530438,0.6723550094647224,114.92285635525779,0.7777152439718136,-4.3457822649164335,0.06681676316037995,0.0502857648864953,0.036234142578702305,0.3077407052729742,13,English,happy
Girls Just Want to Have Fun (Version 11),Cyndi Lauper,0.865521811048722,0.6898523502999255,150.65022693815183,0.8625515688275238,-5.317165084825983,0.34730851220530345,0.06175236301103047,0.04902633529761374,0.14441236403094637,10,Korean,happy
Dancing Queen (Version 11),ABBA,0.6228347424357259,0.7124678112004128,156.1963415376977,0.5177045933008293,-9.023120687919786,0.18087961131337413,0.28016250525837144,0.08374653784604759,0.22753218304093736,96,English,happy
Don't Stop Me Now (Version 11),Queen,0.6166291436201569,0.5593372803848355,159.1978073775308,0.9343034133962205,-9.960480152524724,0.3807247141692956,0.1917359813446501,0.17754611006840376,0.2091589494718507,75,English,happy
I Gotta Feeling (Version 11),Black Eyed Peas,0.8062384114317,0.6955386321027681,140.01185545276627,0.5628430646403408,-9.760211281018577,0.12317197663647637,0.211404228820994,0.06431508686090123,0.28570135166372107,70,Spanish,happy
Levitating (Version 11),Dua Lipa,0.9879648184429082,0.5375602863157674,140.35612709350758,0.699687598687057,-3.054861964979957,0.07085991577895437,0.20778778566784936,0.17247959924017875,0.38061497681590817,95,English,happy
Blinding Lights (Version 11),The Weeknd,0.8732992113158583,0.6988699056033709,137.07083441207283,0.8910072430154232,-5.4351220268893625,0.012154823878734745,0.2792846086520933,0.14721954767536538,0.2867796850220363,80,English,happy
Watermelon Sugar (Version 11),Harry Styles,0.6862700609590868,0.763554188093063,123.63186433924952,0.7930548396686714,-9.147255757536074,0.26313812184121443,0.29982411773119994,0.038196046606294526,0.3920109644774611,99,English,happy
Dynamite (Version 11),BTS,0.7627631842891482,0.8483013801349037,146.9431290434964,0.7551573174440005,-4.092406325989388,0.35140622452053916,0.12124209649530988,0.08559563746575058,0.2836576849472547,64,English,happy
Peaches (Version 11),Justin Bieber,0.9231383767765035,0.8049140539106463,147.86881893151806,0.6960124916658198,-3.457326270599827,0.04808362214824338,0.16334672938825487,0.030978972284680665,0.1636050404650946,71,English,happy
Walking on Sunshine (Version 12),Katrina,0.7465846139485591,0.6584690766437021,141.72803240139172,0.6748511455716556,-6.410451019019755,0.09501765234973099,0.11197553748880203,0.06863583663473576,0.07561857331895527,94,English,happy
Happy (Version 12),Pharrell Williams,0.8413794373525512,0.7672851194220065,137.16942076057688,0.7085723197102576,-6.9617137585661615,0.3453334598287301,0.1557245355408654,0.11146091919705427,0.05897472303225249,66,English,happy
Can't Stop the Feeling (Version 12),Justin Timberlake,0.7364991310504625,0.6520782475143428,123.92936685381403,0.7610775661522995,-5.731179626184972,0.24316203711737785,0.22946497846263847,0.1682075755817359,0.30134307667927307,37,English,happy
Shake It Off (Version 12),Taylor Swift,0.9822094783819739,0.5072930330705446,111.74667914101276,0.5034032937401639,-4.820202286763176,0.3592122195799948,0.07304468897288978,0.18759587261537214,0.0710935866013463,47,English,happy
Uptown Funk (Version 12),Bruno Mars,0.9737744107222057,0.6406490748958538,106.085249706953,0.7186422916338465,-7.9457874582359365,0.11394916078476913,0.09218698947788596,0.1665144026315528,0.23870644683633907,25,English,happy
Good as Hell (Version 12),Lizzo,0.7245230796624015,0.7441335133243674,142.9690404533916,0.6226808003300902,-6.691607187797188,0.04875443733477902,0.05434480486040409,0.1457900351740471,0.11350342169346944,78,French,happy
Girls Just Want to Have Fun (Version 12),Cyndi Lauper,0.8100653534668241,0.7836185046889731,106.41261538568463,0.7552904988330066,-7.94749773038909,0.38517075009503193,0.1450636940159774,0.1670187334617769,0.24257928975469162,17,English,happy
Dancing Queen (Version 12),ABBA,0.6173650131419276,0.753260550237609,157.08420053239942,0.770725319065849,-3.4464891245856784,0.35368258533936314,0.06842393158467974,0.06604762278439853,0.26384334609784715,19,English,happy
Don't Stop Me Now (Version 12),Queen,0.7644113879226819,0.8359445211466882,154.00138740388067,0.6590396206862231,-8.105035528204144,0.31221020609754474,0.08244181066444083,0.16984443414732533,0.19830838877706702,69,English,happy
I Gotta Feeling (Version 12),Black Eyed Peas,0.8670199597165882,0.5382141255338673,137.4315594805944,0.7032954554317531,-5.307132294596207,0.06720568309794538,0.22106212348325463,0.17667550318234887,0.12585893003177148,24,English,happy
Levitating (Version 12),Dua Lipa,0.6382858222080646,0.5094554344185346,138.51829002659596,0.7731923162399513,-5.62642069828744,0.09277883844639018,0.11727179877165439,0.13106097698164942,0.22386840060070928,12,Spanish,happy
Blinding Lights (Version 12),The Weeknd,0.995114208085955,0.5545759010226933,141.70867324285564,0.6819434456469314,-6.574403080595082,0.2870391062632705,0.20773084539731088,0.19851351892937202,0.09493800130894384,97,English,happy
Watermelon Sugar (Version 12),Harry Styles,0.6416438597536666,0.7897355268514965,134.70321502038456,0.6233722999519127,-9.364645048088107,,0.2682572623992355,0.06261744520218629,0.1631800467404323,30,French,happy
Dynamite (Version 12),BTS,0.6906625608907953,0.6419985223327749,104.1654305647656,0.7335769059087216,-9.45909949126228,0.32014260312894466,0.0701136245731299,0.12180202548276681,0.3580276806465104,93,English,happy
Peaches (Version 12),Justin Bieber,0.8603509476188776,0.7131831146205341,119.46002518692254,0.649850860876189,-4.644104358414479,0.397655744488467,0.19855175695481359,0.12482318095290423,0.3057276785837362,14,English,happy
Walking on Sunshine (Version 13),Katrina,0.7860822449134872,0.5240569370403141,133.73780895267458,0.9309313780274211,-8.597576461138722,0.2760019563282663,0.06028010659771694,0.12109070636042382,0.08383675737635188,61,English,happy
Happy (Version 13),Pharrell Williams,0.780148374503274,0.8024653315580985,120.85429145433892,0.7992102760192481,-3.6364003136821665,0.3708711277917811,0.07039262455663606,0.09788370568758238,0.1033456046656461,12,English,happy
Can't Stop the Feeling (Version 13),Justin Timberlake,0.9969934008633501,0.8708003871697181,132.39742781683358,0.8789149824693896,-5.8323361818236625,0.2494342752011039,0.026737329634804984,0.15839597148445736,0.0946997192723322,11,Spanish,happy
Shake It Off (Version 13),Taylor Swift,0.9304270521010114,0.8128112350681544,142.52468186457858,0.516272171236143,-7.574973152437371,,0.10804092224145573,0.04489926694985255,0.377935238060872,37,English,happy
Uptown Funk (Version 13),Bruno Mars,0.8215208962849505,0.6222097242632094,123.818891024457,0.701241143227176,-5.195245333115062,0.20627177107859912,0.2758175919643252,0.11448379209399115,0.39725530518815944,62,English,happy
Good as Hell (Version 13),Lizzo,0.9405699830980383,0.5834042057429343,155.83571287863498,0.5523648790484642,-3.4604023320704673,0.15224931739063205,0.26339229613352083,0.17756963731826658,0.33207389004116744,97,English,happy
Girls Just Want to Have Fun (Version 13),Cyndi Lauper,0.9160121745228246,0.6218716556392163,104.85515698307513,0.6813410804443226,-8.611803880107932,0.2779804355609847,0.10382991796133566,0.19585373414618554,0.27434022707086625,34,English,happy
Dancing Queen (Version 13),ABBA,0.9289922254537444,0.5530098690967393,151.72086893635736,0.9152407357310275,-6.103504649448513,0.242501175100391,0.22944294027089862,0.059722566634270134,0.2258981267622049,34,Korean,happy
Don't Stop Me Now (Version 13),Queen,0.7594652111089253,0.5585495968648997,122.05206533749188,0.530677539223472,-9.793504744404103,0.054066515661929104,0.28893453347675213,0.12342002110215289,0.388037756403627,43,English,happy
I Gotta Feeling (Version 13),Black Eyed Peas,0.7729991513320528,0.6247264532341038,130.36851177041464,0.6977802598848095,-9.154682525906049,0.2563305258760825,0.06481145475287987,0.13532995233263104,0.2775703823393537,14,English,happy
Levitating (Version 13),Dua Lipa,0.6608099412514592,0.5245398508442672,146.8456951641064,0.7069101906961941,-9.534689635956195,0.3979465268679069,0.01733416829890999,0.14815598890595405,0.3942876238421948,84,Spanish,happy
Blinding Lights (Version 13),The Weeknd,0.6956720416863702,0.5568997474748785,107.28309636534573,0.636473816405418,-9.191633511914826,0.27686453667765276,0.018687539439018807,0.11660176178546426,0.3988438988485419,30,English,happy
Watermelon Sugar (Version 13),Harry Styles,0.9255881078024075,0.7460877752924043,118.3752172471967,0.7807531263312373,-5.783668288706787,0.1704333535561486,0.03921311302205984,0.18072271659087935,0.2074246270874629,83,Korean,happy
Dynamite (Version 13),BTS,0.677849004728306,0.6471037403509159,124.84778515173562,0.8723920530050934,-4.131084955508784,0.30772195745653597,0.003309379328594164,0.10074617969055946,0.2184704530723633,18,English,happy
Peaches (Version 13),Justin Bieber,0.6076769107292227,0.6039252834980137,145.6173893873281,0.5616993675780496,-5.717518948379267,0.08608074880689501,0.0036362323931679818,0.07100424779192205,0.39155581421851887,40,French,happy
Walking on Sunshine (Version 14),Katrina,0.9206148447531959,0.8838306577284134,129.27124263558176,0.5493812894048766,-5.616324088210456,0.18175093382398436,0.2533071248218848,0.046674038733321585,0.22088439795762238,17,English,happy
Happy (Version 14),Pharrell Williams,0.6600194658775936,0.629870370756024,144.24142464326798,0.714208158215945,-6.992893718833845,0.15779051142801415,0.137834030521796,0.16345281245229967,0.36222964112908207,77,English,happy
Can't Stop the Feeling (Version 14),Justin Timberlake,0.9821338746015713,0.8147613545021181,118.92441374488077,0.8096606177389439,-6.499175007556865,0.10186824881842048,0.25226147382777675,0.03653247932359525,0.36561669724739826,54,English,happy
Shake It Off (Version 14),Taylor Swift,0.7845909858498936,0.7548805907233123,139.56123533234697,0.9028029833179414,-4.9066425426623415,0.24557343390402472,0.01999561216820699,0.1181293637306847,0.10255915028596459,40,English,happy
Uptown Funk (Version 14),Bruno Mars,0.8949735074885943,0.7048887683250697,140.8136667525012,0.5187528052710729,-9.321663871633575,0.2865293552250729,0.02162530079960201,0.04211364372009396,0.05423796633221061,57,English,happy
Good as Hell (Version 14),Lizzo,0.9826005593197921,0.7950033437836028,121.19508451012385,0.6334410115794449,-7.202374162033204,0.3098614124724728,0.1984111833211243,0.06148324653746955,0.11093826736692952,61,Spanish,happy
Girls Just Want to Have Fun (Version 14),Cyndi Lauper,0.6393582598853589,0.7641210878805353,145.86235973330417,0.6192708927462518,-9.832440311752698,0.03286866699057094,0.2903580104535091,0.08022561217116145,0.31922810174334676,78,English,happy
Dancing Queen (Version 14),ABBA,0.8498654275417055,0.6527758558611584,112.3412357317333,0.5546238881717329,-5.079896255689067,0.3098535122551152,0.1931712760623392,0.12015136265235692,0.0646829282010727,23,English,happy
Don't Stop Me Now (Version 14),Queen,0.9873955110377535,0.8194856766618299,117.56932220205789,0.9409866482114828,-5.184947282909423,0.2329690632828986,0.22442195382885963,0.1680008639753234,0.27976751256602594,42,English,happy
I Gotta Feeling (Version 14),Black Eyed Peas,0.65123829854648,0.6353070023977994,155.685018419563,0.6010770253297334,-7.022663809299893,0.1728307531776784,0.13182149690833564,0.13419972902406935,0.38007654321064765,71,English,happy
Levitating (Version 14),Dua Lipa,0.696277084733002,0.5486005505203673,111.84822939159623,0.8991162050941712,-4.833513498758352,0.11436271569566406,0.24478408169058516,0.17643289938178414,0.34628001854159735,13,English,happy
Blinding Lights (Version 14),The Weeknd,0.9675706134558217,0.6008964080693446,145.3025157247767,0.707242773773363,-3.2640115768795077,0.2913962708646453,0.23293423394991739,0.14154751240578217,0.11210006931439742,72,English,happy
Watermelon Sugar (Version 14),Harry Styles,0.8180107675587753,0.8938678958098033,156.24328398982715,0.5194281811086553,-8.681481474164503,0.052691509381824764,0.21779397299558864,0.16902350607568067,0.12472897820873519,67,English,happy
Dynamite (Version 14),BTS,0.8023410771807316,0.83628121120448,143.96809268597502,0.7440067424713317,-5.277218476329817,0.20334421876651199,0.08926453539564617,0.12605373878603274,0.2911098557175318,89,French,happy
Peaches (Version 14),Justin Bieber,0.9493291663443231,0.7545165415916992,145.66729222258948,0.5720322357295579,-6.307540204641681,0.0037326479308373186,0.07400365935648691,0.15349849156921083,0.39713348297227724,36,English,happy
Walking on Sunshine (Version 15),Katrina,0.6396712398348864,0.6605977263445153,148.00425812194956,0.5918160355830044,-5.55932040558171,0.2932285184118699,0.18479563507805372,0.06196420488462075,0.1743845990400088,47,English,happy
Happy (Version 15),Pharrell Williams,0.9135167137941589,0.7216906056528066,100.31377681257476,0.8424458420126422,-9.717509160478087,0.29829351309249286,0.06074416804957122,0.19287249162029466,0.1787792629557296,70,Spanish,happy
Can't Stop the Feeling (Version 15),Justin Timberlake,0.7307726465352317,0.5595552201329779,118.3362529294129,0.8944928428226901,-2.0293252989820214,0.14732381220273935,0.13458318928636276,0.1527520594944653,0.3601685231627761,70,Spanish,happy
Shake It Off (Version 15),Taylor Swift,0.8372177336747136,0.6566102792711317,124.75731045091743,0.8130281659235631,-9.97425389116577,0.2478357349839363,0.10664790313240721,0.16501354631710433,0.08254672393809626,45,English,happy
Uptown Funk (Version 15),Bruno Mars,0.8352809067793562,0.6923891559544495,138.53953155431364,0.5291841175173357,-5.36012970057495,0.2245938351838095,0.16819802832485128,0.13259290332139734,0.2867637780292268,76,English,happy
Good as Hell (Version 15),Lizzo,0.921995599872308,0.6079282880512857,149.50296461080373,0.7242150570185542,-9.38353376692535,0.02342037169759168,0.10027149560881823,0.1634324861089495,0.29768832715932053,70,English,happy
Girls Just Want to Have Fun (Version 15),Cyndi Lauper,0.9154459858689625,0.7069076225766437,126.41193987732943,0.5663536370178278,-7.374457971125508,0.17360774646955013,0.02658012890388517,0.06750403196090592,0.2593788529223086,17,Korean,happy
Dancing Queen (Version 15),ABBA,0.8942652456956759,0.8993390045571799,155.98679988061346,0.7891543397908362,-6.630015573647424,0.2544709458832931,0.2356954854240696,0.050117152456975844,0.19346671139370092,24,Korean,happy
Don't Stop Me Now (Version 15),Queen,0.9359209142542468,0.6535331807732176,134.3123362736312,0.7644962123879891,-8.524189974930884,0.14489417666091536,0.10035338662257964,0.03445344045045101,0.05846711736197434,97,Spanish,happy
I Gotta Feeling (Version 15),Black Eyed Peas,0.9326788174703093,0.609228323989125,131.08472597432893,0.6344265081149478,-2.474566039077276,0.10371870354630951,0.12889704382168052,0.1783641425823823,0.344676748377133,69,English,happy
Levitating (Version 15),Dua Lipa,0.6744405671385109,0.8210573239182841,127.49121320427356,0.7173359924384098,-8.93216022067245,0.032240605502849864,0.21838179209212955,0.11439839590040096,0.20289774591531284,87,English,happy
Blinding Lights (Version 15),The Weeknd,0.8918032914609586,0.8062051595964439,109.53449006016122,0.7746013172649385,-8.917167341778516,0.3005500344116183,0.19708654688014185,0.19262448558418788,0.07413530572474741,52,English,happy
Watermelon Sugar (Version 15),Harry Styles,0.6228218884605017,0.61287482987728,115.70234102415435,0.6111404595823999,-2.7499633558317065,0.09981847993980245,0.0815849178385893,0.15909770461105383,0.20740894485768901,47,English,happy
Dynamite (Version 15),BTS,0.9106842227820725,0.5261464630257541,129.25427162040307,0.5151261200824772,-9.498774372357165,0.3625749813377644,0.04177361133527855,0.12051151598678692,0.19388346091024733,39,English,happy
Peaches (Version 15),Justin Bieber,0.738937330503537,0.859933338274909,101.30940380652937,0.798705358779015,-2.2928445262915966,0.22406727338473678,0.2810467386099275,0.03888383947862404,0.19657766167595653,86,English,happy
Walking on Sunshine (Version 16),Katrina,0.7040631163848204,0.7923283859922919,158.8778254298348,0.6154385280999115,-4.766603188207404,0.07923905310389606,0.16959907637148297,0.10886852273701716,0.390201865371038,94,English,happy
Happy (Version 16),Pharrell Williams,0.8434109090785866,0.6398025488347275,106.845747093276,0.5680610729307205,-8.19746456039012,0.1003866645361192,,0.12540787400802925,0.23318681898102828,84,English,happy
Can't Stop the Feeling (Version 16),Justin Timberlake,0.645907548747687,0.8440558773397739,143.36885819250904,0.5304507628550007,-4.337319222161851,0.21741528693705844,0.024517603724033474,0.1079111090598716,0.21964370049551646,80,English,happy
Shake It Off (Version 16),Taylor Swift,0.6663098160653103,0.8782792588001129,150.99852228883972,0.8010600517980987,-6.301635511995142,0.16470621663380342,0.19529204014528626,0.12272341779917394,0.07179558705865997,83,English,happy
Uptown Funk (Version 16),Bruno Mars,0.8050010595081327,0.8225614468931358,127.55439265581748,0.5233804598994208,-3.7097744049277352,0.08054551285438977,0.07758625046641163,0.05800008008349031,0.16557527270502415,90,Korean,happy
Good as Hell (Version 16),Lizzo,0.902700602275454,0.707754343801575,112.29287644904275,0.8950235351684184,-2.9633451603877665,0.34823137001840276,0.07163886341446178,0.10671068851076798,0.3947463796493063,36,English,happy
Girls Just Want to Have Fun (Version 16),Cyndi Lauper,0.9088049905239961,0.510866968490224,103.91227547562953,0.7087691195655497,-2.7262383531075187,0.2154807191810857,0.14934375241028705,0.0479305289926272,0.27987303665350294,78,English,happy
Dancing Queen (Version 16),ABBA,0.9288412642400902,0.6521680030030249,146.53671105551965,0.9340144942553652,-8.369868326978487,,0.08614138742537265,0.1647852512357527,0.25215767805840517,87,English,happy
Don't Stop Me Now (Version 16),Queen,0.8538329670201215,0.8191656638463576,123.75822835974729,0.9117905307831694,-5.73576906203088,0.06318192913413921,0.20876973545064073,0.16485442957450325,0.16086658697363435,21,Korean,happy
I Gotta Feeling (Version 16),Black Eyed Peas,0.9428717027995012,0.8624573019063067,116.61426924266854,0.9425846627218499,-8.874307775609932,0.080806267360996,0.055267451771407836,0.18197825070133797,0.27900239331373666,70,Spanish,happy
Levitating (Version 16),Dua Lipa,0.6608417132889092,0.6761293673473396,136.91788150418813,0.5375588382452224,-2.94066905274129,0.3214414141766141,0.15156203207299146,0.19441152459405897,0.1962163427462849,39,English,happy
Blinding Lights (Version 16),The Weeknd,0.9936441276145991,0.7671679995214509,138.0802763952365,0.5746797028831032,-2.944577933562848,0.17099587516824608,0.04867002173474381,0.032143278395879035,0.2459144892734339,63,English,happy
Watermelon Sugar (Version 16),Harry Styles,0.8109598488490706,0.7877414489476635,153.4154831810681,0.5357329630893632,-4.148028077277101,0.07496477763903289,0.2574531159471492,0.16924079735648154,0.23927781424494055,71,English,happy
Dynamite (Version 16),BTS,0.8840971194493246,0.6257400452734994,128.27007393596887,0.8697366039697122,-6.325878422614289,0.14311930613017673,0.14826373417508995,0.17080237291432712,0.16732281657980547,48,English,happy
Peaches (Version 16),Justin Bieber,0.6695046372542975,0.7848056081323123,149.5586927624849,0.54528686533559,-8.081007097952442,0.05678879590439756,0.10438242347464999,0.10655966641392016,0.31208921793715727,79,English,happy
Walking on Sunshine (Version 17),Katrina,0.8604590339526696,0.7483714269913725,121.14249679657927,0.8786513988881419,-6.2297026608146835,0.3916419752060618,0.19024264148872105,0.05146500606596546,0.28666214672640195,72,English,happy
Happy (Version 17),Pharrell Williams,0.7300416061726795,0.7745308786744389,104.17846888974435,0.5786966467291818,-3.1541019287537093,,0.251112337572882,0.07747693503724978,0.2750086685205477,66,English,happy
Can't Stop the Feeling (Version 17),Justin Timberlake,0.8776602294039324,0.7050619012580212,118.31864060180388,0.5956899693669933,-9.73448516350059,0.12157856049628953,0.1959488371593849,0.18951181913624207,0.3549215687920682,29,English,happy
Shake It Off (Version 17),Taylor Swift,0.906425910614121,0.8153789373013195,139.89909420855972,0.6171290859047014,-2.742439754353361,0.26829292476233363,0.16813218929413198,0.04886820976629178,0.2064694403322489,21,English,happy
Uptown Funk (Version 17),Bruno Mars,0.7841433084807705,0.845825443809068,132.7988932112673,0.6711802470366843,-2.1855973719147253,0.044288237330526274,0.12676452849358338,0.0371441947791389,0.3089664422684256,86,English,happy
Good as Hell (Version 17),Lizzo,0.9672306208796603,0.6120149318201957,151.50050060794726,0.631498203707854,-2.7138387068486782,0.3015847614387136,0.2414720330524316,0.03306111445207727,0.3869836249759091,76,English,happy
Girls Just Want to Have Fun (Version 17),Cyndi Lauper,0.8906683968281293,0.6219004381544533,149.7636798915308,0.6266845392867184,-3.0179692834709764,0.04503215616477481,0.21110579323823872,0.12191874102963476,0.08378706456840429,53,Korean,happy
Dancing Queen (Version 17),ABBA,0.6967575313035356,0.5049616145109259,128.12607792787034,0.6355693673420002,-5.2131401256179295,0.11889512308344688,0.0899757334520954,0.15634284378437258,0.06684999259242372,39,English,happy
Don't Stop Me Now (Version 17),Queen,0.9611579980767949,0.8409055497564726,140.06828099358438,0.7669497065483228,-2.861580014882782,0.07413207181148578,0.023690748657248583,0.07071672888462148,0.3281023975450666,11,English,happy
I Gotta Feeling (Version 17),Black Eyed Peas,0.6138681066905933,0.7331227340333959,159.7262509714786,0.8850632422268927,-5.828434487651284,0.02545636371465694,0.24941205431571295,0.1318263463901258,0.09022654897084839,33,English,happy
Levitating (Version 17),Dua Lipa,0.6375429139293425,0.863850727774637,140.1520157762847,0.87317905969254,-2.9681687977418614,0.2287089408193289,0.15523390552651237,0.10317265975456834,0.16093130572689177,66,English,happy
Blinding Lights (Version 17),The Weeknd,0.7738383843434847,0.8095518622920626,136.11540586090788,0.9016354804796807,-6.452959884966498,0.24283583148750162,0.18939226592759661,0.13058851759207535,0.2959218205799307,59,English,happy
Watermelon Sugar (Version 17),Harry Styles,0.6949733873499225,0.7049455110183163,106.25348816850087,0.6730300974401656,-6.098663451029885,0.260889703818189,0.28515931577586107,0.1321106813132205,0.31025787066179594,36,English,happy
Dynamite (Version 17),BTS,0.8025064237980811,0.7536416125505325,104.2559329680264,0.6144762113788311,-7.10517525435889,0.18899734200260543,0.01369462365071512,0.05380409658406401,0.14688500772695703,96,English,happy
Peaches (Version 17),Justin Bieber,0.9886130763604203,0.6325388028412203,128.92246348672495,0.5882439707322769,-5.113759431393854,0.11227328620638972,0.06209777353152803,0.11781734683581645,0.05192702970614729,90,English,happy
Walking on Sunshine (Version 18),Katrina,0.6030656130596901,0.5876275236407431,102.20328175004927,0.5486115893588112,-7.289114805289987,0.3210342718319252,0.17161459301079024,0.1171535134125908,0.15272108812284257,60,English,happy
Happy (Version 18),Pharrell Williams,0.9727014877731266,0.6588060164948767,105.2255660077463,0.7776799322530106,-9.089292852187189,0.13808925712067685,0.15222358161534266,0.1786178291964799,0.22274130311904156,16,English,happy
Can't Stop the Feeling (Version 18),Justin Timberlake,0.8809035064126657,0.8971267355996282,107.8893471938789,0.6236291864837837,-6.843391395218829,0.16873127141553257,0.12330632257966373,0.18429387043461434,0.2999114255633998,64,English,happy
Shake It Off (Version 18),Taylor Swift,0.8431620856362815,0.6237490871451128,149.42742305327766,0.929777230168245,-3.4304137395981877,0.0006260420765891617,0.1909204110550221,0.03869301484515712,0.14016252711680266,92,English,happy
Uptown Funk (Version 18),Bruno Mars,0.6238098801391087,0.7415181811797551,141.1953948095564,0.5515194371296573,-6.929288935640164,0.1824946035822168,0.11071590652827497,0.05057425008248281,0.1966317265656164,22,English,happy
Good as Hell (Version 18),Lizzo,0.9004712191233673,0.5284030658133022,104.81080084491421,0.6596470813261929,-2.4661943070485997,0.2674290586891656,0.20360098700176943,0.09152639844243704,0.25778127692298847,36,English,happy
Girls Just Want to Have Fun (Version 18),Cyndi Lauper,0.6040524736110974,0.7544384185638169,154.7972168545742,0.7756580607551686,-3.0104112522692397,0.2895892221864375,0.03616752492110707,0.1834170622385931,0.07325534552452122,72,Korean,happy
Dancing Queen (Version 18),ABBA,0.8135869890191055,0.5568548495173831,100.70239664385424,0.6899154170574375,-7.63967433876675,0.19440019751904122,0.17315996602036524,0.03743564229252105,0.09305115329331098,81,English,happy
Don't Stop Me Now (Version 18),Queen,0.8234569585801701,0.6372669412690632,143.75040925296688,0.7935312418663728,-3.2351650960807454,0.2769971306676901,0.12897932321704444,0.1444043258070535,0.1463834109893965,71,Korean,happy
I Gotta Feeling (Version 18),Black Eyed Peas,0.722525399511285,0.8155940639683174,126.78517098409493,0.8592711532332586,-3.4206210106537727,0.34302493506451354,0.27499057075236216,0.10326748748726036,0.1616033864123986,36,English,happy
Levitating (Version 18),Dua Lipa,0.8328794986376455,0.648468969375051,136.06445000801398,0.817513638189721,-4.492759852062905,0.14982115480804856,0.05005806050962584,0.10318998753857528,0.09990795042866807,34,English,happy
Blinding Lights (Version 18),The Weeknd,0.9560388140735233,0.6383509842951429,109.26758483339943,0.5114514919575879,-4.833420909708126,0.2547609269818973,0.1021812499743875,0.04219102110410067,0.1933701132133312,69,English,happy
Watermelon Sugar (Version 18),Harry Styles,0.7244869980253574,0.7708482558940037,136.34675496716142,0.664067177688893,-8.25685956596008,0.3952143864622368,0.13620048635883444,0.14700662008264032,0.09919353865242628,63,English,happy
Dynamite (Version 18),BTS,0.7942358798637591,0.5110146879477862,130.327307074627,0.933807833202966,-6.926346296113598,0.015598405029964636,0.009286737275803059,0.09595774919096782,0.10600872776211792,75,English,happy
Peaches (Version 18),Justin Bieber,0.6093408385312743,0.8024854455800707,127.51138053291345,0.6301601473876945,-2.7993345358681543,0.04645558408021025,0.2867756486865958,0.08337434195414999,0.36094128530803843,69,English,happy
Walking on Sunshine (Version 19),Katrina,0.8411771505917847,0.830682943896595,159.04078979262786,0.6297824470184356,-2.3109161167392562,0.15579275796096814,0.11565357142107668,0.08786580772326597,0.23949266257165486,40,English,happy
Happy (Version 19),Pharrell Williams,0.6616580172713948,0.7214845941432044,132.50228874460024,0.8428558156721915,-3.3308003044993155,0.17617654012496964,0.09069997480544813,0.07408693254390605,0.11811834284670518,18,Spanish,happy
Can't Stop the Feeling (Version 19),Justin Timberlake,0.62305903287961,0.6369791915338854,116.21486152784699,0.9348878236398832,-5.538329389999649,0.13891081561220303,0.1741402802981088,0.053663439228768234,0.20541531222077103,92,English,happy
Shake It Off (Version 19),Taylor Swift,0.8504937285684255,0.6955591327169806,124.10672803925945,0.9472317750048642,-2.957481902808584,0.24936238326377605,0.17081320835468483,0.1355122815701793,0.12045923773785165,19,English,happy
Uptown Funk (Version 19),Bruno Mars,0.7580550973057274,0.5157838131563597,128.5327622492096,0.7443610627809484,-8.178002111174322,0.3856115388662055,0.2728363832811726,0.152764350027504,0.2366853200678769,75,Spanish,happy
Good as Hell (Version 19),Lizzo,0.947987663859074,0.5522609375293852,147.43058765649312,0.5561693662850817,-3.6463146996047566,0.11030702730054279,0.2631271743054567,0.19048715595031765,0.10207858929179048,20,English,happy
Girls Just Want to Have Fun (Version 19),Cyndi Lauper,0.7850702420261574,0.8923949512650741,129.0044461583888,0.8885963851315453,-5.290147822949441,0.15013196316784075,0.08573506665776105,0.06454792548463484,0.316629366982194,74,English,happy
Dancing Queen (Version 19),ABBA,0.7546162027292111,0.7045101848803005,129.5395288000709,0.759775563154909,-3.075382835003582,0.39229573743337176,0.12227526257214508,0.17067821675807154,0.3175847281291512,32,English,happy
Don't Stop Me Now (Version 19),Queen,0.8294115805822293,0.8824188574447733,112.02847093170416,0.5491688946393296,-3.168304264356623,0.17565992665349933,0.25409065626211813,0.18182533488322056,0.07186015776667501,58,French,happy
I Gotta Feeling (Version 19),Black Eyed Peas,0.9533859051944242,0.6793276221477689,130.62594934025392,0.7819666299919446,-2.588939146159306,0.007646437771905612,0.14305304049534512,0.1469127472131953,0.30294743519438,96,English,happy
Levitating (Version 19),Dua Lipa,0.8770129726148432,0.5537740517632488,117.96373530230088,0.661421986437656,-3.56450233856396,0.11150394896582122,0.06321148916016095,0.19276616323647636,0.053102149789714115,56,English,happy
Blinding Lights (Version 19),The Weeknd,0.9991283422727912,0.7707285195429583,149.70815796694703,0.6325787283557869,-9.885477778663521,0.29514780742461205,0.2502433791002027,0.15588094243209827,0.09999760055529353,59,English,happy
Watermelon Sugar (Version 19),Harry Styles,0.9013711689027877,0.8075691128430564,139.5124309402033,0.8447521697580138,-3.232628482578143,0.2454416456949834,0.026581414190903718,0.11289672764342586,0.07717726713506178,64,English,happy
Dynamite (Version 19),BTS,0.7630172124129724,0.662842595650251,103.9605906484145,0.6569692402862657,-9.112015209669481,0.32329408400368886,0.28430640778934124,0.04229380079384956,0.3842903225520955,31,English,happy
Peaches (Version 19),Justin Bieber,0.809030639734698,0.6198262711815495,104.61172451656981,0.725280920631688,-3.6438756440740105,0.2828345909066793,0.015067803439192128,0.042393312012543594,0.19100564892142302,38,English,happy
Walking on Sunshine (Version 20),Katrina,0.7181161976191773,0.5929537292224192,116.86026993452282,0.8615672344835981,-2.566175570945169,0.16204107781102658,0.2718333006397491,0.08465426921213993,0.21675294522032706,25,Korean,happy
Happy (Version 20),Pharrell Williams,0.6904115991263999,0.7561904168703376,158.73886691048853,0.7715718932195204,-7.137487327091609,0.25912697839621135,0.03687620353961627,0.18107204364511778,0.22607938277294276,49,English,happy
Can't Stop the Feeling (Version 20),Justin Timberlake,0.7797398968158569,0.7343459153814077,137.48703176736416,0.5322991128019309,-4.539062230212781,0.09677267212621184,0.21418578975197694,0.16983091504531345,0.3313854776433821,88,Korean,happy
Shake It Off (Version 20),Taylor Swift,0.8210003869631557,0.7080679569243005,108.5725576803647,0.8489057676814109,-7.828724956426285,0.19867816912717862,0.08528222787825501,0.05275082170994783,0.2703451939121078,62,Spanish,happy
Uptown Funk (Version 20),Bruno Mars,0.6217328139291615,0.79945809365048,119.055207715667,0.5000606118520184,-5.910966886102162,0.01874076341104125,0.08285086734626984,0.15018600286747175,0.07194136756765306,39,English,happy
Good as Hell (Version 20),Lizzo,0.9357353969424009,0.5015279690634332,114.80943215211414,0.8334068252684321,-7.469838802165546,0.04075695522640541,0.10807017564012836,0.07596685868536934,0.3449491657561942,46,English,happy
Girls Just Want to Have Fun (Version 20),Cyndi Lauper,0.7253391670340572,0.8155729887104028,153.5123286886441,0.6952178388094383,-2.720454849164864,0.15092722158527716,0.28922352494703246,0.0451792191693474,0.29045674327613497,71,English,happy
Dancing Queen (Version 20),ABBA,0.7975256161827715,0.6550595221822588,137.96271272491606,0.816735691235449,-9.965093842797527,0.06678123549887949,0.2139138151902956,0.1432855203082951,0.38811662679503706,21,English,happy
Don't Stop Me Now (Version 20),Queen,0.9044151161003132,0.8803090830925353,142.15243009208842,0.6341234938877494,-9.157080621993149,0.31272954533797426,0.19324476644277477,0.03819162210686036,0.17601766306534244,21,English,happy
I Gotta Feeling (Version 20),Black Eyed Peas,0.9827199261937145,0.7001604582840805,125.96374816118228,0.7059648223216822,-8.32893820795869,0.1474828683459181,0.11094397679615299,0.03890035343187031,0.3186486699812714,72,English,happy
Levitating (Version 20),Dua Lipa,0.7666017727615516,0.8288719547265693,151.02088006719373,0.5953973246143961,-4.7411721426389715,0.18891272166519268,0.26404702137644553,0.06667591545999721,0.2872346201085155,77,French,happy
Blinding Lights (Version 20),The Weeknd,0.843100848901089,0.6181205910287331,108.19605421907036,0.7932378922147745,-4.0912203349413545,0.12625093750534,0.19344978120669412,0.09717225429395555,0.29962240914891625,54,English,happy
Watermelon Sugar (Version 20),Harry Styles,0.6796861099576212,0.8560860010544697,117.24457578793479,0.6655036944902688,-9.535264383357202,0.04460488492851056,0.15475857081369843,0.07549075504375516,0.34241807900976806,65,English,happy
Dynamite (Version 20),BTS,0.6058773554619815,0.6516376194687745,120.24073280614556,0.5086974339129204,-9.005052807995918,0.16545706996745413,0.147859375334234,0.09872925703332776,0.23582818744423284,12,English,happy
Peaches (Version 20),Justin Bieber,0.8380526699622726,0.5039695284511343,127.84570956721024,0.9335746583994147,-5.84774175896361,0.2710169069835813,0.09355915737506496,0.16157853428596963,0.3205225186566403,49,English,happy
Walking on Sunshine (Version 21),Katrina,0.8085184190616556,0.8904055293116855,107.5330128857592,0.5076264492003114,-3.838734305943232,0.322862214945953,0.03606216873617287,0.07514908160296303,0.05614332717832012,86,English,happy
Happy (Version 21),Pharrell Williams,0.7173234443122258,0.8092567495674686,131.07763166275473,0.6566430169257296,-7.026085640749358,0.0005414502861872617,0.08994015826957076,0.1398979860784482,0.390968055335725,21,Korean,happy
Can't Stop the Feeling (Version 21),Justin Timberlake,0.9388243307935598,0.5094379858582117,153.91363628049035,0.8524392859843817,-3.7569910114321567,0.1831983036014286,0.11940158788635084,0.08149567390164275,0.07299320063402803,19,English,happy
Shake It Off (Version 21),Taylor Swift,0.6912941453974797,0.5986414539912098,129.0446241826121,0.8363499829685123,-6.209521372816427,0.023137779778864245,0.2873369402964612,0.19026313424599908,0.32481634010194294,62,English,happy
Uptown Funk (Version 21),Bruno Mars,0.9965311606256883,0.7177929331201052,157.76610101519236,0.5340222682775378,-7.0745540139090295,0.09015250720270634,0.058749925240281005,0.05393650131175494,0.26784477454809885,17,English,happy
Good as Hell (Version 21),Lizzo,0.912528742298922,0.7313193597681442,108.81776257529258,0.8650056964700619,-4.912362342690172,0.1552662824507982,,0.0741838464712816,0.1708172729729737,19,English,happy
Girls Just Want to Have Fun (Version 21),Cyndi Lauper,0.966994337252796,0.6162018022685681,128.1992960894762,0.9005635118282065,-4.33822919785978,0.0248812904658811,0.044190913283691104,0.03133307043122586,0.2708226265802072,58,English,happy
Dancing Queen (Version 21),ABBA,0.7790693701641673,0.5537099403609103,157.47604726340623,0.7383468757755289,-8.064853647096886,0.20024142846188303,0.20388609982053232,0.04296066705550596,0.1461463352667622,67,Spanish,happy
Don't Stop Me Now (Version 21),Queen,0.9227861963535975,0.6838659481610645,132.79462852193768,0.6947672009942611,-9.648800458855959,0.06629991192806238,0.13366249162256727,0.06556152911934773,0.06749266003088757,13,English,happy
I Gotta Feeling (Version 21),Black Eyed Peas,0.9374598656207295,0.8924770116656464,147.58857243980435,0.8842032147671002,-8.064182957463636,0.3842507902052799,0.059077711336028516,0.1917430677615115,0.39818675288808286,72,English,happy
Levitating (Version 21),Dua Lipa,0.8846891222984195,0.8924574927167288,134.17238677402622,0.6167938024292406,-6.504032914675033,0.2374243741515144,0.021924468608104496,0.13579835498493184,0.3934122428668031,37,English,happy
Blinding Lights (Version 21),The Weeknd,0.676043059913491,0.8170380465153533,154.47392762677717,0.9246657167690993,-2.3189151647564223,,0.2931923723974511,0.15874273521285462,0.10658500268293666,90,Spanish,happy
Watermelon Sugar (Version 21),Harry Styles,0.790760042587188,0.7873324701488016,114.840418949145,0.7882768325969993,-4.667196167627046,0.06507989752342636,0.16952559373582687,0.1611765748663633,0.22461348258757968,62,English,happy
Dynamite (Version 21),BTS,0.6048412467104429,0.5036153876317169,121.42176063820074,0.9167873307943019,-8.170585763171129,0.2537454755486749,0.06662276120799616,0.08468389824212327,0.34681473136051943,42,English,happy
Peaches (Version 21),Justin Bieber,0.8915445769079787,0.5381597109252843,125.72212125918603,0.513126393640369,-6.152878827175928,0.26497360468042724,0.035550787079445464,0.07911043961455816,0.18924281892575495,51,English,happy
Walking on Sunshine (Version 22),Katrina,0.9678124098624199,0.8973020061691857,102.69467793973695,0.8424535655729264,-7.026207468781254,0.15698327449179203,0.2262794920041068,0.18613249346471947,0.382825008075892,73,English,happy
Happy (Version 22),Pharrell Williams,0.8308490344153283,0.6428484637202011,147.25294515152675,0.6129506224680351,-5.487407769331858,0.14343138460994928,0.19698932211236284,0.07086781519189617,0.11705753100718903,42,Korean,happy
Can't Stop the Feeling (Version 22),Justin Timberlake,0.9672956346701749,0.5407214731798148,130.3574744640959,0.5993837523333541,-9.68856029339466,0.014407527316570558,,0.17735096026602004,0.14886756039195934,11,English,happy
Shake It Off (Version 22),Taylor Swift,0.9801836682301183,0.7326489171956774,126.19685138612596,0.7610399756012545,-5.866412918189858,0.3035105015029301,0.08474881979185568,0.0900185665720514,0.3629330058866378,15,Spanish,happy
Uptown Funk (Version 22),Bruno Mars,0.9785826052601622,0.8570232909945898,125.16687963743881,0.8511644763530968,-6.18931413359121,0.19901594085844088,0.061404032717185184,0.1304921515539478,0.11514756421367178,73,English,happy
Good as Hell (Version 22),Lizzo,0.7326258796268775,0.8420120806479741,112.42454855265132,0.5320212283280448,-9.44793925909747,0.37631380820124316,0.1520761313885504,0.09960005220889312,0.3338075033527715,70,English,happy
Girls Just Want to Have Fun (Version 22),Cyndi Lauper,0.9343303711642064,0.6328764132462419,141.6170834484277,0.847005267133349,-4.762794505072364,0.06063802992003975,0.2627649250551171,0.12164607396512149,0.1488653492295013,78,English,happy
Dancing Queen (Version 22),ABBA,0.7700912741750776,0.515028436159563,107.67200807334505,0.8444960377321373,-9.99990692195707,0.16662633139291688,0.15675305432567652,0.03928785140016529,0.39057735704031654,47,Korean,happy
Don't Stop Me Now (Version 22),Queen,0.6904501324998688,0.6216794878545123,118.23655073530165,0.6036874979528074,-9.98820942330951,0.2917379176351986,0.2900536499397856,0.06812989215845766,0.28206651713119785,32,English,happy
I Gotta Feeling (Version 22),Black Eyed Peas,0.896758530783486,0.83937015163621,125.35775182081655,0.6363189075381932,-7.397638927815751,0.28504853323940516,0.2450338399516908,0.06087437451862245,0.17982935285521784,62,Korean,happy
Levitating (Version 22),Dua Lipa,0.96077607869966,0.8226774078778958,159.09150416574855,0.8394117168569364,-6.854438391776622,0.2362551335978551,0.19830427627419608,0.04333748877391107,0.24057393568635282,44,English,happy
Blinding Lights (Version 22),The Weeknd,0.8837283313890438,0.5669285216004242,146.83790304553344,0.7626977512313502,-2.382225714419243,0.016968919282756678,0.07959784126664009,0.1322641594809701,0.15379596927207576,40,English,happy
Watermelon Sugar (Version 22),Harry Styles,0.8857696656284968,0.8036021130087725,106.15095784398846,0.7312345088930454,-5.928875555271553,0.14771230808621644,0.27987745877090164,0.17067607437844762,0.2940232836683729,24,English,happy
Dynamite (Version 22),BTS,0.885730654293999,0.6846864575252476,155.25967126579457,0.8125679422639784,-4.1681515067534685,0.34467636151493813,0.0822214768026573,0.1672020536573395,0.11833421103477222,99,English,happy
Peaches (Version 22),Justin Bieber,0.7381367808979551,0.6342441817079371,158.71152810334843,0.885441750686567,-4.390641107277922,0.29082270464615606,0.16862183832077132,0.19100541340844826,0.22369056350882655,41,English,happy
Walking on Sunshine (Version 23),Katrina,0.7522070839479578,0.5652141347726364,147.1723391356635,0.8304997694340162,-6.925159691806921,0.010077365583691746,0.2516991983154032,0.03194105718719251,0.29629492287016784,20,French,happy
Happy (Version 23),Pharrell Williams,0.9881028438904228,0.6750645312592813,114.09840429975716,0.8171919545195218,-3.462974863875319,0.21857212643113894,0.29011058257684386,0.038783682681853386,0.22667845940658488,47,English,happy
Can't Stop the Feeling (Version 23),Justin Timberlake,0.88738157892902,0.8450561884596717,110.7553367144674,0.8600015667936566,-5.578343394251638,0.1586214727959853,0.03951450857372807,0.1771002790145151,0.10504562286290038,69,English,happy
Shake It Off (Version 23),Taylor Swift,0.7239151436836397,0.6160182127849747,152.28484205145125,0.802716347394004,-3.6265488224690214,0.1001871595169996,0.18746222988209968,0.12719681713443728,0.3414906318758949,68,English,happy
Uptown Funk (Version 23),Bruno Mars,0.9624348241925043,0.5048627085909547,140.44119514352755,0.523326109603878,-5.609130679381153,0.11505309161747129,0.09203297985664236,0.09000294558690061,0.26745235716736354,83,Korean,happy
Good as Hell (Version 23),Lizzo,0.7336199862675077,0.7930796202361121,124.27164313443218,0.5307589401394813,-3.729921260127142,0.11430332983708241,0.12983006387977877,0.14652546014772327,0.16635965500204922,68,Korean,happy
Girls Just Want to Have Fun (Version 23),Cyndi Lauper,0.6226342624586862,0.6495684188051254,156.66691496165822,0.7887804787843511,-4.628166810662345,0.2529128614550559,0.05969764168783104,0.10111675689738762,0.3128289294271614,23,English,happy
Dancing Queen (Version 23),ABBA,0.6405491590212636,0.6111411104358849,116.57914650795121,0.6944085174175276,-2.1570500724625195,0.027001018673528776,0.1556102983141785,0.06049199594207578,0.38973679089341046,64,English,happy
Don't Stop Me Now (Version 23),Queen,0.6453214018909856,0.6614404009446365,144.27309909007636,0.8170494926123504,-6.618170904848542,0.1386096671810873,0.11928371356586116,0.07492696473696868,0.12186652854737993,46,English,happy
I Gotta Feeling (Version 23),Black Eyed Peas,0.793215879023556,0.607413502427043,117.247699893835,0.7955402285635507,-2.2517013464008624,0.24145488022375006,0.023093840119489884,0.04284921435519139,0.3829981272959481,21,English,happy
Levitating (Version 23),Dua Lipa,0.7189163161229335,0.5368267944329902,135.94267522902288,0.7806419502306197,-4.811961439050495,0.10696081114301653,0.00453320526434251,0.19405261280726022,0.13781256599188588,24,English,happy
Blinding Lights (Version 23),The Weeknd,0.870410515221019,0.7826519479514839,136.60044502476916,0.6408083273961417,-7.831229969887474,0.23906731308108126,0.25982869008350745,0.19094473391697725,0.08706703154131518,28,English,happy
Watermelon Sugar (Version 23),Harry Styles,0.661931445039088,0.877894503513232,144.19211370008756,0.8973472211733978,-8.378938926917254,0.23503434844376075,0.2103418783252421,0.14561902052598535,0.19285309180334437,59,English,happy
Dynamite (Version 23),BTS,0.6061579566765234,0.7331704227217053,115.18609235077653,0.7026144107643006,-2.3393518793294614,0.1596141270569739,0.251940481999328,0.062051902977372696,0.2853611743087601,88,English,happy
Peaches (Version 23),Justin Bieber,0.9908027817755773,0.5407572403491747,100.49919653363152,0.6951122566846765,-9.258996135589062,0.2993537398704926,0.2743645991545677,0.10378356536048901,0.14054907475440434,41,Spanish,happy
Walking on Sunshine (Version 24),Katrina,0.7737613276026439,0.7893791271400004,100.54324969482226,0.7652542952681137,-5.0936665209009675,0.2550752987583742,0.07260662399426317,0.15138896297428156,0.08198702021612175,58,English,happy
Happy (Version 24),Pharrell Williams,0.6797081345867203,0.8509880186617929,144.32338904359398,0.5061854993051054,-8.012989917041597,0.08576259319726583,0.08124189841109176,0.07208516094758069,0.07188420350999601,60,Korean,happy
Can't Stop the Feeling (Version 24),Justin Timberlake,0.7835762066387282,0.7930933899144661,136.40390348304618,0.8027922508691359,-9.350806571710088,0.3805962840707149,0.2515475501529074,0.16686535414426268,0.3380443317646186,45,English,happy
Shake It Off (Version 24),Taylor Swift,0.9730842032531045,0.7177015864454791,112.01692107205756,0.7775526235336435,-4.056948050656488,0.2951669573416102,0.15643470725006403,0.04163798228670827,0.17988952845054473,22,English,happy
Uptown Funk (Version 24),Bruno Mars,0.9683066433853429,0.7337795639029704,132.2999165953428,0.620984081471987,-7.052408640667369,0.35813843566126774,0.19993891425805072,0.1638557945478966,0.2090208980736793,48,English,happy
Good as Hell (Version 24),Lizzo,0.8520988877824631,0.599353443497283,142.32764981700916,0.6924206001665018,-6.459635881482035,0.2597289298307527,0.280884186440678,0.040881078923465555,0.33866013307145265,17,Korean,happy
Girls Just Want to Have Fun (Version 24),Cyndi Lauper,0.7169532441648773,0.6775677818025512,101.31479972650054,0.6354707350254408,-5.978950058958956,0.022470430938975605,0.14732871881494955,0.18760880690593265,0.08688762633773184,77,English,happy
Dancing Queen (Version 24),ABBA,0.9057762912302018,0.663868421350397,139.31042287146028,0.6171064690933532,-8.724061899669135,0.06418504570849058,0.021147583692943395,0.06155993983321131,0.2824767847461389,84,English,happy
Don't Stop Me Now (Version 24),Queen,0.9526762447374032,0.8256502742364648,141.10805859246904,0.5496943385349962,-7.686500429632401,0.1239227501289876,0.07498708391928637,0.11755096215065293,0.23744383520788542,52,English,happy
I Gotta Feeling (Version 24),Black Eyed Peas,0.7427543900684441,0.6415156634945745,149.71333587436487,0.8551817817438585,-7.537633346554035,0.36551537754930374,0.2858445051007518,0.08554623214510694,0.1740487320775692,84,Spanish,happy
Levitating (Version 24),Dua Lipa,0.8022536613687835,0.8764483250134694,152.5791659885387,0.5461555831626154,-6.85815405382867,0.22134847589990875,0.15093974176546202,0.06295672154927176,0.35058586990885415,34,Korean,happy
Blinding Lights (Version 24),The Weeknd,0.8707763131987349,0.8351633499407214,151.52585676096834,0.8367601341495828,-6.486315190002261,0.24421870200616982,0.04810962183592294,0.14451972097073432,0.11273863950874827,21,French,happy
Watermelon Sugar (Version 24),Harry Styles,0.8775798362040628,0.5918392643015875,107.0530780090132,0.5743780205643308,-9.984062918247439,0.28749584714141213,0.21972031471751372,0.11753866948525411,0.1064769803693843,97,English,happy
Dynamite (Version 24),BTS,0.6334217350042759,0.5076515865749148,109.94489061791325,0.900884990742416,-8.067705266386547,0.14170853088688626,0.03160364534439995,0.06780142180718896,0.2317285997730718,74,English,happy
Peaches (Version 24),Justin Bieber,0.843101073238261,0.5981409256664845,103.46392955350703,0.6759647911073294,-8.126373032589328,0.08782156929192078,0.28795884081403655,0.13477108260737308,0.2449074551102336,46,English,happy
Walking on Sunshine (Version 25),Katrina,0.7663100414093288,0.6715777333720577,132.45430023028484,0.8133934131662482,-4.3828312305453645,0.06867756308217983,0.1500338256229881,0.10003287615579734,0.35468443819428447,62,Korean,happy
Happy (Version 25),Pharrell Williams,0.8525675684873506,0.7130016265663928,106.92367853073505,0.7725370501955351,-9.062368754558133,,0.04285258944429956,0.14765251999414272,0.12218823984265342,70,English,happy
Can't Stop the Feeling (Version 25),Justin Timberlake,0.7567437492752104,0.8582699110475115,112.25898300393821,0.7285122787814506,-6.645826710671824,0.007249616418291894,0.2378274340718438,0.04173780407348195,0.2159892573419338,82,Korean,happy
Shake It Off (Version 25),Taylor Swift,0.82427131797558,0.7513705826458348,141.31789775847253,0.6139725725852218,-9.920169786732405,0.2893774649419648,0.16069697980427358,0.1721400095452323,0.337485927015243,11,Korean,happy
Uptown Funk (Version 25),Bruno Mars,0.9373304671151532,0.6940378639918161,120.01770375021194,0.8562011911661165,-6.389647095765961,0.0733768785613738,0.2564922058684423,0.18003517905129904,0.21320841464905954,17,Spanish,happy
Good as Hell (Version 25),Lizzo,0.630279890923915,0.6551304359667725,148.2122595677562,0.9057983128458029,-8.372218060019232,0.02678944481010861,0.26320513593985156,0.09619883962640881,0.23961633749364714,35,English,happy
Girls Just Want to Have Fun (Version 25),Cyndi Lauper,0.9872263248203036,0.5266258911656891,138.89908044712573,0.5333474401586902,-6.996248572267997,0.32152581807737873,0.13004166982669033,0.19952100016350158,0.24567074973131076,49,English,happy
Dancing Queen (Version 25),ABBA,0.7284648610543814,0.5880445303619013,121.03123205716972,0.6676399731917979,-9.450290578208312,0.14782967977070927,0.13927155592176746,0.1528654178805968,0.27985531965256283,44,English,happy
Don't Stop Me Now (Version 25),Queen,0.8835062620916616,0.5033454727507428,113.06004397483215,0.7977579297799353,-6.128085054562023,0.0021253902673383784,0.2413483927295467,0.16137762745935735,0.24194670704774696,63,Korean,happy
I Gotta Feeling (Version 25),Black Eyed Peas,0.6265853303105088,0.8066060198130338,135.02281526388185,0.8518819897210816,-3.9860240608332766,0.3212008287831349,0.15540241992138745,0.053855168092897546,0.28490511568289106,44,English,happy
Levitating (Version 25),Dua Lipa,0.8481895140207882,0.7969012748796349,110.19286036304412,0.5877388399551301,-2.876723862245372,0.29999111938082834,0.27246854661009684,0.15898160459786653,0.2590043570966057,49,English,happy
Blinding Lights (Version 25),The Weeknd,0.8616530948111494,0.8556511695760041,134.72840527071642,0.7845760959477743,-8.748186271971196,0.1895684880464411,0.21491913358742967,0.07606025871378212,0.12078896318358723,83,Spanish,happy
Watermelon Sugar (Version 25),Harry Styles,0.7255307232897662,0.5966002511971333,112.89475822218375,0.6911828792906392,-2.7372918889317273,0.20282385869548733,0.0563761142445969,0.04308518379474859,0.29365465079827385,62,English,happy
Dynamite (Version 25),BTS,0.7531195057745551,0.8287323786341437,139.5706461184462,0.8583086527436158,-7.82443168465241,0.27694356898442324,0.07921859540811563,0.18964164150654958,0.27273099853668104,81,English,happy
Peaches (Version 25),Justin Bieber,0.7298047200701369,0.6078047449169091,111.45559510429861,0.8125884315021774,-8.250275096016582,0.23812130637099563,0.0793905080776072,0.14253472061495767,0.3352289049891887,84,English,happy
Walking on Sunshine (Version 26),Katrina,0.9112100972578613,0.8043405323723127,111.26334434153512,0.5397732261430335,-4.408409372100915,0.14733888551774052,0.1297038679210042,0.03529534577487648,0.14085175724626722,80,English,happy
Happy (Version 26),Pharrell Williams,0.6134705615497856,0.851674309040499,114.60380099311183,0.7508017263078536,-9.688165434710957,0.26673895652226326,0.09690820372622816,0.1826462617828032,0.36084136612691253,47,Korean,happy
Can't Stop the Feeling (Version 26),Justin Timberlake,0.7301162473446992,0.8603843582761872,159.76946040992672,0.8714370488557766,-3.241029217958168,0.09960349444363598,0.1730107196573269,0.041433505374452534,0.0832212778875844,58,English,happy
Shake It Off (Version 26),Taylor Swift,0.9995570448133162,0.6306556997703644,144.89103472293078,0.8629992738620673,-3.1358138319421665,0.39905131896086266,0.07244894557706034,0.036859640566148946,0.1939170312981051,29,English,happy
Uptown Funk (Version 26),Bruno Mars,0.6520322679315788,0.5089703556648221,121.62560962848917,0.8526822129838564,-5.470554470199433,0.1251111956841416,0.1963026016478159,0.06944309065249782,0.05503350612522976,61,English,happy
Good as Hell (Version 26),Lizzo,0.905741354574571,0.7494972339456036,145.73815747005762,0.5175221075094495,-3.3030429773547825,0.24781048001452133,0.16901860521379203,0.13618438817947037,0.35255163640392745,15,English,happy
Girls Just Want to Have Fun (Version 26),Cyndi Lauper,0.8347746026235628,0.7323801519552717,159.44074942394593,0.8405285751808556,-6.461649556390918,0.2829588000131711,0.11676914150753653,0.06890882862219483,0.2588981569107158,78,English,happy
Dancing Queen (Version 26),ABBA,0.9712728392455806,0.8716558080061851,120.51431668632942,0.7374548597997628,-8.30691281144111,0.3982524437995534,0.2943353723603807,0.14041651805026606,0.3315449208871157,30,English,happy
Don't Stop Me Now (Version 26),Queen,0.88604006451348,0.7372632876157873,103.20087981933386,0.7046439541486975,-4.601709582660716,0.2710126455534739,0.11193678552671507,0.1900876377318652,0.10857496128287336,17,English,happy
I Gotta Feeling (Version 26),Black Eyed Peas,0.8001437784862242,0.7763535906203292,141.82814835350854,0.7918875305459669,-7.797694292385119,0.06248262747464879,0.19078209804801324,0.1318813597437044,0.11277460360123436,24,English,happy
Levitating (Version 26),Dua Lipa,0.8820556582282253,0.6820687966934625,140.06563549618917,0.8768151858965678,-8.642172571384615,0.007657947198734672,0.23373077591873603,0.1336485622759447,0.29487384936774264,28,English,happy
Blinding Lights (Version 26),The Weeknd,0.9352619899954571,0.8211243739298002,157.65520881572948,0.7411707854834532,-6.092034938720757,0.16075487995629203,0.04610731285326136,0.12734322958994382,0.14695438351409257,14,English,happy
Watermelon Sugar (Version 26),Harry Styles,0.9685230048851902,0.733276321710839,135.5704108304866,0.6597160973946545,-9.58408518417834,0.012697506149195448,0.12700054324595925,0.04437611427653043,0.2623964344390487,56,English,happy
Dynamite (Version 26),BTS,0.952389202255863,0.8531659266074889,139.54272460793393,0.595054324162819,-3.0960253491290235,0.3544373741252833,0.05899607548588761,0.15536243458101515,0.15028184212449303,44,Spanish,happy
Peaches (Version 26),Justin Bieber,0.9210561249411718,0.8988951599614411,101.80156031976357,0.9038146396059193,-5.018955731210736,0.3893530476659285,0.13950285525792827,0.17405594819713355,0.07183792400939704,23,English,happy
Walking on Sunshine (Version 27),Katrina,0.7341116200313182,0.526806615100484,158.52058800874423,0.8676382582723265,-3.179620630032236,0.37518609257355773,0.025531045835935604,0.09555159072726667,0.07486221116540075,15,English,happy
Happy (Version 27),Pharrell Williams,0.6843172406200114,0.5917463108150689,128.14643266285472,0.6208529753541392,-9.192175145457911,0.06699643563764308,0.044182669065627275,0.19542305564509072,0.3157523774214658,61,English,happy
Can't Stop the Feeling (Version 27),Justin Timberlake,0.9871045861078248,0.6758961946031634,116.7021088997594,0.859231938744134,-7.389968655670826,,0.06975179766234936,0.05204542629812001,0.1397620713558681,89,English,happy
Shake It Off (Version 27),Taylor Swift,0.742127899389555,0.7695976832582923,103.7538905331671,0.5947281228494044,-3.527810877666589,0.05876876943350831,0.10279354395675645,0.17699201671588383,0.10422385890020494,96,English,happy
Uptown Funk (Version 27),Bruno Mars,0.6330947342472759,0.6938151980320043,118.14517067671218,0.7535337640177343,-3.569560876132199,0.05485939526109727,0.17420972536628548,0.11593648926627687,0.10042757510461986,18,English,happy
Good as Hell (Version 27),Lizzo,0.8495993942115929,0.6094561671443086,129.27005911264075,0.5370225459246778,-6.323327542291016,0.12258538721712814,0.2467143633556063,0.03968638358955261,0.1965125462214155,26,English,happy
Girls Just Want to Have Fun (Version 27),Cyndi Lauper,0.7833725696525752,0.7900024305196476,134.45725450541266,0.8002455517373814,-3.783605714785951,0.3448811894632755,0.09416264901674115,0.12146385991186351,0.34403782745371997,68,English,happy
Dancing Queen (Version 27),ABBA,0.9957804523860225,0.8558077244175053,122.28803575746261,0.5878249327483926,-6.08485970074729,0.2966565807344169,0.14777072122598928,0.11214074676332365,0.3433806473786302,95,Spanish,happy
Don't Stop Me Now (Version 27),Queen,0.7445615116268746,0.8439178699246583,124.40828805710342,0.6477048975552527,-6.368080710402408,0.3049787834699474,0.03780060835919828,0.06339126669824297,0.3830056889820822,36,English,happy
I Gotta Feeling (Version 27),Black Eyed Peas,0.6701966509525429,0.7270909271724219,134.75886799971627,0.7203310079226102,-4.842038011385451,0.09193069031904738,0.16579868033302445,0.09326945339197251,0.2815835408702162,25,English,happy
Someone Like You,Adele,0.04931351171957874,0.3074246754662936,72.29237212467001,0.24325588661165778,-10.209893332313552,0.7105885493552069,0.4744903335235007,0.03853235215430503,0.1455348687081423,74,English,sad
The Night We Met,Lord Huron,0.22189272131294172,0.13070322475549523,60.209372181397896,0.36817373351876703,-17.163609663971293,0.5464732859997671,0.24482203801601632,0.07400759007697165,0.05600126121122222,18,Korean,sad
Skinny Love,Bon Iver,0.13414864248698496,0.17083290215891594,64.92120945506844,0.4826881735557399,-18.012805499156688,0.7371937705419617,0.15768187163305875,0.07110912683422198,0.10923099847418087,61,English,sad
Let Her Go,Passenger,0.0387862683861699,0.17161265497663353,99.8757022648243,0.3710183220735104,-19.06142248029046,0.5850539237200609,0.4612171418280622,0.02945554321122689,0.120150203309479,78,English,sad
Fix You,Coldplay,0.13997514142828563,0.4129703248851152,109.62573100809857,0.19626820590286123,-12.513853317258388,0.7983736562590749,0.11232869882088331,0.07191323542589893,0.15241821732312977,72,English,sad
Liability,Lorde,0.39128826741062334,0.17235676055155935,99.9578985552391,0.23367708566924397,-15.382593084476792,0.5520066025773978,0.28917988155827,0.12823953053239703,0.251041391245971,85,English,sad
Hurt,Johnny Cash,0.34656927341588006,0.12384693013786362,94.60252765198724,0.15599495068870517,-21.68362863963178,0.6291530490328131,0.20136974237341537,0.08754951785439098,0.2991315771996548,67,English,sad
The Sound of Silence,Simon & Garfunkel,0.05408692548514189,0.3701824181345702,79.80004831928076,0.15320391956293153,-26.82526473251381,0.8695638637473702,0.439800748355881,0.13791545485395285,0.29788319395684665,70,Spanish,sad
Mad World,Gary Jules,0.08332615600340719,0.24217573494562472,93.46095149624333,0.29352101594425895,-21.63220933243333,0.5146867496013559,0.2968903159717261,0.09482714572321067,0.09036445851606002,52,English,sad
Tears in Heaven,Eric Clapton,0.18869593500737564,0.32138871048393997,88.51434693656952,0.18404287716494072,-15.154572154954264,0.31511945689264176,0.17741592777158133,0.12142764430963236,0.1909732302638506,51,French,sad
Creep,Radiohead,0.1044649730043441,0.3779812477372191,88.36954720780366,0.41849744378255493,-15.299496276203532,0.6660647532217409,0.244088837655407,0.03731367633677804,0.11533325447134594,54,Spanish,sad
Nothing Compares 2 U,Sinead O'Connor,0.1676397891668341,0.3397197148025555,85.68539276076524,0.2152738103838118,-29.87071284420579,0.5977435331404883,0.14281299428112154,0.11549907909236956,0.055986566317620876,82,English,sad
All I Want,Kodaline,0.23393112452231635,0.4765896950024262,68.72046335557498,0.2886597963002382,-28.171560163657237,0.6754091473568116,0.2752658402981128,0.07295751814766821,0.1803442553684353,30,English,sad
Everybody Hurts,R.E.M.,0.3586298633876041,0.17851772092442683,61.12822558526736,0.44466595387964036,-18.45765835224187,0.8343950732771055,0.2984726117065863,0.12532094169476132,0.15741834083878697,84,English,sad
Black,Pearl Jam,0.2999439725153075,0.46521658675594246,88.60614818611032,0.17231406022495183,-24.624047699396037,0.4191867461384435,0.12342851379786646,0.05983400841563473,0.1887834466882971,57,Spanish,sad
Someone Like You (Version 2),Adele,0.23519665178553312,0.27059989889674446,90.77103899104176,0.13262997024454637,-28.244235258836802,0.4030976762145951,0.2590387490201724,0.04781930823078076,0.12082110087314434,41,English,sad
The Night We Met (Version 2),Lord Huron,0.16012513446919763,0.424746449604152,60.693106795643004,0.35975152809464894,-16.622469379186292,0.779193468213982,0.4663764695301566,0.02261792036340768,0.08844592637830405,32,English,sad
Skinny Love (Version 2),Bon Iver,0.35446851762239723,0.2834074248748062,88.22953194667318,0.36521088148925895,-16.41866791008725,0.8590442419899049,0.4984747087058348,0.11362046992102223,0.12180530230128771,81,English,sad
Let Her Go (Version 2),Passenger,0.3519009609177375,0.11968836581630465,71.55404264372481,0.458954286985486,-24.876169711212903,0.4323906357730491,0.06906264657012362,0.13168452849409915,0.17501456479777167,34,French,sad
Fix You (Version 2),Coldplay,0.2699572812216619,0.19562655363001188,97.90202105056082,0.4040022179848394,-23.748039501833997,0.5464095798061698,0.10484513871510043,0.14695293303197754,0.21140064426460292,41,Korean,sad
Liability (Version 2),Lorde,0.3738175522862062,0.2213542174516533,99.09454564984449,0.4063434575538968,-16.166886962669167,0.8793833851600803,0.19677766805315777,0.03699325206666845,0.21792721481101518,98,English,sad
Hurt (Version 2),Johnny Cash,0.2917239201908825,0.3300242293835259,70.34089465666982,0.30178237666774216,-23.756205268617414,0.5564799169000134,0.32260928792233196,0.1168779165498085,0.10805617272533578,13,English,sad
The Sound of Silence (Version 2),Simon & Garfunkel,0.16213014425878136,0.20766462839665167,69.93158069309345,0.4133548879983354,-11.814946111260152,0.522139311410746,0.37563946218688343,0.13660938761737343,0.2615310526325579,50,English,sad
Mad World (Version 2),Gary Jules,0.07312535541569036,0.48251675260534455,78.83382202147313,0.23569626446953454,-28.751373454444394,0.5917041924629298,0.054506807820464354,0.052310176720565385,0.12923565544182036,73,English,sad
Tears in Heaven (Version 2),Eric Clapton,0.32353052939667365,0.45019546015835865,75.12331587307348,0.4434792484978296,-12.855381252604179,0.7587905702309241,0.07334755700759077,0.10974197009709477,0.2862560161451422,88,English,sad
Creep (Version 2),Radiohead,0.27301619150686285,0.2326467396431336,85.02896587154157,0.35829001734042143,-19.78859182542993,0.37197176503858187,0.15603202232601032,0.12431148397197224,0.26535451152387934,21,English,sad
Nothing Compares 2 U (Version 2),Sinead O'Connor,0.0549200130862281,0.4809547009594899,76.44113089243046,0.36492549549228803,-14.963497080866377,0.7871677407827301,0.47287485111296507,0.06067954124374694,0.26462661363788864,96,English,sad
All I Want (Version 2),Kodaline,0.05267476137448282,0.3820163625414371,97.09888647569929,0.37108929648052824,-24.95370527729694,0.8238258882091221,0.0844292316851975,0.02697252289770801,0.22936624765297803,82,English,sad
Everybody Hurts (Version 2),R.E.M.,0.1901902860930935,0.43963920798347045,79.16985705291295,0.16731143540308513,-13.271156150602607,0.6293457789840431,0.09459789619517744,0.11364991981623795,0.17777840962237512,40,English,sad
Black (Version 2),Pearl Jam,0.24172519289612793,0.2843593352826328,101.43544919090033,0.4318250862732199,-15.812223563512276,0.36324082643787736,0.4194269309520344,0.10723168746927828,0.22425604150107487,53,English,sad
Someone Like You (Version 3),Adele,0.14519313616154866,0.4517118224628027,96.26858001174287,0.1450361866116778,-21.844439311876748,0.8318282171760851,0.023598350848689498,0.14498416055346644,0.21979064207989069,66,English,sad
The Night We Met (Version 3),Lord Huron,0.25255039105735066,0.20822370259519657,72.43958943695885,0.47682328779543826,-24.034550915317546,0.7653031780313997,0.19656089910353958,0.038103029202011515,0.05267882442383974,95,English,sad
Skinny Love (Version 3),Bon Iver,0.21770293480610034,0.49031152741957307,78.45680969046023,0.24287693359721796,-23.11816764301116,0.6123263023829151,0.22033244171214678,0.13438890147451188,0.17638019793087256,96,English,sad
Let Her Go (Version 3),Passenger,0.20310313527542753,0.15534863788822265,109.1369770455193,0.1999891563475319,-28.532718650807947,0.6978877493851253,0.29768318507843633,0.07396893501905695,0.1555480584701695,53,English,sad
Fix You (Version 3),Coldplay,0.3140255684185725,0.17828505603985964,101.01266594724449,0.35949884555800726,-21.62060452440951,0.5748171699503213,0.1283236035930479,0.11777486325060674,0.17821868557631693,50,English,sad
Liability (Version 3),Lorde,0.12834181709993744,0.3384200463043801,109.78672260256616,0.27410491186262154,-11.586171984427608,0.5070101039547397,0.027366353462492943,0.046551473827895755,0.15467378583192104,49,English,sad
Hurt (Version 3),Johnny Cash,0.08785397143782761,0.10009081528730222,105.75007688737637,0.43755176449237165,-15.154155370261059,0.40068875738761717,0.06018178810499303,0.02878861743140981,0.23100729719323032,75,English,sad
The Sound of Silence (Version 3),Simon & Garfunkel,0.37152318427515413,0.2722143283652148,65.9570335998024,0.3049571282928426,-23.0233618508274,0.5248949546099986,0.31066531207785364,0.11343335472408632,0.07765089971829021,84,English,sad
Mad World (Version 3),Gary Jules,0.014236092322590556,0.497732121074286,71.6364174457776,0.12153220996338364,-26.202493418081602,0.3233747078090785,0.19590544730858583,0.12431223197867217,0.13531111243943017,64,English,sad
Tears in Heaven (Version 3),Eric Clapton,0.17767336275134663,0.37023470942697556,85.44470350349401,0.4445782744085297,-12.67928649908487,0.3059464172946922,0.3890231532415996,0.0798953680314176,0.2972101353259158,43,English,sad
Creep (Version 3),Radiohead,0.19329283035017408,0.494758378155319,97.72846806028683,0.19944195384532254,-19.23210041426085,0.8952813836871498,0.42876530387596185,0.03265769619285874,0.22659299920249903,38,English,sad
Nothing Compares 2 U (Version 3),Sinead O'Connor,0.13823183434832523,0.10279290475213926,80.17404845134998,0.19390176868998854,-13.622614589590569,0.5023983653074593,0.41376184697690854,0.02007773204852339,0.12695478750652978,29,English,sad
All I Want (Version 3),Kodaline,0.09646608572310478,0.1934269444274444,63.40933098827313,0.1748497081642007,-18.889008602287603,0.4748166437026467,0.20869739116457398,0.0689926944451345,0.26897623124997366,71,English,sad
Everybody Hurts (Version 3),R.E.M.,0.3621195996042062,0.29718278866234404,76.50779751578023,0.14272028160094546,-10.9319424123581,0.33613616694017845,0.14882513878414022,0.058748606152100535,0.13010032153505374,95,English,sad
Black (Version 3),Pearl Jam,0.06571473730896371,0.4132645723694789,66.12489309829947,0.35396266366126516,-27.52307946588365,0.34232138255577393,0.45471475184293825,0.04471673962143174,0.2553125386399261,14,French,sad
Someone Like You (Version 4),Adele,0.21785234844285434,0.13114260784350784,107.77240957190338,0.19878446679675701,-12.80709309294787,0.4012860034707385,0.42697144107092644,0.02171974567768822,0.1779451141423702,87,English,sad
The Night We Met (Version 4),Lord Huron,0.30777703176862276,0.4739182069971134,105.46010681032436,0.42784994781905794,-12.236173006773917,0.4195318115022459,0.14209214785586438,0.057565908239737604,0.14426348275042472,62,Korean,sad
Skinny Love (Version 4),Bon Iver,0.1573282681540755,0.3178221298618702,67.99398816832206,0.3764986655143957,-26.64866921390987,0.4861850892627285,0.251672565303077,0.12353727299805206,0.23486730830968183,57,Korean,sad
Let Her Go (Version 4),Passenger,0.2582137425642089,0.16230930423206807,87.35226728077889,0.13497860071995418,-22.452736464066984,0.5481099181739755,0.019905719722876913,0.05561845293109634,0.28891236681662236,17,English,sad
Fix You (Version 4),Coldplay,0.38145304313187584,0.24093082170101573,62.1550054474162,0.17163797573127262,-22.155644131329197,0.868667818781538,0.07059953176859246,0.1192570596768676,0.07717063484367302,49,English,sad
Liability (Version 4),Lorde,0.39250303095651073,0.252646599643654,98.7617269449528,0.23703643312445274,-17.446622456823825,0.41520965084402206,0.07301050964848127,0.14194833814385707,0.2794118194761084,83,Korean,sad
Hurt (Version 4),Johnny Cash,0.35498757608515297,0.35017338006663745,100.41341056081392,0.12761477476454997,-23.304219162186417,0.48822187485429375,0.3178226609763066,0.06627451055118327,0.0871266954109202,44,English,sad
The Sound of Silence (Version 4),Simon & Garfunkel,0.23858683016541749,0.42575356826763266,79.10617472299866,0.1529074860393927,-26.066236053743538,0.4424899831016304,0.1499487964972681,0.1035633591658202,0.20023637113442977,82,English,sad
Mad World (Version 4),Gary Jules,0.2784319446268157,0.24500079381260528,101.19988259399892,0.18163506446230412,-20.619185049636922,0.7805632329248582,0.09007932386630962,0.034282204786301784,0.2709209919219974,27,English,sad
Tears in Heaven (Version 4),Eric Clapton,0.13717186510367838,0.3735480499636128,61.267430213196924,0.3760187553637798,-23.67797376906059,0.33344451215246507,0.3049063807740585,0.05130449608951253,0.14670181051297,76,Spanish,sad
Creep (Version 4),Radiohead,0.03223232491460544,0.15886530043797814,74.89886177479218,0.13590380022406287,-11.783474706273694,0.303628225910387,0.2419301094321557,0.036022169557231684,0.12691977236948715,54,English,sad
Nothing Compares 2 U (Version 4),Sinead O'Connor,0.3704238239273062,0.16467782130959474,108.29161598591662,0.1823177507957687,-15.168677830663409,0.6280063589383871,0.4422393637983796,0.09201912321540703,0.18363980478907715,97,English,sad
All I Want (Version 4),Kodaline,0.07818320014735997,0.16649174482066348,105.82445755577571,0.23113527954001364,-22.55835490074208,0.755894195057033,0.16941174121140368,0.14376811806307035,0.2344819422497001,46,English,sad
Everybody Hurts (Version 4),R.E.M.,0.23897169702936802,0.45235806421790103,62.48029541747414,0.20282507687568352,-20.6992733155818,0.4361871236829126,0.37195259365107597,0.13949704403698426,0.15594252998273084,75,English,sad
Black (Version 4),Pearl Jam,0.13685304004475798,0.4846202928550265,82.24262164137704,0.2956193601797133,-22.96700255316189,0.8457290838072831,0.2844777416409254,0.11908269633361382,0.2529516795877216,25,English,sad
Someone Like You (Version 5),Adele,0.13673961676690327,0.273477732528152,102.42358872031323,0.2453021406703241,-14.121297330962975,0.8645953935446624,0.3116051865340035,0.11641154736874557,0.2512743280102837,36,English,sad
The Night We Met (Version 5),Lord Huron,0.33801585955865704,0.2580213351427184,62.56317295879991,0.26075050849469583,-16.524875404318205,0.5702102314684757,0.3744815754301993,0.0664077158309263,0.20868603527600738,20,English,sad
Skinny Love (Version 5),Bon Iver,0.07456792194158983,0.39974777465798284,87.28479844065129,0.18162575541864023,-24.161776530043856,0.7491652251490994,,0.04808408725109939,0.2918177975925744,35,English,sad
Let Her Go (Version 5),Passenger,0.28605000792675517,0.4828539330159185,81.35525226801715,0.29004013627668823,-12.040895676299616,0.6150296041472307,0.3536394559528336,0.0527824740744189,0.16168161717566015,21,Korean,sad
Fix You (Version 5),Coldplay,0.04937994632414205,0.18239201435078467,60.04717076338155,0.1157060206594641,-10.454323536461413,0.44541221708205736,0.331655354752001,0.1290829608439495,0.18766511480914105,88,English,sad
Liability (Version 5),Lorde,0.06125780003358248,0.3912465749344666,90.01257050497915,0.3925002357389501,-14.605067542858256,0.8852462206108471,0.286781640013355,0.06441334464977824,0.21211613922505929,80,English,sad
Hurt (Version 5),Johnny Cash,0.027376283697050453,0.4589589273286345,65.96905056690984,0.23113713515432732,-13.685092387477582,0.6583874269984271,0.19681776013872104,0.08154663571875279,0.26363684830054507,97,English,sad
The Sound of Silence (Version 5),Simon & Garfunkel,0.13600175442395687,0.4478598739248686,64.40672154883457,0.41071937488345234,-13.049047338905272,0.40909059170240325,0.21517326618610022,0.04151497070627523,0.22665103224855443,71,English,sad
Mad World (Version 5),Gary Jules,0.2141391072246627,0.3541293386833284,69.82434834781056,0.1846983448209678,-29.170053489801873,0.4932405211174379,0.2798723306668375,0.13153153881965274,0.2167318618646702,45,Korean,sad
Tears in Heaven (Version 5),Eric Clapton,0.1741585293599006,0.4812480457576551,95.96226002879159,0.47206608114502,-19.44824053455669,0.45534256487588376,0.026413343182360993,0.11439103069290057,0.08032574950138353,58,English,sad
Creep (Version 5),Radiohead,0.12111005130878688,0.31298836315355894,88.22082938898738,0.34023327879485443,-26.674893393005988,0.5278424428929893,0.30859711355848335,0.146076452402392,0.23190778442492216,20,English,sad
Nothing Compares 2 U (Version 5),Sinead O'Connor,0.36904150283758314,0.4048848233256709,89.58584844462003,0.17680934765453782,-16.66628696214974,0.6740277395759443,0.3012345852286332,0.0836721628384713,0.18216415099731892,68,English,sad
All I Want (Version 5),Kodaline,0.13377701084724164,0.3077250770569213,69.87779528392392,0.4220697589441508,-26.284460906025842,0.35097977393367985,0.21812301317857868,0.10557996713578804,0.15942920623338536,95,English,sad
Everybody Hurts (Version 5),R.E.M.,0.11070165278052345,0.3232684735561763,77.35011677061,0.4731470760506532,-11.547097207928559,0.6014230919832573,0.16394199700912926,0.11582721381436309,0.05917823587076666,37,Korean,sad
Black (Version 5),Pearl Jam,0.18990760241746052,0.23452935770813343,106.02679425512773,0.10480121090907302,-18.94370248563302,0.7443981486399757,0.24250899376202062,0.03110239392115382,0.29311534750697554,38,English,sad
Someone Like You (Version 6),Adele,0.2072041725504392,0.34567449772760456,71.83048913537536,0.2933992340427215,-21.417010160833563,0.34493750520119026,0.05308017677373361,0.1288714275504407,0.10995498805164756,58,Spanish,sad
The Night We Met (Version 6),Lord Huron,0.07798330859945223,0.3019645805000557,98.43735656812564,0.12477860743159518,-18.463841607234883,0.371526265704344,0.01823052541280923,0.02685671378108826,0.25854102705211035,19,Korean,sad
Skinny Love (Version 6),Bon Iver,0.047188993451224626,0.11806054576491679,81.8949943571456,0.43759738877681,-24.751832470213962,0.5530275705155498,0.01996126628187561,0.07838020683753387,0.19440327015928344,81,English,sad
Let Her Go (Version 6),Passenger,0.22836282150085793,0.23297067686974607,75.77665903315678,0.14264944757463915,-22.664033587074634,0.3596968013237788,0.3832979723560258,0.14561565870726415,0.29251861416667674,74,English,sad
Fix You (Version 6),Coldplay,0.34602843975015757,0.3403168597358477,95.043284862194,0.21408232107216563,-17.384591596547587,0.5733897296639265,0.24100866988846625,0.11851095284877054,0.12047958889931291,46,Spanish,sad
Liability (Version 6),Lorde,0.12721584467780797,0.46985671645145466,62.811214742548614,0.2942537193653362,-11.743983991842764,0.6662178046908942,0.27320353710606604,0.05246674329981618,0.13581887226611206,96,English,sad
Hurt (Version 6),Johnny Cash,0.3408193663218772,0.3236872527073833,85.737109687839,0.13983188541601158,-29.679436870897536,0.8782111132122294,0.18849308364342082,0.09841769807293557,0.06992876829682125,47,English,sad
The Sound of Silence (Version 6),Simon & Garfunkel,0.2732457142892186,0.4730266834823844,88.78326264987098,0.15044612895016424,-18.365569450530465,0.7598083278627914,0.20320826828700933,0.13437890723239082,0.21217073833934114,43,English,sad
Mad World (Version 6),Gary Jules,0.35969956731568103,0.34940212449893493,66.5643986002412,0.22387668444207565,-25.96410103495086,0.8452958986301176,0.38020003364374133,0.10793178795830079,0.1252415799079054,14,English,sad
Tears in Heaven (Version 6),Eric Clapton,0.07361790882008541,0.40258043519556475,83.70789729395398,0.19031582086025167,-17.667560436694497,0.3242003112830712,0.16308512706412676,0.08091240929684751,0.08698958352735146,49,English,sad
Creep (Version 6),Radiohead,0.39386179103633584,0.18363894583584572,66.51765650216328,0.18141394955475856,-14.618777336805515,0.5553033955631057,0.282707969876269,0.0227311904082269,0.05860782714332864,83,Spanish,sad
Nothing Compares 2 U (Version 6),Sinead O'Connor,0.17833021993080647,0.4266620972806494,104.26194393537827,0.1346826270382561,-19.232737957979545,0.8479378117675624,0.19398637719894318,0.12784355808568793,0.08342391359985905,53,English,sad
All I Want (Version 6),Kodaline,0.3741577958671195,0.4005693270125211,107.06671963934508,0.37064689342100265,-22.731921360011462,0.8629087035148335,0.13778338815458924,0.06318242786802523,0.2252021045004351,67,English,sad
Everybody Hurts (Version 6),R.E.M.,0.30612651981015454,0.4717613935396615,70.24012045281047,0.41919921408768956,-15.22907893206073,0.3382767337521587,0.19361157060510348,0.05675950941781281,0.12612260608850762,31,English,sad
Black (Version 6),Pearl Jam,0.39317875182188033,0.3571109653919712,95.88380788967498,0.4906470549260037,-22.455964350847225,0.7811041010716836,0.21726548165224768,0.13303937733594737,0.0951643853278258,13,English,sad
Someone Like You (Version 7),Adele,0.3790744708257119,0.1875086833643519,76.31102534904657,0.4024768936427122,-22.124897168691867,0.664926826059868,0.22228675053471425,0.11650809182167164,0.10708281309215271,10,English,sad
The Night We Met (Version 7),Lord Huron,0.023383194894750804,0.2199717589892265,83.71543324342151,0.16720802087707143,-22.904054206872225,0.5399898109761412,0.028695921844136774,0.0958299422639466,0.2710858569928219,16,Korean,sad
Skinny Love (Version 7),Bon Iver,0.06069716518122097,0.3391232053606056,93.23696024554232,0.2677338721677154,-15.9780482527146,0.5464389260946072,0.25231864398871745,0.020955895792075508,0.22293002853367222,35,English,sad
Let Her Go (Version 7),Passenger,0.2645370715778898,0.11536035093053783,78.41250536975666,0.491612736316667,-21.585268748627662,0.6011672430791051,0.4549650790798593,0.11324404386254834,0.19551753278105588,31,Korean,sad
Fix You (Version 7),Coldplay,0.31912187253642904,0.44574650658238935,82.84440358686334,0.2900433459727342,-22.278981286963283,0.8800236840110764,0.3485831271451752,0.030818998607049397,0.26573990582825463,56,English,sad
Liability (Version 7),Lorde,0.19222397633450725,0.127501562568995,87.48586275816555,0.26686571159028083,-12.445011902747503,0.42239676216563243,0.41323230474609146,0.09249952985410886,0.06365257580336726,88,English,sad
Hurt (Version 7),Johnny Cash,0.38873812053019385,0.30504609764128,74.54384271157912,0.28776273679570324,-12.84284432965022,0.4829418746310381,0.09633819824335016,0.03677926210101459,0.12446484959755282,40,English,sad
The Sound of Silence (Version 7),Simon & Garfunkel,0.3120192348160174,0.2886505460781047,71.374080184677,0.16647399984389968,-23.34541046979242,0.8639546237314253,0.1715133562950122,0.1484561298741026,0.17130761394133903,44,English,sad
Mad World (Version 7),Gary Jules,0.07166556731606036,0.45645603671740376,83.01776865674134,0.3838685374018098,-10.325768335816964,0.3301052101919844,0.04834727989378357,0.11365937639015831,0.120456250823868,70,English,sad
Tears in Heaven (Version 7),Eric Clapton,0.07372055878003962,0.1157447519278918,61.09233559931009,0.4097942412479164,-27.311331452609,,0.3029484075897415,0.07568573407395002,0.05677666308405828,61,English,sad
Creep (Version 7),Radiohead,0.31340060103516354,0.1042052898166614,98.0944947188742,0.45732179751524915,-21.343201578856554,0.621325483858679,0.23849169630882688,0.07059712042104704,0.27185613384259005,27,English,sad
Nothing Compares 2 U (Version 7),Sinead O'Connor,0.3575734042679962,0.23432654585661383,90.7534877007349,0.47076302485834565,-10.758830021172969,0.6053754242532285,0.2264124026421634,0.05623026107070836,0.2897179682976025,94,English,sad
All I Want (Version 7),Kodaline,0.05712572178914695,0.33193183041909,74.12751337593194,0.21160331613911865,-21.90062825247623,0.8992757614893927,0.027483153419911033,0.0952104363664591,0.0706430395088193,69,English,sad
Everybody Hurts (Version 7),R.E.M.,0.06180833199620759,0.2758251767091595,85.52300656732206,0.2035169633458096,-23.670857382511677,0.3521802121535598,0.15160989192212526,0.14565259711947073,0.28617684541812044,21,English,sad
Black (Version 7),Pearl Jam,0.13395131605479402,0.32834157451150464,105.47976955554722,0.10247352905635868,-13.786328593248165,0.8690217316733515,0.04566286716677853,0.04098819918427973,0.29018657569283884,37,English,sad
Someone Like You (Version 8),Adele,0.21501605745613853,0.10567865378868949,72.88159993817646,0.2799774697075439,-16.141821779504646,0.7398962268820798,0.49771075646272805,0.05737645591988867,0.18455502546711883,25,Spanish,sad
The Night We Met (Version 8),Lord Huron,0.21332941914384201,0.262258103778895,68.45809469212101,0.4909826252735371,-12.93365626666828,0.5989998169765424,0.3016227113420149,0.0495439369627561,0.1859467675979367,11,English,sad
Skinny Love (Version 8),Bon Iver,0.2779880532485903,0.30606681135463554,109.51425852924706,0.3445366624990905,-22.580525748156617,0.7632912165695029,0.08523125579082103,0.06998705578181465,0.13673973759439645,44,English,sad
Let Her Go (Version 8),Passenger,0.17272283804311092,0.41271193037149057,84.20865160817037,0.41760578010638516,-18.47022193720268,0.5052416607945333,0.4049893718417362,0.050977657171901905,0.10609574494994888,60,English,sad
Fix You (Version 8),Coldplay,0.2018011696219343,0.20433969838483557,60.454351747560814,0.3593190109195207,-19.77812357055204,0.5673106886958967,0.4834842573091577,0.09425589391517879,0.26585789444734614,36,English,sad
Liability (Version 8),Lorde,0.05578009448206407,0.3276825852517711,103.39898133654515,0.3332423029119592,-15.63971643745997,0.5232261406873244,0.046224758518533304,0.07952703836651928,0.14861984770971437,88,English,sad
Hurt (Version 8),Johnny Cash,0.34682407295157897,0.19759812094098891,108.3367113767554,0.4832552479217985,-25.047367138571225,0.5088311732863924,0.4477778704369425,0.14566088871649396,0.160859775709011,18,French,sad
The Sound of Silence (Version 8),Simon & Garfunkel,0.12839881825635913,0.3104376053006168,94.38846031828675,0.20938980614999192,-15.270536507618544,0.3309944142687846,0.02464724638220822,0.07021740166892088,0.13836829801518014,41,English,sad
Mad World (Version 8),Gary Jules,0.1262532861468609,0.296407905067564,76.03667911557856,0.17690316738723677,-23.810609018227982,0.884942563686141,,0.07781266099158365,0.19413624748778502,42,English,sad
Tears in Heaven (Version 8),Eric Clapton,0.39333630736569064,0.1966405105743052,94.06410552662169,0.3863938774166896,-17.85351166413868,0.35314700378198643,0.33843613791378824,0.028332312434702814,0.19903566238747422,63,English,sad
Creep (Version 8),Radiohead,0.2958324708886971,0.18438795624798018,102.08110037713871,0.11214152221320171,-13.123742726833878,0.5761974303856591,0.10879396996582225,0.037391158849215844,0.2883267918955931,28,English,sad
Nothing Compares 2 U (Version 8),Sinead O'Connor,0.029066235032462685,0.17963736797437027,77.3911173716523,0.34809393958444823,-19.103978294478033,0.3753860954473884,0.1448639918691073,0.05103773024118313,0.10338571362258535,81,English,sad
All I Want (Version 8),Kodaline,0.16445773459199484,0.38161258103666273,70.87264661086179,0.24667155188119258,-22.181651463176756,0.8858739176612462,0.47733317843953443,0.12401788575776988,0.1104147302047963,18,English,sad
Everybody Hurts (Version 8),R.E.M.,0.027214925636667876,0.2267616550882499,73.33972747169155,0.3023703200585576,-14.445441798644138,0.8149937633273148,0.42243204270525425,0.0667578229589988,0.22180858586517072,73,Spanish,sad
Black (Version 8),Pearl Jam,0.12513367900968803,0.1243622172940731,95.07826328014711,0.10393102102791514,-21.81634825083023,0.49762756158124544,0.3466887692594262,0.11961191145884927,0.12602365899282097,66,English,sad
Someone Like You (Version 9),Adele,0.3246508057779414,0.21756670420197352,82.31631799932806,0.3908074108056536,-16.141595415504227,0.8924210833873201,0.11258051210796594,0.10610132876014572,0.20242047706894434,73,English,sad
The Night We Met (Version 9),Lord Huron,0.366039381796012,0.16254485665795004,97.58990817934665,0.3273074465075073,-24.50668260424189,0.5846609484883045,0.1668882985348989,0.09531074236249992,0.2722501527036665,12,English,sad
Skinny Love (Version 9),Bon Iver,0.2277219937648808,0.3526889673306336,85.93739235573547,0.12046620257819037,-25.342828862478115,0.5952010376592497,0.15511764187235239,0.04362926770895525,0.17603321047960957,39,English,sad
Let Her Go (Version 9),Passenger,0.12912391737914014,0.2032430572693659,83.19927087201904,0.15331370323286928,-11.445085338491854,0.8206212587515436,0.35381029287026766,0.03380779758649931,0.24396931361742324,29,English,sad
Fix You (Version 9),Coldplay,0.32318293124360764,0.40710584708573505,65.69829435596206,0.35756318282710586,-13.313504085012028,0.6464120407318007,0.3232036876140445,0.0795872523254198,0.18217682997101314,92,Spanish,sad
Liability (Version 9),Lorde,0.013750743340690087,0.3555852087893139,64.07236064455796,0.27400583773608933,-24.14689804665184,0.627256770127028,0.06670816776160354,0.10991364225653137,0.2487528842321176,92,Korean,sad
Hurt (Version 9),Johnny Cash,0.0653417798972626,0.14172523494075287,67.27577413936795,0.45085102475940075,-19.436214764872876,0.5803565976045015,0.05335590955117714,0.10444228087840504,0.2669998979737725,10,English,sad
The Sound of Silence (Version 9),Simon & Garfunkel,0.3312743477293812,0.3504218835923205,63.763935832583684,0.14495881087040519,-29.013820257803506,0.4544875298954816,0.06783073358018887,0.05380624523281641,0.14626451392974044,47,French,sad
Mad World (Version 9),Gary Jules,0.3771931136284543,0.3441504239126768,101.74868928414811,0.3841406002849329,-27.749937389467366,0.7415522438243694,0.13754944077956222,0.10308402010931184,0.13524049341074712,32,Korean,sad
Tears in Heaven (Version 9),Eric Clapton,0.3990689053058637,0.20542059179871114,73.95652353871348,0.4722689022249593,-29.507111907273547,0.7180133927239182,0.36266319536793906,0.12872921506335191,0.29360982765961885,65,Spanish,sad
Creep (Version 9),Radiohead,0.39024076766266097,0.12611070302658556,101.09196613764513,0.3585239734629525,-17.053157312538175,0.37700995596881687,0.32509358322282667,0.1477227354781622,0.2779546423848617,17,English,sad
Nothing Compares 2 U (Version 9),Sinead O'Connor,0.17565226432194023,0.11597918931443774,78.11467450001024,0.4305561246402221,-15.970017970696679,0.5756061933563739,0.027550767579415547,0.07549631461702934,0.1672562349294709,78,English,sad
All I Want (Version 9),Kodaline,0.3714222131576544,0.35643444143286385,75.58264583273244,0.3101273057802886,-28.6788938435568,0.8835409413898421,0.180029950965363,0.08212275613870766,0.13882099355923067,83,English,sad
Everybody Hurts (Version 9),R.E.M.,0.2730046920464801,0.36489286333183724,95.76611552645679,0.20725729184476835,-23.686630376718682,0.37515073865772475,0.3277549859230563,0.02517362655363483,0.19942058388086475,69,English,sad
Black (Version 9),Pearl Jam,0.3478783539406536,0.45633285931585343,82.45188801849808,0.2837214752852295,-28.460616339839653,0.7024590152658214,0.41062971018642275,0.05180515709861269,0.15532522040834118,65,English,sad
Someone Like You (Version 10),Adele,0.33553573470610815,0.45084818706491525,72.1589990132113,0.32022825381654574,-26.15013698728346,0.36112725848373395,0.4555602506959788,0.1266659755501742,0.2400087254507935,40,English,sad
The Night We Met (Version 10),Lord Huron,0.019506527525256168,0.43749151708410305,81.90220379526919,0.23695804931834386,-19.07047277949247,0.3548119456341335,0.3783232746761994,0.09571655999547847,0.09664752421829188,16,English,sad
Skinny Love (Version 10),Bon Iver,0.07529287990761824,0.1736994606290697,62.8501193775967,0.3351193797486739,-13.193036448229837,0.31049892839243315,0.024502322485636774,0.09446013596930296,0.2548739213465131,56,English,sad
Let Her Go (Version 10),Passenger,0.13069555622745344,0.23984575952308887,89.81732487483879,0.2096851556496588,-29.467832678446317,0.7411371108609577,0.31282495647072656,0.09549827987723569,0.2354210322479558,55,English,sad
Fix You (Version 10),Coldplay,0.270092335024815,0.18235279527132847,77.62405234716755,0.15044405667145,-27.40285973164238,0.7057174478139236,0.4293000534912491,0.14515523590194807,0.2070867793873611,45,English,sad
Liability (Version 10),Lorde,0.0736405293443828,0.14226013817957228,100.6425485768379,0.3315025905439997,-17.634299579725603,0.7688772532528256,0.3516386138662258,0.12847957287129255,0.06405347636496962,40,Korean,sad
Hurt (Version 10),Johnny Cash,0.2990082546986019,0.4403411029288382,74.30675212291571,0.35617890959730114,-23.716758723260558,0.8747826398894725,0.01671178621775188,0.09537306969828416,0.09162588676237877,88,English,sad
The Sound of Silence (Version 10),Simon & Garfunkel,0.28488808207086347,0.17035611336746484,71.76916309491787,0.29774832441830323,-11.703301000062439,0.42702862328878255,0.07212001055905176,0.11866698814102399,0.17515488308348276,62,Spanish,sad
Mad World (Version 10),Gary Jules,0.3647140449527086,0.15864582286393691,92.29639465115196,0.19315165846072602,-26.864791426967216,0.7100576490943624,0.2968423099543666,0.11812756958710306,0.1273656441115456,49,English,sad
Tears in Heaven (Version 10),Eric Clapton,0.179188662552876,0.26218867053216743,109.2044731983257,0.21689958269575516,-24.103655233064664,0.5127289252971645,0.28229704064516076,0.05280195675428688,0.2788224850948185,16,English,sad
Creep (Version 10),Radiohead,0.1062742259465054,0.45832629262407787,65.17375318232924,0.3626250809598609,-11.860289631235126,0.4012496630389377,0.4841634800496275,0.07887483685401653,0.2864287771102561,97,English,sad
Nothing Compares 2 U (Version 10),Sinead O'Connor,0.2707280174520188,0.22063474794942062,69.41512624585532,0.22149401849003977,-28.1396518147465,0.3863207798059979,0.05233022017324057,0.07498266068640251,0.24889459406439662,16,English,sad
All I Want (Version 10),Kodaline,0.05655342168653608,0.15212817326893435,92.17144747586653,0.17887319278722652,-28.04779923782017,0.4001091469233466,0.46186569793838805,0.1267912628609048,0.13851614058877354,79,Spanish,sad
Everybody Hurts (Version 10),R.E.M.,0.26232830693095716,0.31491026946721523,93.8562131741282,0.3730684609851037,-17.42531969880014,0.45966082112238515,0.019503210381409064,0.07922368165871414,0.27274347117267594,65,English,sad
Black (Version 10),Pearl Jam,0.22779890340743036,0.43295641668076323,109.5812171480614,0.1654464816553105,-16.164447217160355,0.7045761442200148,0.4899777236791392,0.14812809541386404,0.22166965293103236,12,Spanish,sad
Someone Like You (Version 11),Adele,0.09744591679287772,0.4194223352522396,65.3514567105519,0.41227972166865146,-11.79607751710607,0.5297000368610612,0.31531764749154023,0.07591855517258742,0.1594412637470321,80,English,sad
The Night We Met (Version 11),Lord Huron,0.12414835564324803,0.40485184818012987,106.80882820832525,0.4763003436937845,-26.504374302501322,0.8248461897939396,0.36871572071356107,0.05286886208973761,0.06682115323037864,73,English,sad
Skinny Love (Version 11),Bon Iver,0.1071989067537512,0.46488329471261025,91.65893374478861,0.3884218643591487,-24.856952977818082,0.7316328933448922,0.014060753138961879,0.0687917749504918,0.20668833713558282,13,English,sad
Let Her Go (Version 11),Passenger,0.058438626216528095,0.42920142977877396,71.75156494059593,0.3609124451273785,-21.896057148493405,0.6576261572865884,0.05372527631445406,0.022198663989808954,0.2773911068450753,26,English,sad
Fix You (Version 11),Coldplay,0.10785200350687313,0.4278708011121837,109.96751502361002,0.18457250319956447,-24.69658517633289,0.6977158725807995,0.4827243173003106,0.1390558652647967,0.17571888001639624,47,English,sad
Liability (Version 11),Lorde,0.3180441130106899,0.15429834123996045,108.87190921020061,0.48574129361439466,-26.725420842416582,0.47965387488186395,0.050077498753383465,0.05532328785676337,0.2539889473538017,52,English,sad
Hurt (Version 11),Johnny Cash,0.1513262428661038,0.13535878685870337,77.11127623894522,0.4925533336965121,-17.40632809481594,0.5496965678436947,0.083269256748635,0.1482029836468803,0.2552122523157822,12,English,sad
The Sound of Silence (Version 11),Simon & Garfunkel,0.11259092098036777,0.1280274782884758,62.831277868877905,0.14815125980221355,-18.384628327711567,,0.24837171400299224,0.12958291271930564,0.16147165496495197,45,English,sad
Mad World (Version 11),Gary Jules,0.2834334183071301,0.3927490949146003,68.69818529516694,0.24448642359032471,-17.253956869239524,0.3424179649106197,0.1807700938814783,0.08952393061655503,0.29905612326115966,88,English,sad
Tears in Heaven (Version 11),Eric Clapton,0.1898134250489763,0.4264227028457295,81.60336425333088,0.41855628904788356,-18.09170396759783,0.8319572649014391,0.20547127617505495,0.09855957457679226,0.20750467015470686,87,English,sad
Creep (Version 11),Radiohead,0.16695317672018933,0.15772481747499262,64.67797034561679,0.10666862023985324,-12.529314715095708,0.4418849473432167,0.10575337464088402,0.11568460205538852,0.13000402827184793,21,English,sad
Nothing Compares 2 U (Version 11),Sinead O'Connor,0.20241787696473465,0.16500442611898253,107.98728607309846,0.440632560006895,-12.724207540699936,0.5440642491432032,0.3811806068535864,0.03870390020067142,0.05215475064794507,28,English,sad
All I Want (Version 11),Kodaline,0.00798917303121125,0.3346406949618242,82.76974526239704,0.3072061395634079,-29.85073719165561,0.5536119717944554,0.3590340806004304,0.07755018125576667,0.23305480157805558,15,Spanish,sad
Everybody Hurts (Version 11),R.E.M.,0.09320758575873392,0.4252568017926902,89.42156202267262,0.1843052397719625,-25.265590482923344,0.6768182787417223,0.4149697966062217,0.07403161166379017,0.11457510728189806,21,Korean,sad
Black (Version 11),Pearl Jam,0.34680464276424017,0.36770731670033396,82.40427436415382,0.29516007811172074,-25.914870641272074,0.6760815780389064,0.17937125527144432,0.1494338729676654,0.17004587881547195,87,English,sad
Someone Like You (Version 12),Adele,0.1943542424758453,0.32634071496426875,105.83780015593734,0.4203272399439001,-20.977398604043174,0.7312195595836777,0.2931177493903808,0.08400771633116237,0.09807894319608763,76,English,sad
The Night We Met (Version 12),Lord Huron,0.18557450538195638,0.19832743480902987,105.74210749258273,0.23416272539853877,-10.954719709332554,0.6198331740568268,0.31577218933808016,0.09058225778361262,0.08234515424167523,82,English,sad
Skinny Love (Version 12),Bon Iver,0.1503284876031764,0.1396584449110496,91.14770220916908,0.2787496780801756,-14.440300568581264,0.4322822885996219,0.08228302921466746,0.07282319002528982,0.2816463458045953,80,English,sad
Let Her Go (Version 12),Passenger,0.28416872600496473,0.26756944991716747,85.86360848771552,0.13368520447083934,-10.308482072477737,0.6998443828169514,0.14270203423171124,0.09615509124798177,0.0773705915172485,94,English,sad
Fix You (Version 12),Coldplay,0.38633466752303347,0.16991399515334638,92.4015159027607,0.19818178501557218,-15.648772347029285,0.7660928203441687,0.3367098644557163,0.09988492983317504,0.2731172734880029,51,Spanish,sad
Liability (Version 12),Lorde,0.03145068439590322,0.2323659063120781,72.4143739815423,0.4952055848261686,-22.21220440666253,0.7395676195442393,0.3423625819405023,0.0475705608720591,0.10974942005288783,83,English,sad
Hurt (Version 12),Johnny Cash,0.11251382542121365,0.2644509113037517,71.71625328252634,0.10786059309873913,-12.41213886385609,0.8793658988285304,0.17078519351578397,0.06400589432531148,0.05177295319359275,26,English,sad
The Sound of Silence (Version 12),Simon & Garfunkel,0.27210027533214964,0.43017595829945154,67.33041501800015,0.1638665397468603,-14.198335000571245,0.6697744490124868,0.022430278813858506,0.10093110876009663,0.1272294307109415,97,Spanish,sad
Mad World (Version 12),Gary Jules,0.14749006218833838,0.4078925673187521,100.54675963363053,0.26014265073593223,-11.056941279872905,0.5438776307712434,0.38591801761505495,0.08290404439335368,0.274383081630521,83,English,sad
Tears in Heaven (Version 12),Eric Clapton,0.36310449746007145,0.13496672314843355,106.82466656551128,0.4302139366081663,-14.173785713746662,0.4205468038113135,0.40255960437733246,0.1305172555090548,0.12228758361353774,52,English,sad
Creep (Version 12),Radiohead,0.3809040313449295,0.11994405855966571,67.49546266235699,0.31503245522060574,-18.484150577553805,0.6870900499805421,0.008484564657733229,0.14484768070087695,0.061147023183536,84,English,sad
Nothing Compares 2 U (Version 12),Sinead O'Connor,0.05722478108936096,0.1056058070104228,88.34292166470473,0.47290675356838896,-16.681056678390718,0.7935944810882565,0.006640601729290041,0.09046198880236439,0.16489074437638046,86,English,sad
All I Want (Version 12),Kodaline,0.19958717768831724,0.1288852741340752,94.22176805346538,0.30128816594345376,-14.69702300277472,0.5911743804370293,0.07469081811321604,0.10427340403011687,0.09309659052629156,27,English,sad
Everybody Hurts (Version 12),R.E.M.,0.348957825341926,0.3452464956276966,67.86019417784772,0.4849352229924827,-19.632690733293586,0.343739071122993,0.3134164522075336,0.05291585791166534,0.2509233629693256,35,English,sad
Black (Version 12),Pearl Jam,0.32712882942647625,0.4915789423418647,85.0934765512252,0.2819827518910949,-14.930487891070388,0.3794823938051559,0.2734577568965621,0.09101218801701062,0.07236828070259681,14,English,sad
Someone Like You (Version 13),Adele,0.16719363420276545,0.4413139194268808,102.80768109973302,0.1396950659678724,-28.185582345043382,0.45761728620116116,0.43738303127699674,0.03675733605955486,0.22999920065686158,83,English,sad
The Night We Met (Version 13),Lord Huron,0.04046624784524129,0.3492551414991302,77.80336495595724,0.4155655851863468,-25.326191023492726,0.683521097633976,0.11784126728794247,0.11277583680458,0.2684195086401872,31,English,sad
Skinny Love (Version 13),Bon Iver,0.050720719650704016,0.44663827543820145,89.6787627207149,0.1508441963468096,-21.44916289280576,0.3965161760910587,0.35017394443328476,0.11865285747433346,0.07644913006819974,56,Spanish,sad
Let Her Go (Version 13),Passenger,0.20245594107785775,0.42585002241036685,106.80815207754983,0.305407146696708,-10.99441552777186,0.6214133822736179,0.19709524729995398,0.13026640671187642,0.17324567761452225,50,Spanish,sad
Fix You (Version 13),Coldplay,0.18876100422580921,0.29612499576393136,102.33925009348727,0.4327766166752208,-21.92960015119578,0.49997991592231505,0.24596401201956464,0.09446042626582418,0.10958430265699924,65,English,sad
Liability (Version 13),Lorde,0.3175820338862363,0.2945931062929692,76.70227742099797,0.14272839718559627,-25.223096791927862,0.8695687030535904,0.1525498434097633,0.04195170761771459,0.16516819791374832,24,English,sad
Hurt (Version 13),Johnny Cash,0.12283509734409948,0.11406370010847766,76.15726086397086,0.31764344957578744,-18.96575255960066,0.5139353527061332,0.22365137812630032,0.14551732937051962,0.14433711930757792,45,English,sad
The Sound of Silence (Version 13),Simon & Garfunkel,0.10329072530399319,0.19738681762670407,82.88823063520671,0.40380805948677767,-25.880236316230537,0.7255776762844609,0.010574911674708143,0.07446128713791299,0.24396626630069673,62,English,sad
Mad World (Version 13),Gary Jules,0.13549318230977256,0.3254948405781598,70.24896164129554,0.3967981564504689,-28.954417934624807,0.8115255869253002,0.09909819321083407,0.133671744122083,0.13813231032512935,25,English,sad
Tears in Heaven (Version 13),Eric Clapton,0.28907342978979467,0.2276901191144754,105.29558356173237,0.15065485020734976,-26.429604214548025,0.5958180750952814,0.040969219519073063,0.04547742401122905,0.2859415955530036,61,English,sad
Creep (Version 13),Radiohead,0.3905958644591549,0.2505037317321688,106.16430105069679,0.3179298702693727,-24.60515068252466,0.7214392326483592,0.3294509032874286,0.14858629148413532,0.11626182185232083,56,English,sad
Nothing Compares 2 U (Version 13),Sinead O'Connor,0.26882380106469417,0.12080950201177876,65.68230193483598,0.10156734998043732,-10.010786378806536,0.7813642182884868,0.3933615073667704,0.08626438978746337,0.12501677072635997,69,French,sad
All I Want (Version 13),Kodaline,0.06050571378507037,0.21386989553858549,78.79856109645695,0.4025240387921176,-19.20676422193695,0.3464901759332896,0.00901450447945612,0.03330318333942821,0.15262467842434485,33,English,sad
Everybody Hurts (Version 13),R.E.M.,0.3732771668196073,0.3549609924836886,100.09129499377576,0.2865498378018194,-22.766678336099144,0.3650402236299736,0.4379665110931025,0.12181080377362738,0.09202952439943128,97,English,sad
Black (Version 13),Pearl Jam,0.20490422555050422,0.294949923168498,91.25457763432644,0.4784747575965045,-18.404571164750408,0.6241303600671713,0.025161466467331972,0.02817797188234311,0.09683669783169722,63,English,sad
Someone Like You (Version 14),Adele,0.012988308676699312,0.397341158228005,96.16651519969815,0.15442249377265718,-13.278421984094383,0.3928716209076672,0.1505877934986794,0.05236699689097746,0.14307677464326196,64,English,sad
The Night We Met (Version 14),Lord Huron,0.10186550635598475,0.29558037057538084,80.37039406773427,0.4946277963117306,-28.881472997435488,0.385308825832411,0.026412946954301242,0.10135935534770886,0.0636273193534299,96,English,sad
Skinny Love (Version 14),Bon Iver,0.33457589495044937,0.30477545227277114,86.35038122907669,0.32463780308487766,-26.583725873875785,0.41861418186869254,0.15940866143650234,0.09715453405684069,0.10252944398505363,80,English,sad
Let Her Go (Version 14),Passenger,0.0465326908533045,0.4880467545673729,61.099090740481145,0.42107896213440865,-14.239297008499559,0.4783284683070576,0.0678133080036567,0.038931724071705046,0.22435790430929814,63,English,sad
Fix You (Version 14),Coldplay,0.2571226364344695,0.41309826970055474,106.87405861995524,0.3767709453066368,-26.88296926897113,0.4460655700592464,0.4210968654365573,0.047209789858447114,0.06813057923862036,87,Korean,sad
Liability (Version 14),Lorde,0.2813120216169002,0.2610105421960568,106.00200262729518,0.36010202843746464,-28.191620444166784,0.8687139403521966,0.12927863182012295,0.06383762375281715,0.15056510342088553,54,Korean,sad
Hurt (Version 14),Johnny Cash,0.020489718561725302,0.29860616889224195,66.16592455376461,0.2603881306753407,-22.985804240158316,0.763704050055902,0.40158525581636556,0.03994367471058144,0.14163779684480654,62,English,sad
The Sound of Silence (Version 14),Simon & Garfunkel,0.14934126441273268,0.16056417757443403,99.92267525255953,0.3828913313341693,-26.192364274059305,0.5200331451562794,0.05290251242825711,0.10166685762209572,0.08034298113715492,50,English,sad
Mad World (Version 14),Gary Jules,0.39437366744996716,0.4122728298751449,79.51192747919976,0.3314255729117418,-11.773163675671825,0.6324595682374957,0.08724924319897759,0.06923143622555071,0.26078621625743637,10,English,sad
Tears in Heaven (Version 14),Eric Clapton,0.2576852063958472,0.3602897537335201,103.34107428442445,0.45758922298500193,-11.604148564411275,0.3569095159518937,0.27206300098155045,0.11626623775838142,0.23923171128175347,55,English,sad
Creep (Version 14),Radiohead,0.24268648078800156,0.16671493407346966,99.8710276970832,0.38804453340597833,-28.277284569019272,0.5782858948046258,0.08698869976090179,0.06387201594268635,0.05452027305142136,50,Korean,sad
Nothing Compares 2 U (Version 14),Sinead O'Connor,0.1601319473643033,0.31995076846248416,90.97912964135435,0.3653961380514841,-13.2741737379508,0.42927774436543803,0.06024091121923397,0.13069983234673033,0.08915320372316247,41,English,sad
All I Want (Version 14),Kodaline,0.38990403253447814,0.43701529175945486,85.04383029447996,0.49256856996881015,-28.052465417839915,0.481839456705061,0.3191122075203057,0.06550089290151324,0.282093137995198,22,English,sad
Everybody Hurts (Version 14),R.E.M.,0.026250435271127026,0.31976473282438583,89.54331336975572,0.36109124951088967,-24.88667553336371,0.5187398565119187,0.4218402648324888,0.04534255996612078,0.2567169617933405,79,English,sad
Black (Version 14),Pearl Jam,0.22506216916109698,0.4048750044776329,95.68036831317357,0.18300459815395162,-18.62374527132254,0.8206338916830556,0.21605811840096467,0.14565680012903118,0.1630537750254295,78,English,sad
Someone Like You (Version 15),Adele,0.05711425466715388,0.25577387203106927,107.58512031952685,0.2278883397359417,-12.638036802658743,0.828750409009134,0.17509326216598053,0.030823495546582175,0.23113947728970458,61,English,sad
The Night We Met (Version 15),Lord Huron,0.12460491960559442,0.41316944570302894,82.13274241302166,0.2941066969370486,-14.441811865029264,0.5294179986369767,0.22156367266145727,0.06890476094005088,0.14183512881931998,30,English,sad
Skinny Love (Version 15),Bon Iver,0.21037863076058377,0.42351977780046035,78.0884155961283,0.3097018882150947,-16.585453491147984,0.46166366778219303,0.13876140245119628,0.14134370651304912,0.23088364333277217,21,English,sad
Let Her Go (Version 15),Passenger,0.23087467048932356,0.35908802176824484,61.46497215517092,0.34724118622467876,-19.809822535515963,0.6274498078676614,0.17971191341540854,0.030591606702682447,0.09833480840301305,20,Korean,sad
Fix You (Version 15),Coldplay,0.3802978852850687,0.2634798249083736,83.3341577915432,0.1210839159413756,-29.248675409120388,0.7303088682280547,0.26904733206055564,0.08613177794811468,0.11078113260566717,37,English,sad
Liability (Version 15),Lorde,0.2979002926519689,0.16729463164339675,69.496737183051,0.28428486853931023,-24.27440275776118,0.44847778873988786,0.32261882227666583,0.1046263268784108,0.2561292674499823,27,English,sad
Hurt (Version 15),Johnny Cash,0.16708342678919036,0.1292340364104601,73.68331924607288,0.49200218527872674,-18.074828495345958,0.7258422508806122,0.003678914812707268,0.08736674518372772,0.05938216438295078,15,French,sad
The Sound of Silence (Version 15),Simon & Garfunkel,0.2276920848365792,0.4683083398544302,108.42095652502039,0.31622107015556966,-20.83590389495568,0.8670102565490965,0.33680491599834755,0.028436906339993233,0.16643139441687438,96,English,sad
Mad World (Version 15),Gary Jules,0.09609800738572156,0.2879217285794726,82.7732786003181,0.33285792112589685,-22.864590193014976,0.39856226967355685,0.25185971729497814,0.12792637496494907,0.2160030570169006,50,English,sad
Tears in Heaven (Version 15),Eric Clapton,0.13534714637008635,0.4742092091035429,105.61037856245912,0.18373935975363953,-29.211648297592742,0.7447852250104574,0.41380513067457664,0.14582239357367618,0.27245909852207767,67,English,sad
Creep (Version 15),Radiohead,0.24021390728256595,0.31202093568495237,61.39205256312931,0.19866257873791116,-20.807704965341472,0.6771023400501408,0.27862591665920533,0.11654267865861978,0.11994173272176022,34,English,sad
Nothing Compares 2 U (Version 15),Sinead O'Connor,0.22598104306098932,0.13525689735631685,80.68327617916034,0.4000643331818404,-16.13198293141912,0.8943856423033074,0.138945562993878,0.08476460889261729,0.13238260344349917,68,English,sad
All I Want (Version 15),Kodaline,0.1762412456236699,0.44278005194775527,94.21045375942433,0.4529764765390327,-25.929777833362273,0.8240166707048628,0.02988113708919221,0.13551790645682982,0.13226844486518197,26,English,sad
Everybody Hurts (Version 15),R.E.M.,0.1258350533656266,0.3048354306794656,107.03450938616159,0.11911254587256215,-22.955380498585093,0.8139431932100014,0.19802723871773337,0.04589039668761871,0.15619854533285293,60,French,sad
Black (Version 15),Pearl Jam,0.15422100059666774,0.4661664805866814,98.09671878715486,0.3020462222976026,-10.232588665568578,0.579166518765554,0.029118915410137614,0.054095661835948036,0.15901762005482817,20,Spanish,sad
Someone Like You (Version 16),Adele,0.06276104965844805,0.4790260505296172,98.34244489088866,0.20731488017110908,-18.183909329641683,0.7328694942657432,0.470639464453399,0.13461259539280337,0.17879805653455344,70,English,sad
The Night We Met (Version 16),Lord Huron,0.30986104791720703,0.324857901531034,87.635194502277,0.14589678333527678,-27.47724683967696,0.6177201690134745,0.1344307724895033,0.022734797319860924,0.23070980097505306,72,English,sad
Skinny Love (Version 16),Bon Iver,0.012994638676065984,0.3381107364416218,86.95968970636572,0.48752587623112176,-20.315737213047168,0.3381608618266784,0.27584398390323084,0.1293425021800932,0.29921232107036,95,English,sad
Let Her Go (Version 16),Passenger,0.17213726947562902,0.22811949699869702,105.33266484759994,0.17649685163044856,-17.69142169934147,0.5434286545085687,0.020541182477777642,0.06514750165974072,0.11630713062566865,67,English,sad
Fix You (Version 16),Coldplay,0.27443646157739476,0.47951619907676724,73.40235936893188,0.4245863756606727,-28.89280366123181,0.6228726060238879,0.03527503185494729,0.1414242888469831,0.24158782013934754,96,English,sad
Liability (Version 16),Lorde,0.26317996448183695,0.42955855264986575,92.37598977850816,0.48757775886971644,-15.72084104270457,0.8547951657493482,0.258565946005319,0.03521837368764215,0.1820444303557543,96,Korean,sad
Hurt (Version 16),Johnny Cash,0.050749131225237325,0.33699739167056203,84.12465302638314,0.3490301591331127,-29.79906037890337,0.41690429499321846,0.24566521595606544,0.14356546300658754,0.1459022600887896,34,Spanish,sad
The Sound of Silence (Version 16),Simon & Garfunkel,0.16974881042145387,0.3858784356026489,90.1896378643059,0.2195704600393333,-21.783672088651443,0.4306198793143395,0.48301072956510427,0.03698246960245677,0.14295919614160485,99,English,sad
Mad World (Version 16),Gary Jules,0.010335588888004477,0.18871179677341857,99.02355691900775,0.1804700929155518,-28.39873194942069,0.584671907906714,0.0049846173672592475,0.031019600075423315,0.2519064673907438,49,English,sad
Tears in Heaven (Version 16),Eric Clapton,0.3085893379438426,0.4660555281619584,102.72577179553747,0.37327022529592724,-28.953342853986744,0.7697091707919945,0.42275540542028023,0.12388067895035408,0.17711975882700653,36,English,sad
Creep (Version 16),Radiohead,0.09316073545979267,0.43813199027549066,96.35814048700692,0.49230446975554065,-26.88614804488134,0.43539874983123306,0.10589907494075135,0.12303016979077377,0.09672682411252954,29,English,sad
Nothing Compares 2 U (Version 16),Sinead O'Connor,0.02666393192932244,0.4994243226342515,61.24086057225746,0.43409762406354624,-22.692663168986943,0.8049692758546891,0.2773102456055725,0.13721205983322682,0.2815482466036567,49,English,sad
All I Want (Version 16),Kodaline,0.003639272512310399,0.13016487039711533,72.51793647854278,0.3677261665454007,-12.23455606976988,0.5759651707763778,0.3034865581371327,0.04450498086342295,0.2512417084704213,88,English,sad
Everybody Hurts (Version 16),R.E.M.,0.38693124454138794,0.207439573165839,84.74129758002732,0.13444644420254953,-18.81726687074063,0.6016700651080084,0.0722182420775388,0.07746860770534976,0.13352616302164083,17,English,sad
Black (Version 16),Pearl Jam,0.20873235012207575,0.3342617341715197,60.424778930360475,0.4044023931798222,-15.739714162765184,0.5197718317239133,0.02646796778440913,0.11814123017205655,0.2887937901195331,68,Korean,sad
Someone Like You (Version 17),Adele,0.09606063840880569,0.22940984549481516,69.19064447409075,0.33077444933793587,-26.9031721070509,0.5137163660768277,0.3485065069671315,0.0928150777912153,0.14661564108198383,10,English,sad
The Night We Met (Version 17),Lord Huron,0.16809984072301676,0.3248443530492918,60.29323639435807,0.13140394738144395,-12.374838644739768,0.34672739345477444,0.3534017981052526,0.13960496133417682,0.11767090107543278,93,Korean,sad
Skinny Love (Version 17),Bon Iver,0.14819657482380572,0.32756856233788656,104.08544848192923,0.47676223490416814,-15.20873503777464,0.35197185651281643,0.3345770777674254,0.07333948384344607,0.1676752498727654,74,Spanish,sad
Let Her Go (Version 17),Passenger,0.019659356138070818,0.17642485573854327,99.52568037668239,0.2815835332191439,-23.966755167377023,0.5304114443789749,0.4271997566628401,0.1173698722626444,0.1180788492952707,18,English,sad
Fix You (Version 17),Coldplay,0.04700073608494933,0.2007992886576287,106.03782255273669,0.3326355351399022,-19.330395825104343,0.6578361598154769,0.18301413287325763,0.12492391264153667,0.18082156232506247,30,English,sad
Liability (Version 17),Lorde,0.04669916110751822,0.1516260499316252,86.84295732513093,0.4746280872283357,-23.832957566476026,0.8217247013155311,0.38204779328943966,0.05221561757789789,0.059085187079060617,82,English,sad
Hurt (Version 17),Johnny Cash,0.0407389060569531,0.3913975735389761,69.98348690203234,0.24850836820215752,-19.9660166798715,0.7352809010700978,0.05661561162956269,0.07282763268607,0.17126822728567387,52,Korean,sad
The Sound of Silence (Version 17),Simon & Garfunkel,0.21633082558861588,0.4273442565580867,68.58390975216085,0.42313258073064897,-16.142431446066958,0.6335224885193756,0.34976393520128596,0.07356230606371533,0.08459939649203115,26,Korean,sad
Mad World (Version 17),Gary Jules,0.2663060961061469,0.3098689226742489,91.96874002713878,0.23519951241139603,-11.862668453203284,0.6524219211453461,,0.07847451879157573,0.23908901368590857,99,English,sad
Tears in Heaven (Version 17),Eric Clapton,0.317653824692909,0.2978388211055035,104.73737854156505,0.20706737487771903,-21.788026055234667,0.8391581463413822,0.44812835823578945,0.10914265994720852,0.26474513678055506,25,English,sad
Creep (Version 17),Radiohead,0.03550930678249307,0.4459979904831105,76.03099532751133,0.17133260497128655,-25.212603273159075,0.5507811048083322,0.1255960023022336,0.06167378618214488,0.08374462151791053,48,English,sad
Nothing Compares 2 U (Version 17),Sinead O'Connor,0.11847070622359941,0.32891352581680044,82.0926854045532,0.2386875044943645,-15.07095742285772,0.8361059828359909,0.3783946114511985,0.0631600912752983,0.2361105419593884,35,Korean,sad
All I Want (Version 17),Kodaline,0.060792072989620485,0.15212719523651638,77.28135185180795,0.4230809476176228,-25.073035055153962,0.33795204533920775,0.06585476760317754,0.13163684590884542,0.20844582118682192,23,English,sad
Everybody Hurts (Version 17),R.E.M.,0.10128046534799068,0.32211833013127256,86.37898112126751,0.3621743913762645,-25.336248911567672,0.8186417923166387,0.15468428104000642,0.1102371150169108,0.054031161593053725,10,English,sad
Black (Version 17),Pearl Jam,0.1490628519576589,0.24068392718352333,87.17422142915072,0.1290945047108786,-14.197372525477833,0.4306684810605411,0.3385189074410051,0.12441757602173212,0.19046923906037827,92,English,sad
Someone Like You (Version 18),Adele,0.2963532826887942,0.3647441248860023,77.77648985760038,0.4235434156134261,-24.10597260228944,0.6427277506509104,0.37269886957076975,0.06926426827562598,0.12569190190435625,26,English,sad
The Night We Met (Version 18),Lord Huron,0.1837384040691291,0.42718539773966147,106.49608815728324,0.3180333651439561,-16.770675893526963,0.8419641733433485,,0.05017021512260146,0.2272250015628956,74,English,sad
Skinny Love (Version 18),Bon Iver,0.32949778476491987,0.44281161133223124,80.75535884274663,0.13573596091674675,-21.2443704540076,0.4384407541242323,0.14559822749831208,0.12039478238887576,0.06888177150647172,38,English,sad
Let Her Go (Version 18),Passenger,0.3310324869922809,0.27106763432966763,89.80319655502976,0.1358608924942716,-23.252818432854408,0.35382055140890745,0.4807718614405548,0.12494401441241257,0.16490818858911505,96,Korean,sad
Fix You (Version 18),Coldplay,0.08944101932946845,0.47338204209994095,77.22982978634859,0.16439377267494992,-18.7367122309209,0.8662644722068897,0.0019151452501612876,0.050956229623019836,0.2846119101026019,51,Spanish,sad
Liability (Version 18),Lorde,0.06843438674286483,0.14529738065592795,88.50936078999023,0.444737529317932,-20.457803646121477,0.8967385540107149,0.3395858497689964,0.029629737937358208,0.29820803292049386,50,English,sad
Hurt (Version 18),Johnny Cash,0.1631576947120762,0.21496101353819302,87.89395917889428,0.22172303672834573,-28.270849857596954,0.300857005847506,0.22479167646013115,0.128792244889457,0.19307879640751913,24,English,sad
The Sound of Silence (Version 18),Simon & Garfunkel,0.39968291957737634,0.21473865825888,74.02275323800276,0.1638997840935777,-26.718728234693295,0.4711119576060287,0.39642002263676357,0.13774838278273824,0.2937717924269203,58,English,sad
Mad World (Version 18),Gary Jules,0.09291586163858107,0.4525190182456367,76.41275446386686,0.1451362178067538,-12.599501489596687,0.6816633807861712,0.08236544804053086,0.07587806347669034,0.12181442371926691,49,Spanish,sad
Tears in Heaven (Version 18),Eric Clapton,0.2947178274840788,0.2813664922497072,109.46399725531924,0.12189799290383806,-22.899694677275065,0.5891401002659864,0.2515667773741599,0.06107165691013278,0.232310062274392,71,English,sad
Creep (Version 18),Radiohead,0.3498988293955899,0.4754877207911452,100.25466883997632,0.4402320789226398,-18.98909398760009,0.7955329358560888,0.1517519545739761,0.07180223907419787,0.12922825345463607,91,English,sad
Nothing Compares 2 U (Version 18),Sinead O'Connor,0.1869549341791702,0.21423184649545457,108.08057211272234,0.22513785120226726,-28.039109237781204,0.6160902996302481,0.028549539222588183,0.03437061162011547,0.10484734729906157,60,Spanish,sad
All I Want (Version 18),Kodaline,0.18574009995285667,0.2733003729236112,99.98459310013956,0.3957898615536454,-21.473634120185974,0.500222524545378,0.1582343920307493,0.12061936134822118,0.06301810155531744,58,English,sad
Everybody Hurts (Version 18),R.E.M.,0.0051286598042423305,0.4182177567706592,83.85731879945246,0.1523524554214304,-25.288681308109975,0.8595023718584296,0.429751487812449,0.11227205652911644,0.17055630758433166,22,French,sad
Black (Version 18),Pearl Jam,0.2081294504765543,0.49009781411358344,108.28852219421435,0.18610761831433373,-13.777908673893638,0.41834559970021007,0.1067687389419757,0.10789209444139498,0.15125027464688712,52,French,sad
Someone Like You (Version 19),Adele,0.3726177628426081,0.13560389395840355,85.57628204047465,0.4674086121772485,-11.917726790409898,0.39391752804944474,0.18331885004822823,0.10048578200607051,0.08984872119285055,62,English,sad
The Night We Met (Version 19),Lord Huron,0.3872088688182955,0.4658997314910641,68.34750895172346,0.1484621845043942,-28.291830343834693,0.8456661984219787,0.0968119048977304,0.07411704071076612,0.16221284141300074,82,English,sad
Skinny Love (Version 19),Bon Iver,0.23960441768542703,0.12869413749897,71.3379308700258,0.47259615476757044,-11.831797854628611,0.7687743884434154,0.009700622809107717,0.06251087990449328,0.20698968383572697,45,English,sad
Let Her Go (Version 19),Passenger,0.11007608470939029,0.4638346780215109,91.69447309162209,0.12876268692657825,-11.81988822328594,0.8746599949057337,0.038856209195862745,0.08920683053197094,0.1258410705535426,82,English,sad
Fix You (Version 19),Coldplay,0.15713563059256097,0.17186048718213676,88.90360510062062,0.4831917412995562,-19.93854799456782,0.3497487488366887,0.3100006667387042,0.06422898927866341,0.26398129739782444,44,English,sad
Liability (Version 19),Lorde,0.1738712593265881,0.17713584357689827,69.55528113455725,0.4075056722884641,-24.6882480338528,0.7603400364955338,0.10294365538329969,0.06181922793117023,0.16637174310992486,92,English,sad
Hurt (Version 19),Johnny Cash,0.3772783398773803,0.47269256990152986,70.34359377111439,0.24328761649722913,-27.012012230924555,0.6059910475880983,0.2302912753473333,0.13709882111859523,0.28250134444776814,68,English,sad
The Sound of Silence (Version 19),Simon & Garfunkel,0.15342695640291684,0.29669517720759575,104.81181245730666,0.4226831230980246,-29.926873773107015,0.4920357385101495,0.21088712096806295,0.04986311687882013,0.09989290397398469,46,English,sad
Mad World (Version 19),Gary Jules,0.015113802638271868,0.35734789002790424,73.12551452415828,0.12093887137252524,-25.380413789438727,0.7811483717016761,0.4257445908232733,0.08279861187512935,0.15401766760217156,16,English,sad
Tears in Heaven (Version 19),Eric Clapton,0.3911414774007127,0.18022586383522798,70.76796414273042,0.2167468708145599,-26.544853634378253,0.527619358922512,0.4554171134948769,0.09999521928171466,0.15298663715306593,79,Spanish,sad
Creep (Version 19),Radiohead,0.37376431782848596,0.11938569299032893,70.51380889509306,0.3263554420407036,-17.688947536136418,0.32373450393756786,0.2015193789535661,0.10439001542801346,0.2245176366008504,25,French,sad
Nothing Compares 2 U (Version 19),Sinead O'Connor,0.2552559610065077,0.22822528974436984,64.67600617989548,0.27084497856773365,-27.42491125263889,0.8685741951124004,0.23758543301131413,0.06124369266639279,0.24157601777972504,69,French,sad
All I Want (Version 19),Kodaline,0.19917943703290555,0.22401360960498004,100.59838711954009,0.4468608604004488,-16.53983667422646,0.3281786534446004,0.28316144008326605,0.11922833855964661,0.08412575302089555,53,English,sad
Everybody Hurts (Version 19),R.E.M.,0.09146830055384135,0.4529980420272546,61.0060860926537,0.40109085513039044,-20.524534149711542,0.5680632953037641,0.0035482662474435878,0.12652177002564408,0.13995622515914163,92,French,sad
Black (Version 19),Pearl Jam,0.21630625252021718,0.3709202745342638,95.1314788218958,0.482392023530429,-19.373200935267818,0.5398317305846565,0.47685181324585396,0.10347433055331776,0.12453758906913891,50,English,sad
Someone Like You (Version 20),Adele,0.050585698161428466,0.43702180058607254,78.10908013970757,0.36418788854577244,-20.58367161268204,0.419357867877023,0.30084330431023254,0.0278887989635887,0.15333561496779807,45,English,sad
The Night We Met (Version 20),Lord Huron,0.2186459758654684,0.2744187896474316,97.43360876254954,0.43116998181812505,-14.57513851933644,0.32328776868708126,0.0970643852229861,0.08975897620429067,0.2837055101109503,35,English,sad
Skinny Love (Version 20),Bon Iver,0.3339827100208468,0.4370138033407207,75.16040968798374,0.27177915883148107,-20.585881053681252,0.39442295000994626,0.015534065122228158,0.14309737692986718,0.11017814641587668,87,English,sad
Let Her Go (Version 20),Passenger,0.09597956148945253,0.13335162150750382,106.42538759718893,0.3318948459759088,-16.659262857492923,0.8469461323578316,0.17281008445039475,0.10079595044795094,0.05969986368222187,70,English,sad
Fix You (Version 20),Coldplay,0.07470901129245174,0.43249832203597705,98.33841781691679,0.24025707658285878,-22.463787444515752,0.6201326601321477,0.00012050234256727466,0.05136176368494362,0.10205795215205361,41,English,sad
Liability (Version 20),Lorde,0.10019317869990539,0.42236233701337655,73.98369282732216,0.17660852882005929,-19.91473078413937,0.8193870218236392,0.12067485191874994,0.030209711563063832,0.13910118396241616,34,Spanish,sad
Hurt (Version 20),Johnny Cash,0.29906072982599113,0.3202762178779178,100.83966847871737,0.48383685904369356,-14.14675046496766,0.6622818473062521,0.24667079402619024,0.02520898122527467,0.29608049470351033,89,English,sad
The Sound of Silence (Version 20),Simon & Garfunkel,0.15339244903001703,0.16089128556674673,93.33544276982283,0.21371531563818374,-18.284434581379045,0.6520607447067548,0.22286491045143458,0.12869542002085554,0.11624176538886076,51,English,sad
Mad World (Version 20),Gary Jules,0.17945303664709367,0.31507685143638864,93.18123603836497,0.4135887402022358,-22.10385434243488,0.6876281664579577,0.07530547653425956,0.1412442530705222,0.1457647016052509,88,Spanish,sad
Tears in Heaven (Version 20),Eric Clapton,0.2918085687905754,0.10813643275287106,70.25935714524034,0.2948330177294312,-12.43495064535307,0.6163530899704064,0.4649352411469395,0.08289359655576353,0.1726122741839875,56,English,sad
Creep (Version 20),Radiohead,0.04789871540021276,0.421062497660888,72.34827062335313,0.459844995748926,-11.783515593392078,0.8659860671244899,0.260115244551545,0.10802219202187377,0.2446289700154159,86,English,sad
Nothing Compares 2 U (Version 20),Sinead O'Connor,0.05240584746018624,0.3403828779989989,61.714895065165585,0.2990264333554904,-26.90314636759545,0.4097537555772508,0.18252378334630076,0.0762168316731454,0.2057931061330468,46,Korean,sad
All I Want (Version 20),Kodaline,0.02977136737540627,0.3014767044949779,69.13125651265506,0.3295900700126968,-17.25190775477633,0.6340255539317123,0.36914775523915383,0.06362920175131717,0.24127664790828274,76,English,sad
Everybody Hurts (Version 20),R.E.M.,0.17310683268327748,0.2936737993290387,92.40510636305356,0.10734335359968959,-16.920115571595034,0.6711510894432693,0.15492355837663996,0.031153257036933633,0.07273386247826029,57,English,sad
Black (Version 20),Pearl Jam,0.36928949879409145,0.37571172849033485,66.35513068853702,0.24268926772356256,-18.15034012196807,0.8013430230543892,0.021830464356504264,0.050762307091101154,0.272437247573845,56,English,sad
Someone Like You (Version 21),Adele,0.003666220073526594,0.18055964111755496,107.9512087986483,0.34536073860886846,-24.76657266724987,0.3401946566375086,0.014095670223611079,0.051816860352800545,0.27037145489722764,47,English,sad
The Night We Met (Version 21),Lord Huron,0.1663654617190038,0.3881333476663972,105.91425176899789,0.2632161846411266,-26.17445257925206,0.6102707585141518,0.4540418435299272,0.12456867383790109,0.06645746084078845,87,English,sad
Skinny Love (Version 21),Bon Iver,0.27702912003103275,0.3287590089835815,105.37315881732127,0.1489925667401189,-19.319277735906866,0.8276776161071355,0.2050118933708715,0.08265933930527272,0.06761516941673958,50,English,sad
Let Her Go (Version 21),Passenger,0.11125745617956434,0.22980265966757896,107.25612243724434,0.21306694421646363,-20.78262529460696,0.7027826541385679,0.0810916862039387,0.08323751032844369,0.23463475986897692,71,English,sad
Fix You (Version 21),Coldplay,0.34674208521082645,0.3505037098649707,93.4526757658474,0.1505133890338276,-11.084470055073055,0.3795444464906894,0.38733646859089915,0.05442612183118145,0.2833982859253129,67,French,sad
Liability (Version 21),Lorde,0.2879838157477918,0.40152548519134756,70.95295865299417,0.2772159906540643,-17.64373610821427,0.7619841709239605,0.05197968795619479,0.1451074911390887,0.272555167638639,47,Korean,sad
Hurt (Version 21),Johnny Cash,0.10813943619823374,0.42910409721293286,85.91619615199117,0.2847225926248075,-23.71131788377189,0.6485811519789555,0.3649445588517989,0.07342127764515857,0.20730479825207304,99,English,sad
The Sound of Silence (Version 21),Simon & Garfunkel,0.27972516846212153,0.3844487268061144,62.598304906559015,0.44389912227402684,-20.83493370469904,0.45744964901772867,0.1208822537398408,0.08279183466971357,0.2717078848672398,30,Korean,sad
Mad World (Version 21),Gary Jules,0.1513390326730588,0.3998902987134173,64.84093654936093,0.2904226808604247,-10.166277192145287,0.7622626816754022,0.1052642442203065,0.0851873915807284,0.10840619091214164,96,English,sad
Tears in Heaven (Version 21),Eric Clapton,0.1638243709050037,0.41203360949398593,98.56124076452019,0.19124015116095405,-11.555533636902798,0.6555409096588961,0.18996214548100726,0.08525162550151189,0.20126781335943594,11,English,sad
Creep (Version 21),Radiohead,0.22395621273831418,0.29456201421447126,85.24664020447,0.17056476417115446,-13.745341913906412,0.6250561919646093,0.06553993085235155,0.11960042320576114,0.2831109945943377,99,English,sad
Nothing Compares 2 U (Version 21),Sinead O'Connor,0.37892275969478484,0.24760709296446912,66.7758436780377,0.3073598506532261,-27.747815413015587,0.8603924511075705,0.091789813677573,0.052859561793651325,0.15165913172124262,55,Spanish,sad
All I Want (Version 21),Kodaline,0.15326578742365032,0.4178651569591556,82.81584102754812,0.16830730400133476,-24.65580209027852,0.6054680311125132,0.07372695871306745,0.09951523783398183,0.1914368266377865,11,English,sad
Everybody Hurts (Version 21),R.E.M.,0.2858809265529031,0.4750818461517471,105.61272805505779,0.4784302472275326,-25.10568805952598,0.37893918398361276,0.15113835024822425,0.1363610724596209,0.2930133686558721,34,French,sad
Black (Version 21),Pearl Jam,0.3437299804281904,0.14400708845101745,107.37139990298965,0.26934321094031444,-29.813794184752926,0.5654362444489163,0.023034584837733796,0.09070412975094529,0.13463850685926282,35,English,sad
Someone Like You (Version 22),Adele,0.18937397343761952,0.34526814429724684,103.44005479089101,0.3647606305887715,-21.319022630436386,0.7916567122022191,0.4527910687865661,0.03556879563618564,0.18298324438819785,70,English,sad
The Night We Met (Version 22),Lord Huron,0.11380478389697767,0.11882447915077897,93.42733475569926,0.4451083109836903,-26.741946910452118,0.7874481945743403,0.4266978667684708,0.13886425754664286,0.11632127227151311,13,English,sad
Skinny Love (Version 22),Bon Iver,0.3615812260759557,0.2282651018945729,87.61690067277515,0.12020298833291286,-29.122378232625127,0.7322239276393219,0.22223998898889552,0.05331800879799828,0.09760337400622755,36,Spanish,sad
Let Her Go (Version 22),Passenger,0.26798139634368723,0.10016061761013595,100.2945584598427,0.13169984245197153,-26.17020770183761,0.5317418371794538,0.2424293698580518,0.06614936505581244,0.13017804124607346,82,English,sad
Fix You (Version 22),Coldplay,0.3855664048292754,0.3566318724973577,61.17164776836941,0.2720703633777253,-12.499826005120596,0.4808737118464008,0.04727817238719412,0.11859002030668932,0.2015034579840203,64,English,sad
Liability (Version 22),Lorde,0.22812500313060158,0.12143062384296317,67.02495048977586,0.3490197584852455,-25.843523170823282,0.6024420478490546,0.27244084301469673,0.05685593473522213,0.2871062888853732,84,English,sad
Hurt (Version 22),Johnny Cash,0.3369856427342301,0.3889494030531194,63.899693320470455,0.14245200772360778,-20.144373082700888,0.3964280095145914,0.48913273176473704,0.04060763042356323,0.1718669588659935,34,English,sad
The Sound of Silence (Version 22),Simon & Garfunkel,0.14564842273660217,0.35575456858163923,66.45182044447125,0.2721265712169564,-24.505899343857127,0.832650914803013,0.020292856067347542,0.1387845742208397,0.2582485346382501,58,English,sad
Mad World (Version 22),Gary Jules,0.11902828657632619,0.4157162618708419,61.56067801693738,0.48674622011735746,-19.468101148204212,0.4819686156392672,0.18129160629733854,0.02863269594986466,0.2973373785105098,49,English,sad
Tears in Heaven (Version 22),Eric Clapton,0.015716778060276982,0.3619628492591437,82.13679638532292,0.479566487275486,-25.080005193864096,0.6192520943628068,0.24117810429137648,0.11137263772651318,0.06700255798810513,74,English,sad
Creep (Version 22),Radiohead,0.07751565200934195,0.18582592803713993,96.90753774208449,0.17565547853069605,-18.530164722180466,0.4291462923005722,0.4308124750419892,0.142484109083653,0.1796232437355601,27,English,sad
Nothing Compares 2 U (Version 22),Sinead O'Connor,0.14092355368367132,0.19362311000699967,62.48905007615219,0.20740003047899816,-16.915284401093643,0.6201701587855266,0.4720206391404637,0.07151604412392108,0.22346583558209865,30,English,sad
All I Want (Version 22),Kodaline,0.19572909899004856,0.30503048636968466,73.38871573020587,0.28198031073679986,-20.584300059745857,0.7239855130493604,0.4703199995930569,0.06281176607272555,0.060550117145324614,43,English,sad
Everybody Hurts (Version 22),R.E.M.,0.1985180502002559,0.31778453285966746,68.42202755659576,0.40418584251042666,-10.301417831170166,0.8674648302050767,0.09855301941182609,0.13379722118709889,0.22612340910292117,58,English,sad
Black (Version 22),Pearl Jam,0.18153862552276465,0.31624439772989166,102.4800087491229,0.2920539758553493,-22.53585261789746,0.5959484958155915,0.28956490201752455,0.04458009499118535,0.2752269325667477,24,French,sad
Someone Like You (Version 23),Adele,0.26967477953184554,0.35330756693499554,64.9748113090319,0.34166957526903674,-27.580786755230154,0.34721860511723945,0.26365544782119665,0.07236211942604436,0.1972025675390558,49,English,sad
The Night We Met (Version 23),Lord Huron,0.03568886722289544,0.2723932251389034,68.7393357522579,0.49484003436964663,-18.77699575129651,0.7124621165645204,0.1627091403413039,0.03231605892131474,0.29396771569588415,13,English,sad
Skinny Love (Version 23),Bon Iver,0.11450361415327329,0.26952327406942966,92.49319608512874,0.10987891907444453,-13.794817389654263,0.6219469140171723,0.13910859353441107,0.028009038088021004,0.09062460386861036,59,English,sad
Let Her Go (Version 23),Passenger,0.35801354354137477,0.3744096895743564,72.49508608184449,0.12624030597801184,-16.187693752267272,0.6434446355806591,0.2022597622291175,0.0672694883947083,0.10420356898227708,73,English,sad
Fix You (Version 23),Coldplay,0.2678445026150071,0.4882672111175482,68.7857622918413,0.33884664800620135,-21.516298885080474,0.568013233046799,0.1270736400639072,0.1272675338359845,0.17131390103681027,32,Spanish,sad
Liability (Version 23),Lorde,0.21736234087930564,0.2219043651189303,69.09042328334749,0.13436415528112822,-15.717617181501682,0.4177405690127134,0.34503767709439886,0.070748937986104,0.15394370024741288,95,English,sad
Hurt (Version 23),Johnny Cash,0.1876709984371087,0.2470834032510173,65.0309988611295,0.22385272400113831,-16.72531278612123,0.6994706408813226,0.14311215361999718,0.07981334145249944,0.09836180700298437,54,English,sad
The Sound of Silence (Version 23),Simon & Garfunkel,0.08414883261193432,0.10921883536264297,104.83732749538723,0.1842826660299625,-25.449322461270732,0.46776085958707914,0.0637040358477145,0.10310417481357717,0.06878573829439664,15,English,sad
Mad World (Version 23),Gary Jules,0.053680970530540106,0.3579026906360372,76.98303102407213,0.3831791306804756,-18.85150510659716,0.4536127038369079,0.32541397524466403,0.03511557843807449,0.1841025957700076,22,English,sad
Tears in Heaven (Version 23),Eric Clapton,0.17485924201801387,0.2071494331269763,90.200249886975,0.44853343693611303,-10.021906004738465,0.6646576612460547,0.20235293716458508,0.04927692302810621,0.11427402234877794,58,English,sad
Creep (Version 23),Radiohead,0.19178199125990628,0.24691108051228372,105.6907261312472,0.2473181870622838,-22.53110817709129,0.5301207074603862,0.41831010518382905,0.10460248171009724,0.20354221257972316,10,Spanish,sad
Nothing Compares 2 U (Version 23),Sinead O'Connor,0.13365720895354488,0.42716167073297584,61.918193067785054,0.4483188689352453,-19.74500200412141,0.5389501409180477,0.24858364035884284,0.10676401896939805,0.05319135662947434,25,English,sad
All I Want (Version 23),Kodaline,0.3486207425832991,0.27869581012455713,77.14832598500391,0.15529822625362286,-21.21069251283116,0.5977936627706273,0.2018233472467389,0.10822581219749662,0.15522413218980652,40,English,sad
Everybody Hurts (Version 23),R.E.M.,0.38456703113862933,0.33971100712943675,100.37389678259544,0.14374236124379156,-22.054174141081887,0.5021086208682917,0.2847411940682959,0.13194475760798532,0.06958455444050167,38,English,sad
Black (Version 23),Pearl Jam,0.029029919217884316,0.4401270832630396,70.64250430191787,0.36750130177992546,-19.142437352783897,0.7997361569323378,0.06254445491820176,0.03687178554393947,0.1892045900695769,30,English,sad
Someone Like You (Version 24),Adele,0.3785514613433484,0.2659991033483017,76.34710501273474,0.34267572927915435,-11.391027989099378,0.8021566997067742,0.49774180536660995,0.022933915816309023,0.07821453617819056,48,English,sad
The Night We Met (Version 24),Lord Huron,0.24378710534664882,0.42823057573353995,74.26221711533833,0.1956844352136875,-14.260484012375983,0.33382911231193896,0.18469132379129255,0.08575519893700287,0.19008716858758085,33,English,sad
Skinny Love (Version 24),Bon Iver,0.29144606271711077,0.2419382893722633,90.63421723373037,0.3341501691163825,-19.04767798692506,0.6842899758853274,0.12972458553403815,0.031004337966001768,0.07981791800993586,56,English,sad
Let Her Go (Version 24),Passenger,0.08983295306156043,0.3000791742091141,102.022137527301,0.3805173368353537,-14.219187915959058,0.5105853743556549,0.20232687082427508,0.07117864517877967,0.09796829610112538,96,English,sad
Fix You (Version 24),Coldplay,0.02448666325742881,0.33636643713089076,109.4608341710293,0.16673188198010513,-29.066303602014525,0.7677190090943598,0.1262930033423621,0.12785369469588068,0.22598416675862887,52,English,sad
Liability (Version 24),Lorde,0.37826941482032184,0.2635708943026688,93.0984919725317,0.2859419123253083,-17.38822605382913,0.5697593436046424,0.09431612321203742,0.08602666408043952,0.1821460503593606,93,Spanish,sad
Hurt (Version 24),Johnny Cash,0.32424153930406446,0.39420828231743255,93.1895811970722,0.14535483822102901,-15.5876741867257,0.6001830938127088,0.4470497680530796,0.13958322143697055,0.06378914765044637,39,English,sad
The Sound of Silence (Version 24),Simon & Garfunkel,0.3282566241417915,0.11507895616906826,78.35848128475114,0.31691999024843165,-27.03798402745745,0.7477882875414461,0.004177352086069286,0.041917876296424794,0.19519920746336894,33,English,sad
Mad World (Version 24),Gary Jules,0.28575502481491694,0.46665724107756645,95.27483259673119,0.3687117081019464,-22.113177072986716,0.3007706553160808,0.06007962936781097,0.08949209081828509,0.2187824714611049,76,English,sad
Tears in Heaven (Version 24),Eric Clapton,0.166979313558585,0.39227160461135613,86.09311476660893,0.1296704782377249,-26.15967498064102,0.8039989339463658,0.36245637331221975,0.13631905831162436,0.07938931228023414,16,English,sad
Creep (Version 24),Radiohead,0.39608901384602957,0.18376268557997344,60.5889938143321,0.49896917562142173,-24.378522291097738,0.700811671507536,0.0883411570881526,0.09542970918588843,0.27600874661363983,82,English,sad
Nothing Compares 2 U (Version 24),Sinead O'Connor,0.12807246697137545,0.3681015904177437,69.39517943992082,0.3499181594874901,-23.270992963649796,0.426724955152771,0.15659102535181757,0.043249338906013915,0.2754790269594707,69,English,sad
All I Want (Version 24),Kodaline,0.15887475452685154,0.19811172198974694,82.42039205079664,0.22821446672259824,-15.11161492373348,0.8827319471312967,0.2190168283488234,0.13193434199639126,0.19146576838990487,90,Spanish,sad
Everybody Hurts (Version 24),R.E.M.,0.0628942660376934,0.3762490968325366,85.67172485629101,0.3602426093008414,-12.2062517485667,0.5642607423936277,0.4505888116086778,0.11758697185661514,0.17215123146949618,57,English,sad
Black (Version 24),Pearl Jam,0.24128885426318547,0.2302324530076046,109.17986498693871,0.36694046522015844,-29.123062950067403,0.4959731434488053,0.31165721687952874,0.027323326113901175,0.055971047829785694,89,English,sad
Someone Like You (Version 25),Adele,0.18000969581112103,0.23307607187706803,81.9149304016583,0.20507732395200207,-26.70564506114038,,0.25728555813390025,0.04602004746241769,0.12989735656499957,38,Spanish,sad
The Night We Met (Version 25),Lord Huron,0.23672316306533037,0.12889173930899114,67.37265046330897,0.12929824164295606,-13.753653345717623,0.7514455399272055,0.37665646593962854,0.11312229465188366,0.21734635591746732,29,English,sad
Skinny Love (Version 25),Bon Iver,0.19079676615127,0.356911265402846,61.91807773939873,0.3485857690627139,-14.442445889262457,0.6002150162306341,0.17875666421361847,0.05606547552412729,0.21070051254052063,87,English,sad
Let Her Go (Version 25),Passenger,0.2771204794519635,0.44838703994501705,77.11670412304954,0.4079089229542342,-18.77288351621324,0.8297018944068475,0.2639060541478104,0.08729187769173574,0.19446927036022726,46,English,sad
Fix You (Version 25),Coldplay,0.2997261420569738,0.4858761915313844,63.67816771078828,0.12137384095640687,-11.248993251853229,0.6179253753109237,0.30745150728346804,0.08271506820731475,0.07341436315186863,42,English,sad
Liability (Version 25),Lorde,0.3072357513674666,0.39888985803543475,75.5851660746406,0.22249569809136016,-13.243172381889629,0.34341435464479597,0.4405525741782829,0.05336601968646888,0.19824618693887347,25,English,sad
Hurt (Version 25),Johnny Cash,0.37439767160071113,0.3712490006146586,80.72149062335183,0.37581368356216605,-23.120407273672598,0.4663550498095117,0.49834163896733985,0.1176027300533724,0.21117999434545442,32,English,sad
The Sound of Silence (Version 25),Simon & Garfunkel,0.14211585728772752,0.11966433166201927,61.55284380175778,0.32167250217951954,-14.759345579218978,0.6224275142663132,0.4203925359695573,0.024345449302118814,0.14168801910648504,44,Korean,sad
Mad World (Version 25),Gary Jules,0.09482815646967123,0.27890918726284886,63.618819659706126,0.48165265662842904,-25.534891978612784,0.8533846652901509,0.2129465775183409,0.14811813732317833,0.1885145958650527,45,English,sad
Tears in Heaven (Version 25),Eric Clapton,0.372333145670323,0.10213959547768914,97.41194030904501,0.46122026124100624,-27.20558866042092,0.3576755110392909,0.2122863035929778,0.14137825779728158,0.18559664004760967,18,English,sad
Creep (Version 25),Radiohead,0.21098258548869286,0.15645044731972876,60.03947555466094,0.42405603629818456,-28.248508740275234,0.6803098912411945,0.45730822725759573,0.047124748710596034,0.21631820905922772,63,English,sad
Nothing Compares 2 U (Version 25),Sinead O'Connor,0.03147943068300379,0.3415020575350452,68.19658604766013,0.39438142420607125,-23.975374104121837,0.5780346052827878,0.29971527101381085,0.04226554338661115,0.23540945465440521,48,English,sad
All I Want (Version 25),Kodaline,0.12105613625472583,0.36494874396510146,67.91415253496868,0.3752470636825401,-27.436238543790765,0.5552138977619903,0.12360303686943841,0.11728878242566373,0.11550875112671864,56,English,sad
Everybody Hurts (Version 25),R.E.M.,0.35268692255815853,0.45672808456264513,69.8220657611393,0.34553837800308973,-28.245647165600715,0.5349222597609775,0.35666086475063613,0.10572502209048912,0.20617516735165198,23,English,sad
Black (Version 25),Pearl Jam,0.11301634546497744,0.2512099797737608,65.14730723501431,0.3876091281734404,-19.92222406417453,0.7252593794073928,0.12447176239843638,0.06217696972255861,0.13355383431502865,21,English,sad
Someone Like You (Version 26),Adele,0.01029696389888648,0.23641914913224943,100.16522867590167,0.4589193982998955,-19.63563368728145,0.5733010171315323,0.015412309349685127,0.13429656388609976,0.05325255335646818,64,English,sad
The Night We Met (Version 26),Lord Huron,0.37790003208408474,0.2956864994752363,77.09672467873634,0.46968737393706406,-29.512180137798065,0.6488549369214522,0.2744662622496688,0.04851165215747967,0.15722185783755266,32,English,sad
Skinny Love (Version 26),Bon Iver,0.2609056023775081,0.39085247875277107,60.035842935328986,0.4747413720364061,-26.70949255214375,0.4401482605334155,0.13173672284692411,0.02491661775176459,0.08076303089758123,96,French,sad
Let Her Go (Version 26),Passenger,0.3945399691776648,0.22608669495091444,65.76505451695246,0.14279650446984934,-15.610800646600563,0.8127411984195845,0.12847614975423494,0.022718236603580546,0.10577250461133895,30,English,sad
Fix You (Version 26),Coldplay,0.022606276318702934,0.1413579746520166,81.57540599238212,0.19196734834465304,-19.681082429491532,0.45209625195431424,0.4702686505514738,0.1377727158304144,0.1917015262526165,28,English,sad
Liability (Version 26),Lorde,0.14176959679495446,0.25245875281389424,80.59261415722484,0.39103172885397763,-20.96722008962324,0.8140379679035386,0.4720473929651823,0.0636729999392614,0.19017362034392005,11,English,sad
Hurt (Version 26),Johnny Cash,0.038022614733025775,0.1801876191065436,80.673288335508,0.18248108636071156,-12.46879018422565,0.39497175363545883,0.22783041077654598,0.09874090125978384,0.2229659770402111,57,French,sad
The Sound of Silence (Version 26),Simon & Garfunkel,0.1532277478906027,0.4476396274898914,88.41595755389628,0.27580311217902076,-28.655187318959268,0.578813681067099,0.4103679204078651,0.09989033236877101,0.2580406134322796,24,Spanish,sad
Mad World (Version 26),Gary Jules,0.19760466823972225,0.14738468203779276,60.68199229179405,0.2212878186874365,-16.04019057004415,0.7741559423650164,0.1478764173101647,0.08443500971482214,0.15527972610852042,81,English,sad
Tears in Heaven (Version 26),Eric Clapton,0.16420911374057115,0.1925394852800602,66.81855525147292,0.17867542329248526,-28.893352256733078,0.41887844509414623,0.004600448812689728,0.10154359208267719,0.12909385184692074,45,English,sad
Creep (Version 26),Radiohead,0.3892578845707635,0.17748682031051916,77.2914285154797,0.2431364634566133,-29.830970078750788,0.8035247718236753,0.01599723007216236,0.14222337851480138,0.27301858777340515,32,English,sad
Nothing Compares 2 U (Version 26),Sinead O'Connor,0.21420876643438544,0.31743822996451687,92.68889614780781,0.25482000477395483,-17.055554332042888,0.3268610332130921,0.027023813674863284,0.07943995455054077,0.18740557527650875,60,English,sad
All I Want (Version 26),Kodaline,0.3551270561343276,0.14186425356315852,101.13239635969447,0.18401893491682786,-22.118327029799364,,0.2000776364326995,0.03956441474943612,0.17589251860088873,95,English,sad
Everybody Hurts (Version 26),R.E.M.,0.3206570359325469,0.2766136041515588,84.53067879490996,0.4395070341125257,-15.878837707239384,0.594272645111871,0.12884782409458984,0.13504047708984565,0.1942551004226396,97,English,sad
Black (Version 26),Pearl Jam,0.08845904404427736,0.20764790105520414,100.1566544468123,0.11765822483498219,-10.158156259423599,0.37821100782887507,0.3980342626984687,0.07132079118031878,0.17305404582186673,79,English,sad
Someone Like You (Version 27),Adele,0.35226023098583115,0.2651644758356853,86.87468768366173,0.11971986496366799,-29.953050522650937,0.4468799238010356,0.34029154645938364,0.03576443613668777,0.07844048970113736,22,French,sad
The Night We Met (Version 27),Lord Huron,0.16438424321436132,0.3591348154432906,95.60359961239652,0.17138026963934994,-28.40823705255915,0.8642382203673267,0.13033319128105086,0.1309350446891341,0.2658728626157046,37,English,sad
Skinny Love (Version 27),Bon Iver,0.3090090367050178,0.16753344266102804,101.09007296271002,0.4077002236966347,-18.065540197875656,0.5023212211013717,0.13125430213327205,0.03584559757044667,0.17743926672521787,60,English,sad
Let Her Go (Version 27),Passenger,0.2341043502039386,0.2437355962063149,83.76795338404342,0.24540578294770668,-17.179878853585976,0.8407555246779381,0.08196013102347244,0.06958314528740604,0.08521715098771533,54,English,sad
Fix You (Version 27),Coldplay,0.2499775081631328,0.3915482037954383,106.59563662987279,0.21154877050438597,-10.995775882691397,0.33795760309240486,0.3015069316822941,0.027427253514632897,0.2734435469404862,17,English,sad
Liability (Version 27),Lorde,0.21192362282802166,0.36773934030511846,101.57869629552263,0.16012424899358751,-29.228168761237324,0.8273286875477113,0.15746661372946624,0.036767258030531484,0.16711530927177165,90,English,sad
Hurt (Version 27),Johnny Cash,0.23932243027840752,0.11238824136900405,73.74478291285439,0.11311994971075841,-21.59329221609002,0.8370600174397467,0.4913262057467846,0.10281618195547158,0.09040942344614795,22,English,sad
The Sound of Silence (Version 27),Simon & Garfunkel,0.36233975599972235,0.3064991292800242,67.6874656051459,0.4686906677806646,-14.85061898553794,0.739023163633891,0.35459035189720234,0.0460441767425375,0.10275167292688152,49,English,sad
Mad World (Version 27),Gary Jules,0.275317199370902,0.18788910004415876,81.93358484015243,0.4128007302375766,-14.320949638043182,0.5719570635155158,0.39609496913762254,0.1290208335057474,0.21369393782106505,22,English,sad
Tears in Heaven (Version 27),Eric Clapton,0.09137034092336807,0.20960471215421903,75.74205777043677,0.14672164309358082,-24.536807592601097,,0.22766437490430108,0.13809688122339445,0.07612007918848952,21,English,sad
Eye of the Tiger,Survivor,0.758169179376994,0.777479307366149,163.6550317725809,0.946407186228576,-2.506796613167702,0.16827135426103973,0.16593904262421832,0.23732244924398094,0.06822912782359483,76,English,energetic
Lose Yourself,Eminem,0.373746709525347,0.7609211778760187,158.13663472306536,0.8805851952465934,-5.229871593696556,0.13092423870309258,0.2837257179213934,0.1882692356038522,0.21075888567656131,47,English,energetic
Jump,Van Halen,0.6462320050281266,0.8026796778369238,135.87116169864083,0.9467617901837064,-6.982540370939913,0.01446967676721147,0.35141229968286236,0.11149535844108169,0.3426336383330784,99,English,energetic
Sandstorm,Darude,0.49740343779733975,0.8174362812383413,148.34790804117574,0.6543698026068545,-4.714396795307655,0.1440832138184686,0.20461447769391672,0.2847626086323838,0.06884617722744898,13,English,energetic
Thunderstruck,AC/DC,0.6018409935792169,0.8752674366495155,194.41378902519918,0.5221213356296424,-3.412003320518272,0.17072598570559142,0.09677109124769463,0.2665989341014631,0.058569534173431324,97,Korean,energetic
Can't Hold Us,Macklemore,0.7394727774802379,0.9799339663505959,176.00383631480435,0.6975631597912015,-7.640951868218256,0.18402276266452577,0.18811848907662992,0.03782912097070596,0.36041948209794283,68,French,energetic
Till I Collapse,Eminem,0.589102352145755,0.7373035952327232,144.99902665171817,0.5290208062051308,-3.4056516823314116,0.12440589585040185,0.20229691934217775,0.25061757591070605,0.4374539695886061,29,Korean,energetic
Run the World,Beyoncé,0.669374638009876,0.7038269439122291,178.6660759023415,0.6880996476141582,-3.475540134188904,0.12981612040377688,0.14009464573083072,0.2776165963963845,0.11028869003740155,22,English,energetic
Power,Kanye West,0.7029070843686225,0.7013078739869741,194.72557737836266,0.5506268599571411,-7.240926158819403,0.06660152661044885,0.14942651441563223,0.08786101952717723,0.3133047474172061,20,English,energetic
Stronger,Kanye West,0.5657484588251782,0.7102526767123262,152.37564435787104,0.8646948111079267,-2.4823877211050513,0.1449741707159761,0.27924676963340944,0.11396271577341899,0.09484876493454915,80,English,energetic
Bangarang,Skrillex,0.4634803104198576,0.9495355900555478,198.63295584481497,0.7222311566337025,-7.922397160615662,0.028008962426845807,0.12883223012650633,0.18621804412009643,0.08379214061239129,98,English,energetic
Turn Down for What,DJ Snake,0.8660143792259289,0.8095251019853202,193.8808952547376,0.8512348112406598,-1.956501819875351,0.1213439159564464,0.25071352682073783,0.202260873508387,0.332924624161512,23,English,energetic
Radioactive,Imagine Dragons,0.6322369388390168,0.9959242055448667,181.26033971979874,0.8496258747766345,-1.0202974793306065,0.04312795254516984,0.033521663638024314,0.16038149788162165,0.28133631302867296,71,Spanish,energetic
Believer,Imagine Dragons,0.7975090679699507,0.8331350737847008,169.95971178810188,0.7371819223310563,-7.6943777299408715,0.1230429793193828,0.3312173143097009,0.07252514798046703,0.3174492802669681,51,English,energetic
Kickstart My Heart,Mötley Crüe,0.6561663266678487,0.7492554892169075,138.64245016115152,0.9410233743394181,-4.8502466427757,0.04548434574470586,0.06852981778174998,0.21025246266747347,0.32425038379727544,34,English,energetic
Eye of the Tiger (Version 2),Survivor,0.6861312737924505,0.7264018082534356,192.54742084489058,0.6751698785640717,-5.4930447485571365,0.09247228944954784,0.1560264262990513,0.2631657908475694,0.46816743883905143,98,English,energetic
Lose Yourself (Version 2),Eminem,0.48207192986976377,0.9591807422379864,184.7066190673147,0.9188634525551428,-6.033997502512897,0.11539183002419583,0.10981783389617786,0.25250551243078107,0.05239588575697892,89,English,energetic
Jump (Version 2),Van Halen,0.6388914977318377,0.8017610293815753,152.58785949544742,0.7902078457392125,-1.1881244054880487,0.12183907827866525,0.341269191458689,0.10144122020787809,0.2837758346442415,32,Korean,energetic
Sandstorm (Version 2),Darude,0.5703219234402457,0.7034934698509289,168.9768500198518,0.7976859458657787,-3.2646847646474395,0.1472559797566843,0.22853581138123086,0.04802256880970437,0.10240048583812014,53,English,energetic
Thunderstruck (Version 2),AC/DC,0.6578847465263715,0.782493757592092,135.57515903243362,0.693321234551846,-3.565419215330757,0.06574919766992131,0.2881734808903112,0.20381806418733606,0.1997682624912524,26,English,energetic
Can't Hold Us (Version 2),Macklemore,0.7529235173451364,0.8946085127599106,174.62117651025315,0.7490424653541806,-7.908882655291578,0.13930143669537784,0.1504167164436626,0.28450462174283697,0.4180931469847424,84,English,energetic
Till I Collapse (Version 2),Eminem,0.6526166817187874,0.7756545945457808,144.26021752943666,0.6531731769548971,-4.187456451359852,0.059213102007789425,0.20597179815699312,0.07465001488856021,0.48997076577147497,92,English,energetic
Run the World (Version 2),Beyoncé,0.3647547329789963,0.9795832418963116,193.95046079818866,0.7364122168187741,-2.200717825311325,0.08720965959451757,0.2520138310169753,0.12195550310370205,0.1855215589034504,20,English,energetic
Power (Version 2),Kanye West,0.6469378717017082,0.849438902255194,170.56754584049867,0.6289972615791604,-5.064337345464038,0.016779592125781864,0.02091054890888229,0.0984334250117144,0.08341108669874558,55,Korean,energetic
Stronger (Version 2),Kanye West,0.3622648251808444,0.9438785216181811,132.72115879116825,0.7965242572706341,-5.819538009476796,0.1743091361416253,0.19399691383099982,0.11250564401851296,0.28293752106024556,72,English,energetic
Bangarang (Version 2),Skrillex,0.5291748114271613,0.869290319400949,138.0173007828444,0.948645726265648,-4.59555297842626,0.06964612794147373,0.28408393932650594,0.12825283975373977,0.42497343726294096,88,Spanish,energetic
Turn Down for What (Version 2),DJ Snake,0.5725624346162552,0.9158675239796304,137.52172515093207,0.8807536334998003,-2.1142561057751212,0.04234335569239314,0.05811440389831466,0.11539893415591859,0.48923176371435695,11,Spanish,energetic
Radioactive (Version 2),Imagine Dragons,0.45409894474023516,0.83683816268399,132.10141580021354,0.6787523883048046,-3.429439876535178,0.19062492250159302,0.20669441797602578,0.2511589780679757,0.2962074391560053,37,English,energetic
Believer (Version 2),Imagine Dragons,0.32447100806131085,0.7945024825569322,170.28846554817721,0.9277672846690059,-1.1269571219901335,0.04567112283576953,0.08804393200766542,0.0843167011207532,0.4651245033361264,30,English,energetic
Kickstart My Heart (Version 2),Mötley Crüe,0.8115996918610324,0.9324650296758846,157.49145799569592,0.726971316934445,-4.285346041638777,0.05067962151187453,0.2020112184595068,0.038234067920243704,0.10931466807385662,48,English,energetic
Eye of the Tiger (Version 3),Survivor,0.8319537577013678,0.925503930109427,159.6007886341361,0.7327176630277448,-5.040008912320181,0.1481559734321345,0.31367487169283187,0.23608700135485297,0.3751752761755023,25,Spanish,energetic
Lose Yourself (Version 3),Eminem,0.4227026032156775,0.8013909937721436,162.88918044885725,0.648856846142445,-1.9604783987333683,0.06587070484999094,0.05529283471413487,0.13774092205304211,0.4909614947520711,99,Spanish,energetic
Jump (Version 3),Van Halen,0.43552884776014555,0.8836475976829687,160.30811348877944,0.531961055442197,-4.096987152015524,,0.20528799033112752,0.2654686372115769,0.1800216574959122,36,English,energetic
Sandstorm (Version 3),Darude,0.35174950278237893,0.9809696834974018,156.47374446697532,0.759382498154135,-1.6639749909584323,0.06486273277511612,0.2864658152710445,0.06656308945081357,0.1810821862424774,29,English,energetic
Thunderstruck (Version 3),AC/DC,0.38682638168191197,0.9433691675204073,145.58544646587498,0.8228315999323446,-0.4536128220347795,0.10555444181377541,0.21601167690427509,0.15447906338640927,0.19665056452713925,59,English,energetic
Can't Hold Us (Version 3),Macklemore,0.5853930185549503,0.8808422596800278,199.01941005194615,0.9219940516932008,-1.1027763336550258,,0.1871396733168172,0.20750996833791552,0.45278002532129635,73,English,energetic
Till I Collapse (Version 3),Eminem,0.5357704589948118,0.9885287435036406,159.1050243448428,0.770487199426947,-2.3215622938210245,0.19011840261518767,0.09784650962090642,0.23145536412443343,0.284367013764837,36,English,energetic
Run the World (Version 3),Beyoncé,0.4611342843723847,0.9329820519389171,168.65555961216927,0.7974382192923541,-5.416791451376792,0.09625479036552101,0.24694170039522684,0.1393259198528579,0.1392676429314656,71,English,energetic
Power (Version 3),Kanye West,0.8769842953891824,0.8534402620127852,181.37442592013903,0.6849712371002261,-5.158945887794269,0.08143285969342501,0.16367865751425992,0.17692863130432748,0.29456144149161345,29,English,energetic
Stronger (Version 3),Kanye West,0.598292289529723,0.7404357354752313,164.7252834950372,0.5760967551892932,-6.990913709633879,0.18652914346823357,0.2419800052590817,0.20806231569363776,0.2308071516500137,34,English,energetic
Bangarang (Version 3),Skrillex,0.8453885351489185,0.8913791468738996,183.8418908666511,0.6658531110624712,-0.3199049534469962,0.16409225803166302,0.3415793852058175,0.07649245220495365,0.17193344354204879,84,French,energetic
Turn Down for What (Version 3),DJ Snake,0.47137595981014624,0.7812727669740613,189.87857134730015,0.5143481578438664,-7.391200088153806,0.054782974125980745,0.07994918985977746,0.09260209574836906,0.409074435163985,29,English,energetic
Radioactive (Version 3),Imagine Dragons,0.6378759563352282,0.7017311983878903,160.05259359929366,0.6835482170826614,-7.088437844443652,0.13522835772029143,0.28083887535179647,0.2246411691440664,0.37781192550136644,76,English,energetic
Believer (Version 3),Imagine Dragons,0.3000316961593781,0.9861762411540167,186.9946136938264,0.9067917634651783,-7.874853637540527,0.1867717591571479,0.3239154114752419,0.25604916859884863,0.09197932312488583,45,English,energetic
Kickstart My Heart (Version 3),Mötley Crüe,0.7432668173511587,0.9879750068926273,177.49831389927124,0.7567526320810729,-0.4349625780080242,0.08858742434688721,0.23971742652419148,0.15861133924347887,0.4697807996121346,30,Spanish,energetic
Eye of the Tiger (Version 4),Survivor,0.34565083605930436,0.8503359102476045,178.08667089698068,0.8563579422900065,-3.3358508204469093,0.18178354882429082,0.3767965787535487,0.04736619026226755,0.2310667427936185,82,English,energetic
Lose Yourself (Version 4),Eminem,0.31407541303269265,0.7988249972123328,167.58077525794215,0.909857718729477,-1.2275654202767772,0.025499945334397145,0.037212149896358286,0.1891021814643001,0.2894530876064522,40,English,energetic
Jump (Version 4),Van Halen,0.4598265848580143,0.9698359253661506,194.91564866230874,0.6811751472530732,-0.877579543091838,0.07678977885259453,0.29472673273188005,0.15850439873788552,0.10516242042823234,16,Korean,energetic
Sandstorm (Version 4),Darude,0.8567605207422131,0.836228978013261,181.41409282256825,0.6652282164940815,-7.848952971390123,0.020106071738367183,0.19848779179596976,0.21629037642411786,0.2006308969606756,69,English,energetic
Thunderstruck (Version 4),AC/DC,0.7172930755065903,0.9095906768295868,179.27551351294815,0.7216348343092287,-0.6809107990279681,0.09783930359612313,0.18010607739865528,0.08383282113286929,0.1884447893103514,78,Spanish,energetic
Can't Hold Us (Version 4),Macklemore,0.325400695510982,0.8900605880848511,147.3975020748965,0.6368698645184593,-1.8334838266854305,0.06544423663229078,0.09687835680525687,0.07564559226610056,0.39868628098188014,82,English,energetic
Till I Collapse (Version 4),Eminem,0.37782375479401614,0.836126128075106,165.4851081254036,0.8093254607085716,-2.933732141336036,0.16214413458903498,0.01790057357049526,0.11003899569043725,0.1760603534489209,26,English,energetic
Run the World (Version 4),Beyoncé,0.38761014335526495,0.7867534761569329,151.68357199000323,0.7348480078673651,-2.6903641685899515,0.07622010272236282,0.2877880925253525,0.1207646414164866,0.18062765479164217,43,Korean,energetic
Power (Version 4),Kanye West,0.6247128335142147,0.7071149080917372,135.58523865438002,0.6880862946139372,-0.4566983088659482,0.14430235596868474,0.0352506278002231,0.2585058634508359,0.37953534677368145,69,Korean,energetic
Stronger (Version 4),Kanye West,0.666567915421592,0.9460878881827532,158.287689342007,0.5996754728842337,-3.9038128871299254,0.10976835111869476,0.21533054880396485,0.18256992369962843,0.47691721320763136,28,French,energetic
Bangarang (Version 4),Skrillex,0.8413473738577388,0.9627151109676818,186.0991767636039,0.9245426482693784,-7.212042866564774,0.053024652289147906,0.19802237826183397,0.2585643131433194,0.2773245701852296,38,Korean,energetic
Turn Down for What (Version 4),DJ Snake,0.7488208436049533,0.7416879715746748,147.6689669083592,0.8292992427669525,-6.682127928898208,0.07027118693098536,0.10594650312542858,0.1244626574400692,0.36874582208508666,24,English,energetic
Radioactive (Version 4),Imagine Dragons,0.5207083086856806,0.866578996782382,136.99523139380867,0.8622579619555825,-5.040890994815001,0.1297068318066685,0.29015584066473304,0.08660844897015911,0.4481037432290075,81,English,energetic
Believer (Version 4),Imagine Dragons,0.6697345509641718,0.8286175425254444,142.76346285047538,0.924035422055543,-1.959454366946999,0.041604912546649775,0.1350843098896898,0.24861204968377978,0.36305494844690256,52,Korean,energetic
Kickstart My Heart (Version 4),Mötley Crüe,0.7594705756294347,0.8323603306638797,180.15333838495167,0.6739221752887612,-6.3098966644944285,0.126535406968272,0.3904055702395177,0.113862262276739,0.25743631649564286,48,English,energetic
Eye of the Tiger (Version 5),Survivor,0.7044008226419122,0.8624518846367464,189.03994569963345,0.8427842179112821,-7.533622369101144,0.19968424678475483,0.30096098148778694,0.2632538953994106,0.3430389704429059,14,Spanish,energetic
Lose Yourself (Version 5),Eminem,0.8137710768280575,0.7337148924786128,154.34164848915208,0.8943894246220216,-6.386758309864862,0.015648419716004548,0.3152475759780876,0.25558126202369,0.12319349818545527,68,English,energetic
Jump (Version 5),Van Halen,0.8126075896696294,0.9060303386791508,166.40578782516087,0.8736125867516232,-4.646006005448274,0.03879879124467944,0.11394107064424547,0.166394284939195,0.28909885670292906,11,English,energetic
Sandstorm (Version 5),Darude,0.7833484958647403,0.9374058170957003,170.69565900432025,0.8513534675144643,-6.465812333650632,0.010012905418658869,0.34945352905388005,0.05039971331594778,0.1610097933847988,11,English,energetic
Thunderstruck (Version 5),AC/DC,0.7171913697746308,0.8228343812881928,191.34197789408563,0.6340909075980212,-7.905029226645126,0.060131128112148824,0.23123001967393267,0.1315033613588892,0.29069274009143986,65,English,energetic
Can't Hold Us (Version 5),Macklemore,0.8259588713010113,0.9737455162691105,148.61818452578785,0.7079632129714553,-3.6068478780683906,0.18982249137764942,0.3994469276657539,0.09355995718721219,0.37714094210561694,27,English,energetic
Till I Collapse (Version 5),Eminem,0.5268186373399171,0.7024324590658639,130.64767657051317,0.707254703403015,-4.093320695965323,0.004513939314688531,0.274770966709721,0.10938091492063734,0.30195189569117725,14,English,energetic
Run the World (Version 5),Beyoncé,0.4805514438992513,0.7501402944607921,158.50216170192127,0.6045230141557253,-3.7215921846466555,0.03976570605729599,0.20336239065785083,0.07249219901459425,0.35193861926860326,23,English,energetic
Power (Version 5),Kanye West,0.7523626106648544,0.7331182702749801,162.74616884261374,0.5318922652946931,-3.214540435663981,0.05288085958592908,0.21104978273548314,0.16971447253375863,0.4659594557872102,69,English,energetic
Stronger (Version 5),Kanye West,0.6294499335412338,0.8748995439154947,158.1157188035066,0.9270858214322675,-1.782512724483123,0.05708105806056832,0.33768383431049287,0.1467470172499743,0.4229002145901173,32,English,energetic
Bangarang (Version 5),Skrillex,0.7937328409761013,0.7566610560288562,179.07987919685038,0.630789336187939,-5.620058640058654,0.05926961537611615,0.2902272990239793,0.09205303128398475,0.0504076258607406,17,English,energetic
Turn Down for What (Version 5),DJ Snake,0.7291421120895799,0.7513554231505375,137.31376767154842,0.606882254267327,-4.960795821418368,0.09518126549464015,0.017828016285052328,0.2920547998093873,0.37222837403880116,95,English,energetic
Radioactive (Version 5),Imagine Dragons,0.4939164391946017,0.7956091771856192,161.39797845579216,0.7818101702433649,-6.829015467288258,0.03778596275299047,0.34377383313342036,0.0991888294500496,0.2210877490888299,33,English,energetic
Believer (Version 5),Imagine Dragons,0.8227631105700703,0.8989443488199468,153.9198315539182,0.8076647955760794,-7.84253427694869,0.14712853200227305,0.1948064162064958,0.24955917976680456,0.47958694340291075,64,English,energetic
Kickstart My Heart (Version 5),Mötley Crüe,0.855473129696741,0.9727795130366022,165.8518969153721,0.6620639513625222,-4.279717402154618,0.13797920066267216,0.3535991107484747,0.08588630181003229,0.46318692130776634,67,French,energetic
Eye of the Tiger (Version 6),Survivor,0.7891081391819335,0.9936568045534704,191.6176241297181,0.625971798361358,-7.1523527092476185,0.022448214398317724,0.11648932743131045,0.19582960547582562,0.41194414674372765,53,English,energetic
Lose Yourself (Version 6),Eminem,0.839550184188939,0.8871260153107698,130.39419189236375,0.5838425494333401,-7.202190369173056,0.07266489511380202,0.2005403974534984,0.04171723821621143,0.2068150891080449,36,English,energetic
Jump (Version 6),Van Halen,0.40750780477519355,0.8941210498776622,162.4990658527038,0.7228929411202589,-4.578465695732311,0.1912039420973134,0.0858940500486253,0.16949935015784606,0.38120781576440116,65,English,energetic
Sandstorm (Version 6),Darude,0.6341066478807376,0.9787062657150403,156.4577848948899,0.7086541125979301,-7.291821478282173,0.12179982221038571,0.11528478737924241,0.07328344066920359,0.29503908180702865,71,English,energetic
Thunderstruck (Version 6),AC/DC,0.6193861580279464,0.7227614923672142,178.8750817446131,0.7806974857928838,-6.487861738028022,0.09388697243080878,0.288129166591424,0.17294764994614467,0.22797008428260662,89,English,energetic
Can't Hold Us (Version 6),Macklemore,0.49340307484856616,0.8831181599932161,195.73760888171682,0.8022851782148674,-7.402032770909476,0.09213699469642676,0.35632965260425103,0.055504854966293454,0.4949940704618945,80,English,energetic
Till I Collapse (Version 6),Eminem,0.8694416361872528,0.7234823442189627,195.33893243146883,0.663409665616758,-1.2423266633930998,0.0836766675426543,0.17634204508100637,0.20124563456393652,0.3985148386741925,71,Korean,energetic
Run the World (Version 6),Beyoncé,0.32027349056894916,0.8779467986581403,143.07130958681597,0.6556772830384413,-5.216250670758268,0.09381206804423073,0.13365456475046936,0.0589875019816803,0.11553293233645315,44,Spanish,energetic
Power (Version 6),Kanye West,0.3200627913366586,0.8410747255986263,196.8113386397092,0.5520538506416525,-0.42988405597534385,0.14667230294641873,0.25499952117366526,0.204224993937362,0.42202744177832696,75,English,energetic
Stronger (Version 6),Kanye West,0.3641519186278928,0.8514262970696624,178.7963796782531,0.7640692002831037,-1.337767431813643,0.0144543418022703,0.2762804157996664,0.1741874872038738,0.22062238879097457,62,English,energetic
Bangarang (Version 6),Skrillex,0.5041649893404185,0.8862497898322579,192.36967622509854,0.7232791667455019,-1.4022146873846388,0.0804312763687935,0.04095778511727062,0.046606548843832404,0.07310046709565492,97,Spanish,energetic
Turn Down for What (Version 6),DJ Snake,0.528090085174602,0.8011713252507526,180.25559165357987,0.8342696757131896,-7.593168249330081,0.044224652577802996,0.10970474006355989,0.17785523571855855,0.11503185075812762,19,English,energetic
Radioactive (Version 6),Imagine Dragons,0.38036473164000023,0.9831366667623874,186.29420351084468,0.5812947059410266,-4.747457536756072,0.07112439985151311,0.3164016296261629,0.16775748744909297,0.10753238164706017,63,English,energetic
Believer (Version 6),Imagine Dragons,0.7433952378937464,0.8190663934674757,148.4046973342503,0.6689743799093241,-4.017947491144829,0.06862310328340189,0.09676230903670313,0.1375955477770747,0.05862780983745421,13,English,energetic
Kickstart My Heart (Version 6),Mötley Crüe,0.7634987076577884,0.7512834680702757,133.0733229541446,0.7941644118072856,-1.808510969410622,0.16276582631856865,0.19740367306424,0.08544940986629604,0.38175245476242203,44,English,energetic
Eye of the Tiger (Version 7),Survivor,0.7198278462926024,0.773881220230952,193.2385429103955,0.5469671561372731,-0.1384940832693946,0.17204956219549294,0.27515945819163007,0.2834624698355549,0.3750400257456685,82,Korean,energetic
Lose Yourself (Version 7),Eminem,0.4142741982180276,0.8326468414338435,135.00521170321448,0.6753458400296519,-2.0671758421023307,0.07728867018616348,0.13211767018725365,0.19074604507778423,0.44249203804950277,78,Spanish,energetic
Jump (Version 7),Van Halen,0.32854991552766744,0.8156411304099206,141.0768519270684,0.8129094128293413,-7.154203516550921,0.13296155171604893,0.11447234831916293,0.08370753970905068,0.4713586510212434,29,English,energetic
Sandstorm (Version 7),Darude,0.3111147460475735,0.8313331815668706,131.51388947232556,0.717616871646948,-3.9916209776446543,0.06433249427894941,0.052864711010009474,0.13162463518830836,0.3525183229696547,28,Spanish,energetic
Thunderstruck (Version 7),AC/DC,0.7694374851866755,0.8592251807164426,171.28840761078288,0.5902773670060937,-5.701357334178804,0.03237912201047168,0.09971814000184454,0.09071943066089358,0.28375195387605695,95,English,energetic
Can't Hold Us (Version 7),Macklemore,0.6376132534744376,0.9834842262464514,143.68994529710662,0.7887540695726731,-1.461925848099817,0.1120482927566105,0.10200146100043028,0.10088856210540006,0.06766387388194997,89,English,energetic
Till I Collapse (Version 7),Eminem,0.483266535929089,0.923381103701014,133.3262430044977,0.5986828771271738,-2.3501400117457445,0.15653031256457534,0.18212736402477137,0.2184800713892352,0.22457847589470142,44,English,energetic
Run the World (Version 7),Beyoncé,0.3959479470144765,0.8194448480568719,170.59774741422,0.9266239768338006,-7.449992383290581,0.10147881876899212,0.13156791128428977,0.16724415745470753,0.06078895131943926,16,English,energetic
Power (Version 7),Kanye West,0.4878152128209488,0.9459604442581016,168.77592136982463,0.7027621217672528,-5.715799426277283,0.059608504558271186,0.1532405734362338,0.2556040916904313,0.48524594306372076,72,English,energetic
Stronger (Version 7),Kanye West,0.5631932288102248,0.8180058516243285,189.2585543073904,0.6921073942863366,-3.5838546216347904,0.04618833291974889,0.2974010143116301,0.1736368459331111,0.41406554760815373,59,English,energetic
Bangarang (Version 7),Skrillex,0.7684396380172018,0.7645014304810085,180.09448853904337,0.8600244835781171,-5.231142073740839,0.03452182258045491,0.001052862231835272,0.15174398633515002,0.20859472919247873,34,English,energetic
Turn Down for What (Version 7),DJ Snake,0.6329459002952453,0.7564123277766357,190.17658833665325,0.6159898470326494,-6.1885631592988,0.09614281129687119,0.1995404094977097,0.08807301177197507,0.1723373270266621,52,English,energetic
Radioactive (Version 7),Imagine Dragons,0.40182314349314696,0.91553805349695,183.90623218778575,0.7080478238566772,-2.2873038185198604,0.1471870783874891,0.05531021107112344,0.29086806670532495,0.41946437619339394,83,English,energetic
Believer (Version 7),Imagine Dragons,0.4226900767174941,0.755849510723821,138.7962801905708,0.5622703531438633,-2.0147056077704306,0.09393085139032471,0.3131736690959469,0.2314888214745555,0.3220757210773497,64,French,energetic
Kickstart My Heart (Version 7),Mötley Crüe,0.7118199639472078,0.7055067173137425,151.82443527635155,0.7870199806667346,-7.925240372110046,0.006595388736518682,0.3407551929881533,0.2146867126568594,0.16941637990415478,87,French,energetic
Eye of the Tiger (Version 8),Survivor,0.7127777040712255,0.9377370007417789,151.4755998177071,0.5162168198746343,-0.537767002498124,0.0690359676591261,0.04259270531388255,0.1628013552761498,0.3958105080488602,34,English,energetic
Lose Yourself (Version 8),Eminem,0.43298838877053547,0.780847015040009,146.99004907590083,0.9462528737742552,-6.42077013015566,0.1151040433932248,0.3701058566627857,0.0696620735970004,0.4868843890404651,33,English,energetic
Jump (Version 8),Van Halen,0.8684863406373748,0.9653715961174787,145.01895649310015,0.7853247752049425,-1.9128682163100788,0.19720558563928595,0.07216952883254817,0.23682699287021006,0.20246052646720086,91,English,energetic
Sandstorm (Version 8),Darude,0.4053758793408014,0.8264130823641564,185.56851385040315,0.7091824116668235,-3.699815198375612,0.19903188204002425,0.15964371982297043,0.19615820377149476,0.21435989072691736,17,English,energetic
Thunderstruck (Version 8),AC/DC,0.535671387797223,0.9086922260336224,195.65208832664183,0.7440615277215445,-1.8528005684097613,0.017841311763392764,0.08446321497277079,0.16557554304827377,0.05900527563294866,24,English,energetic
Can't Hold Us (Version 8),Macklemore,0.4517129872575353,0.8552203869474898,131.04728387794106,0.6190458288017188,-3.887753444193044,0.11462984959624914,0.37030067722212223,0.20424331827766412,0.23663111113849722,76,French,energetic
Till I Collapse (Version 8),Eminem,0.8582107062798408,0.9354648950163382,144.00062447789233,0.5588790626069688,-2.5935069140581364,0.11197663311539677,0.3158694455171023,0.22947736352124537,0.33134519023588177,94,English,energetic
Run the World (Version 8),Beyoncé,0.8918293029773354,0.8600769190331226,137.9174029551204,0.8727231041671948,-5.985173101234328,0.15546042962878368,0.3828428384000206,0.21813478877037215,0.3182135724274105,37,English,energetic
Power (Version 8),Kanye West,0.5762317054050243,0.8093229597986209,154.71033256802855,0.7863677175693158,-1.9898150644980328,0.13570341389688287,0.0793640404774251,0.16337653863874263,0.40623803248237833,42,Korean,energetic
Stronger (Version 8),Kanye West,0.5854224469134337,0.8609869839206481,183.97952337195755,0.7975693878192911,-4.725240632940859,0.1790825422388438,0.06502682746539144,0.29878944111938766,0.10348366031430675,61,English,energetic
Bangarang (Version 8),Skrillex,0.30896998266254333,0.9670056703446295,147.14674558561694,0.8283648323510244,-1.5118770005434454,0.17179727820642338,0.3966376942656667,0.10939072171079975,0.3696095038672666,54,English,energetic
Turn Down for What (Version 8),DJ Snake,0.36923991496849695,0.8220427874070548,189.35801853188133,0.6654461207265987,-3.2712369557150875,0.10075468874492682,0.258380612444818,0.2926814851346776,0.07508098692563096,15,English,energetic
Radioactive (Version 8),Imagine Dragons,0.6443769105009779,0.9589086337750854,163.69678982238992,0.5353372336737078,-3.515685180665833,0.06641477816476409,0.06197671413517436,0.2592393185865377,0.28471978084600474,74,English,energetic
Believer (Version 8),Imagine Dragons,0.8599658474274401,0.9418049513809207,178.50802556415672,0.5022614765143903,-4.5774123468940004,0.03949725633040646,0.36431916441954715,0.07713767586261727,0.1787270232466785,74,Spanish,energetic
Kickstart My Heart (Version 8),Mötley Crüe,0.6101020606406995,0.7790090856994237,144.69052740953848,0.7695946962962386,-7.288563817959809,0.011633551744184945,0.14889811807442857,0.22457940271712284,0.2996630412232766,47,English,energetic
Eye of the Tiger (Version 9),Survivor,0.5537258810800674,0.8697254692673747,155.58160392572915,0.9212658509444507,-7.560760872713805,0.13467829580596705,0.3565130659311002,0.24704887135851844,0.13281846566965105,46,English,energetic
Lose Yourself (Version 9),Eminem,0.477555809388173,0.9151143816121314,135.89893914265357,0.8653377649246627,-2.2487444431616774,0.14592132984706851,0.040096548107036556,0.22379534710038235,0.3559181563489865,78,Korean,energetic
Jump (Version 9),Van Halen,0.7985534944931104,0.7124787868769408,131.61774679274546,0.6678531949453523,-6.809693729206777,0.11167689551404439,0.36693956060269955,0.13569952719018424,0.43022766977267185,41,English,energetic
Sandstorm (Version 9),Darude,0.3001445247107199,0.7505543930377552,132.129647775786,0.6476662312317809,-0.7344832344279775,0.01939042471979755,0.24256391069752015,0.15190390356224992,0.4723106955646156,24,English,energetic
Thunderstruck (Version 9),AC/DC,0.3735114855222563,0.7636083551506686,132.06793780280452,0.6952708623341182,-5.777336803482766,0.17398118677806418,0.24197632527910204,0.19580449925343946,0.2893598135965861,72,Korean,energetic
Can't Hold Us (Version 9),Macklemore,0.3551102023375206,0.8335056051176065,199.96536327959615,0.8758531808807066,-0.8523275666630727,0.1646452718492999,0.041216677372393075,0.0914110285974959,0.051404743110384336,45,English,energetic
Till I Collapse (Version 9),Eminem,0.48210607492686686,0.7325822207039477,163.0955341711108,0.8047073698582559,-1.0039576396953835,0.14984343301817965,0.3754342383114021,0.04455253840632298,0.05548092593744365,35,English,energetic
Run the World (Version 9),Beyoncé,0.6968028683017277,0.7868057230666738,147.74507112740412,0.6488991894622074,-5.841631536861087,0.10228728126031746,0.176059378889653,0.1683557088716972,0.35272112517519627,36,English,energetic
Power (Version 9),Kanye West,0.5322783053826889,0.775392306142647,141.63403757661217,0.6572633537896815,-2.0655481980306236,0.15134098202229393,0.26676215467368414,0.09318760733285614,0.31463881063461396,76,English,energetic
Stronger (Version 9),Kanye West,0.6424137969461088,0.8452798594329176,168.4985290468705,0.7213057846806505,-3.4763490714071343,0.14310119092422577,0.0438512777613759,0.23239895308023642,0.1111487675574174,58,Spanish,energetic
Bangarang (Version 9),Skrillex,0.3399767990462248,0.9928239058664403,196.9894238209309,0.5271964452232538,-4.453972468200303,0.03724898765995495,0.19413795885376725,0.2541478556098886,0.4777752986343006,33,English,energetic
Turn Down for What (Version 9),DJ Snake,0.6805515920709224,0.8061717001635451,172.2327895951219,0.6404005877488026,-0.7214108733435172,0.17408009262116741,0.22329270011186442,0.11769570715269735,0.18202535401234027,70,English,energetic
Radioactive (Version 9),Imagine Dragons,0.32005079682303567,0.9447462553075886,161.52682491273055,0.646309817780119,-4.231117160017969,0.16374759809093042,0.04984568308300848,0.2615671168252934,0.4538789757987593,50,English,energetic
Believer (Version 9),Imagine Dragons,0.868024749020333,0.8192463977267883,145.19982828263704,0.6681383683100143,-5.336703230148774,0.03523078250057201,0.2429066680405952,0.1586885233373298,0.43956544654580165,85,Spanish,energetic
Kickstart My Heart (Version 9),Mötley Crüe,0.31926574828923493,0.8931603782665378,183.40642149580927,0.8417689561347381,-0.9114082632357992,0.1458067485658988,0.37112402465907857,0.1198172819516407,0.2764442375381944,38,English,energetic
Eye of the Tiger (Version 10),Survivor,0.30844779796973437,0.7020872761909873,146.8088634316064,0.5453632387125884,-5.918309056513971,0.03540865890567948,0.011408009935459297,0.2755121195296334,0.05370040912500119,16,English,energetic
Lose Yourself (Version 10),Eminem,0.7416492866022513,0.7456443660758549,193.856073539972,0.9017581728154486,-2.7687908290459413,0.13444682996012103,0.0021356567878754174,0.29591532285067257,0.44502467160911646,62,English,energetic
Jump (Version 10),Van Halen,0.8370637354380552,0.8977733611152616,154.13508500581756,0.9021418920907163,-5.667864574790461,0.11254230866844057,0.03989238893755296,0.27892802013584256,0.11334670599704601,40,Spanish,energetic
Sandstorm (Version 10),Darude,0.43493808343824436,0.8674402474384645,183.4865100149087,0.7787080876713345,-6.142928697598751,0.00018860850549806685,0.3028602321229757,0.2960059779959954,0.41446090413774067,36,Spanish,energetic
Thunderstruck (Version 10),AC/DC,0.5761239708939692,0.9711301784197319,158.6893371182845,0.7362203379095604,-4.182961860834534,0.08952477453310499,0.31007630771756234,0.17222760496276285,0.19252270491134726,77,English,energetic
Can't Hold Us (Version 10),Macklemore,0.45489490059508697,0.7113241950902299,170.8236613318132,0.6034826369304653,-6.814928623868935,0.13076599276553555,0.2724837031286195,0.23308182090956983,0.2766096033523662,75,English,energetic
Till I Collapse (Version 10),Eminem,0.8364327631223321,0.9809028260194683,186.51596578547426,0.7860170669036842,-5.570232371270491,0.19658898432404426,0.10965446687677534,0.08471736893741638,0.24896935120396224,45,English,energetic
Run the World (Version 10),Beyoncé,0.3341043424274331,0.9935483394015372,171.19034894914972,0.7506284412488788,-2.753629760802241,0.09940472955544133,0.012825406837816633,0.19532404798690714,0.3722782446303938,56,Korean,energetic
Power (Version 10),Kanye West,0.5500494363744319,0.9271886716213579,145.89009095368945,0.5995744659797828,-6.708664098499408,0.07439895195783237,0.33880481415563346,0.2535362567802474,0.2222708935835767,67,English,energetic
Stronger (Version 10),Kanye West,0.653471241588142,0.9162448949424746,146.8844742239616,0.5756634886526362,-0.22323205430151205,0.1235114626419237,0.39256628873346555,0.12119411652570186,0.36636426498835917,71,English,energetic
Bangarang (Version 10),Skrillex,0.4335621819247426,0.7783600513821738,165.8331484888737,0.643828156478632,-6.659027489275324,0.052576140397865206,0.014299357786345857,0.2201943777989214,0.2714524956886377,63,English,energetic
Turn Down for What (Version 10),DJ Snake,0.3565458398427154,0.7515081979385473,137.1774176678851,0.7756667637241443,-7.24631709110005,0.15085646660704322,0.00820436772815647,0.09733146275889087,0.45080000415135824,56,Spanish,energetic
Radioactive (Version 10),Imagine Dragons,0.7311187908733476,0.7218904998777063,187.4788273139626,0.7218658046930921,-1.225735782649366,0.12014795489007868,0.2727332128131435,0.2982454213068412,0.15455099566580818,74,English,energetic
Believer (Version 10),Imagine Dragons,0.674367344856833,0.8380964170172195,132.7616367045884,0.5065117886762892,-7.046171377457131,0.12981834810770962,0.2268652351653569,0.1794259815142064,0.06433554313771704,23,Spanish,energetic
Kickstart My Heart (Version 10),Mötley Crüe,0.5815817978160043,0.9773868453527585,157.83143085174527,0.7812151114048054,-1.7614505950148516,0.15678505582837754,0.20771203295810856,0.2616470252586308,0.22612014201368613,94,English,energetic
Eye of the Tiger (Version 11),Survivor,0.8332159288708791,0.7720681499186636,149.61514848933996,0.5239042808895505,-1.635345307661737,0.08341104724654112,0.09164664556455962,0.09258337495647652,0.45562997355315493,53,English,energetic
Lose Yourself (Version 11),Eminem,0.8003499602766222,0.866059265607155,173.12775602910048,0.713446506747631,-4.866667656969529,0.1830953762436663,0.05024508140812083,0.14298063322338156,0.20505285859454392,77,English,energetic
Jump (Version 11),Van Halen,0.598890432150689,0.8372895623635526,166.3222672155757,0.5629635397521473,-3.8948679878937833,0.04848376277744218,0.07373253959527651,0.04750523907227163,0.3931936514402634,22,French,energetic
Sandstorm (Version 11),Darude,0.556465152513936,0.8879931049935275,180.93153403133203,0.805692499391099,-4.235994247282542,0.07757970579034597,0.1503839638562655,0.20281317517111522,0.27265745972384303,26,Spanish,energetic
Thunderstruck (Version 11),AC/DC,0.8094793487931065,0.9624105952980135,141.9392264604563,0.5613051431955766,-2.956792591712004,0.06024514961245589,0.007428287506039544,0.2699335207279979,0.15210534525971373,51,English,energetic
Can't Hold Us (Version 11),Macklemore,0.8575683910114855,0.9152303352634761,183.3857442938039,0.5906576731069222,-6.126444595065497,0.10425355076481316,0.06883994105994487,0.11246655702441871,0.19465811507651204,24,English,energetic
Till I Collapse (Version 11),Eminem,0.39577795995165843,0.7615548500185482,185.19862894057798,0.5752381345462707,-7.77234086524862,0.12587098852578768,0.39039324775698003,0.11942772994824277,0.10339506643831353,69,English,energetic
Run the World (Version 11),Beyoncé,0.6422323952205184,0.9719062633286939,184.88432458799352,0.7801321407857222,-5.479548027139205,0.108376034655244,0.03649793652170215,0.2133152645557809,0.3762932085039429,20,English,energetic
Power (Version 11),Kanye West,0.8790189737459513,0.7781192076235215,131.2919493330116,0.7455238089922178,-2.3456759648254843,0.15808149517659761,0.07749557320992424,0.1006732746399964,0.2806659163702834,16,English,energetic
Stronger (Version 11),Kanye West,0.4983604859820011,0.9581534459762335,163.16321076171042,0.8598103898459013,-3.35504191614117,0.15461802832342242,0.13306919461212954,0.254482487921184,0.1735575419979597,74,English,energetic
Bangarang (Version 11),Skrillex,0.6276592848019745,0.7642021339521622,163.28685651383353,0.6431788442789164,-5.866372554902286,0.19339700360560752,0.06402964219469225,0.24257797611349674,0.4928742317674467,60,English,energetic
Turn Down for What (Version 11),DJ Snake,0.3119408902440467,0.9097082242126284,147.7038263889401,0.518219520947737,-4.776883368346954,0.18704356203417502,0.0047060377467990746,0.18872913682104106,0.27562841536789595,91,Korean,energetic
Radioactive (Version 11),Imagine Dragons,0.8240304986226286,0.7252005143561877,177.70682209206552,0.8060493642949748,-2.647359865101734,0.18846689898700741,0.3292350116027522,0.041332636085746624,0.26198728281703093,72,Korean,energetic
Believer (Version 11),Imagine Dragons,0.5387718337208001,0.7930441663272406,161.5935707607868,0.6728873832166898,-4.541328800970677,0.1958523731217285,0.03545318989983231,0.2790023348564571,0.26610652106196203,83,Spanish,energetic
Kickstart My Heart (Version 11),Mötley Crüe,0.6742453472997247,0.9490548899853082,155.23241204044788,0.6936898586395851,-4.723852157770288,0.07494620450715198,0.370211728658758,0.2538110706221133,0.09904999543833926,61,English,energetic
Eye of the Tiger (Version 12),Survivor,0.36487401148625764,0.8283608544558974,136.90601637129663,0.7785918928720038,-6.850467141906129,0.10447465279336021,0.0028879788014871013,0.11548101407141462,0.35473582565269496,29,English,energetic
Lose Yourself (Version 12),Eminem,0.5904233641367092,0.9934808457996964,191.18726572463476,0.661581850569418,-7.636107668221803,0.16912526002300377,0.36449372412586856,0.25156939622313995,0.10757747341389419,66,English,energetic
Jump (Version 12),Van Halen,0.8987490806473728,0.7775752664658321,180.6943438965859,0.9086156943510746,-6.1145030853543245,0.1816517109354132,0.1237926316779468,0.2936315700436952,0.1765670091712136,33,English,energetic
Sandstorm (Version 12),Darude,0.8720614948547012,0.7160633952678024,179.6490408168869,0.7394500102266517,-4.176983383018155,0.044698862851168,0.2822383159105968,0.08151856269050292,0.29877880819314573,30,English,energetic
Thunderstruck (Version 12),AC/DC,0.4519472178241505,0.9866864139344068,132.0041835684957,0.5898777260500564,-6.061515148900418,0.08281356515356329,0.09309209674802142,0.16266425437257204,0.44260948546634254,93,English,energetic
Can't Hold Us (Version 12),Macklemore,0.7272380528455025,0.8739885941605333,136.23022245878758,0.812296448775174,-6.668685725512481,0.1572734771923396,0.10002270340406128,0.14260315664664325,0.20771159104306758,69,English,energetic
Till I Collapse (Version 12),Eminem,0.8152883488049141,0.7379633376140224,169.5951417669352,0.563927724249378,-2.3616333109425067,0.18101562555889625,0.17384306154690138,0.1617849102715435,0.467340276417243,53,English,energetic
Run the World (Version 12),Beyoncé,0.6125948331896143,0.8462795314148682,170.48303718930129,0.8101533813633284,-7.144932999303749,0.16422210554830322,0.17420201098130372,0.049534097672321094,0.4037822011391959,90,English,energetic
Power (Version 12),Kanye West,0.5261699830117632,0.7301102485285161,174.36453276802754,0.8960591090451386,-0.8979719246881093,0.19153269496179465,0.3470821839066752,0.03057804822327831,0.22110852488602561,18,Spanish,energetic
Stronger (Version 12),Kanye West,0.7911255479433019,0.8098759017995423,172.10839544657944,0.7728426263185394,-5.079797567689416,0.18089478545625753,0.20129133815444705,0.15549173560312524,0.49888118554785316,25,English,energetic
Bangarang (Version 12),Skrillex,0.59610021844357,0.7535194755785742,165.91485960044065,0.8663075309839685,-1.7851173848137485,0.1577163530216942,0.28320951359916474,0.09863881384800582,0.43793783862810415,12,English,energetic
Turn Down for What (Version 12),DJ Snake,0.836066079225759,0.7582458089855647,139.13189455859757,0.9390222358651004,-1.0534082907970568,0.17864722944198935,0.3545505538497581,0.17625544248910666,0.3408807814996099,25,English,energetic
Radioactive (Version 12),Imagine Dragons,0.6272177112801851,0.7153619047570987,182.18521597469407,0.7273994150011461,-2.818327401678162,0.10052796099510707,0.1967245289289824,0.07638305955899705,0.17542117181351702,69,Spanish,energetic
Believer (Version 12),Imagine Dragons,0.3953116151663735,0.7586998886876027,198.10841662942136,0.5689010505974893,-5.845836605558339,0.11811793154771699,0.24407143049465674,0.07157301503083385,0.40717284160334555,43,French,energetic
Kickstart My Heart (Version 12),Mötley Crüe,0.771121720747695,0.7711953112611672,150.20664118728223,0.9220945394567737,-1.3946284321641755,0.13955940661250477,0.03289328860424021,0.14293130184369546,0.30168584243457214,29,English,energetic
Eye of the Tiger (Version 13),Survivor,0.41244677279026615,0.8344679746324674,172.0718114242083,0.6473195060519297,-1.7524414483961026,0.1680899163277611,0.1294437877736283,0.2564374317129634,0.09660945474635677,23,English,energetic
Lose Yourself (Version 13),Eminem,0.8026374591735939,0.7458251295002849,135.8049006756808,0.788798931998455,-4.224501073957645,0.18157812008256657,0.14527567843633968,0.10753111112815975,0.27533070776488927,47,English,energetic
Jump (Version 13),Van Halen,0.5735677114611968,0.8033284138651564,178.56189090888302,0.8418028252612587,-1.176128247758907,0.19457132094206858,0.10666247685300179,0.2233452402722896,0.22741620597308537,78,English,energetic
Sandstorm (Version 13),Darude,0.7062491831706649,0.8427945071047661,199.5641171937552,0.8280059611058375,-0.38006959652540395,0.16699390989623716,0.3611604044653485,0.24989318324796225,0.2566216086691601,66,Korean,energetic
Thunderstruck (Version 13),AC/DC,0.4510730720081306,0.8110960526351566,131.41653628479654,0.7357969253591002,-3.9595375978367304,0.10505009296609764,0.3896124899888256,0.27609258093280664,0.12277075024854861,36,English,energetic
Can't Hold Us (Version 13),Macklemore,0.5213295129335336,0.8271868538389786,155.23730424961533,0.8593231836217609,-3.8076986410593046,0.11441996339432502,0.34120542359517025,0.24760060142214685,0.10949518526913486,74,English,energetic
Till I Collapse (Version 13),Eminem,0.7283487504501807,0.8306308386706106,150.62542321437502,0.5225084694059838,-4.102003517236392,0.07108733614490628,0.10060521587056033,0.21756136699117856,0.39626842429201414,26,English,energetic
Run the World (Version 13),Beyoncé,0.44687371141765486,0.7148342310038042,189.41268903956646,0.5044818835419365,-0.503100048628224,0.12552397479654118,0.12873865408052812,0.09654903558571878,0.054052548919013864,52,English,energetic
Power (Version 13),Kanye West,0.4412828502065263,0.7413184904551423,172.8516354506202,0.5749455148672106,-3.7709612997070456,0.11802328446889417,0.11921667933876581,0.03946753623505405,0.06676424627638824,26,Korean,energetic
Stronger (Version 13),Kanye West,0.3158083993163506,0.9217374001409638,152.26067933700088,0.8583350836854486,-4.546137409257207,0.09059962016599277,0.2051530410038295,0.22251849322127806,0.17307628962336818,78,English,energetic
Bangarang (Version 13),Skrillex,0.3729524097201161,0.8668172005574384,152.88843362699174,0.6991210911506168,-2.824426333301557,0.09882514822825413,0.24811152684033716,0.17693400057067954,0.3829083673712446,71,French,energetic
Turn Down for What (Version 13),DJ Snake,0.723561970626972,0.8602569675425857,177.52321146017948,0.8931018210226758,-4.541829697694651,0.08255261454975873,0.30569824834095205,0.1872895360013384,0.08195305110016485,22,English,energetic
Radioactive (Version 13),Imagine Dragons,0.8352672094146489,0.709234930671292,182.38774493468202,0.8414573642169407,-0.3751113177445564,0.010826881680464152,0.23874274431379638,0.14551695406930432,0.1987848296867939,58,Spanish,energetic
Believer (Version 13),Imagine Dragons,0.3541911361794438,0.8687962359013928,163.53285079722295,0.5470495061679609,-3.100083943223333,0.1475906240505877,0.3069113204214593,0.2744507608308554,0.23426183384994975,13,Korean,energetic
Kickstart My Heart (Version 13),Mötley Crüe,0.8718436611732823,0.9596288215248059,150.75510997167572,0.5716773668072563,-4.516884830975893,0.08037974159119332,0.23028772213248172,0.18751428272849197,0.38749414297098883,50,English,energetic
Eye of the Tiger (Version 14),Survivor,0.6059339689233662,0.7314467922822296,190.08039348871742,0.6393940624333342,-0.22962031754726375,0.023572021735954032,0.3833004688930013,0.05457318785827958,0.15396626207617675,36,English,energetic
Lose Yourself (Version 14),Eminem,0.32794796525192493,0.9115339439916985,189.5209115600254,0.6953319868171912,-0.5718233996605626,0.11805981435111992,0.2520028541786093,0.2582631844592079,0.18356009227332754,81,Korean,energetic
Jump (Version 14),Van Halen,0.5125594327965755,0.9717855757583933,193.06744472271347,0.9394172492903918,-0.7852934684666311,,0.32948971445479497,0.14065638908959038,0.49586061017567207,47,Korean,energetic
Sandstorm (Version 14),Darude,0.5833685785972806,0.8661508247506662,167.0842440679759,0.644781663436225,-7.399823288856655,0.17913024608038372,0.32107032501051475,0.0676722307511107,0.3995457221075328,84,English,energetic
Thunderstruck (Version 14),AC/DC,0.6755079996303661,0.8227431363752866,147.78148043668938,0.8868779525760047,-2.3984939256475757,0.10954798189382738,0.24382741355938564,0.054587869162188864,0.2632638924100364,70,English,energetic
Can't Hold Us (Version 14),Macklemore,0.4162201756714212,0.7625151037026476,176.29127736008067,0.9100652683254296,-4.769947116173228,0.041549854602438076,0.2594987748946617,0.26522050251458584,0.3867434605051209,60,English,energetic
Till I Collapse (Version 14),Eminem,0.8212543383219524,0.8609664013032398,182.63133710584336,0.5630290517115214,-5.213803077094468,0.07790983289630449,0.20451829849841385,0.28085061726934246,0.4434334520999784,72,English,energetic
Run the World (Version 14),Beyoncé,0.38071529537351073,0.751836895564739,155.0348384712238,0.6308347396508033,-3.0818323747499017,0.180555209552909,0.38491661666903476,0.20647279718451117,0.427171640630489,83,Spanish,energetic
Power (Version 14),Kanye West,0.6151213201384783,0.7624980840580119,166.72818884654342,0.749787170646943,-2.0603394862915474,0.043976597941469825,0.1473241528346927,0.12828741668793292,0.4817478180835242,31,English,energetic
Stronger (Version 14),Kanye West,0.5663669761960314,0.926528190189444,182.55679669621074,0.6194948831614586,-3.425042485026143,0.17886057866372962,0.1900790877827798,0.28518172698248745,0.1465062031958727,53,English,energetic
Bangarang (Version 14),Skrillex,0.34449546346441845,0.9674361619434249,189.33768385735516,0.94666544417023,-2.5648520951005915,0.18733758533342992,0.33077961003364437,0.2579951099424235,0.30611370670442073,35,English,energetic
Turn Down for What (Version 14),DJ Snake,0.5294187587500265,0.9803674217629845,160.24820229311263,0.742468715262351,-4.431085542998498,0.11296366279203943,0.18820203159693089,0.042951240816458486,0.44692168370346436,36,English,energetic
Radioactive (Version 14),Imagine Dragons,0.5666362913494619,0.8766830945522046,139.7431461930591,0.5015245315921876,-6.037679250850856,0.14091720642667005,0.039677812045151445,0.27539960890434634,0.14676015621028307,10,English,energetic
Believer (Version 14),Imagine Dragons,0.4227561685750655,0.7544523884864486,130.97871990799553,0.8473124608152056,-0.9997237500379317,0.12283254052323977,0.07527999267194492,0.10702505917403754,0.26416701381423346,81,Korean,energetic
Kickstart My Heart (Version 14),Mötley Crüe,0.8726075709739807,0.7742054115453229,181.21521327439217,0.6977517004818141,-5.617221213119826,0.09118318740442276,0.028482687016493015,0.24564559015119788,0.1594858675923352,48,English,energetic
Eye of the Tiger (Version 15),Survivor,0.7352472739157823,0.7205045114344584,196.85689893159804,0.5868567434325643,-0.9380633903433564,0.1618946419230869,0.3871439696325664,0.1590304784553524,0.3773287822306782,23,English,energetic
Lose Yourself (Version 15),Eminem,0.5224263942226705,0.7553104714059081,161.0153153053414,0.5745870569248047,-0.1436430177089285,0.019249298228143277,0.23568468938104817,0.1991452409185951,0.2921357942933244,23,English,energetic
Jump (Version 15),Van Halen,0.6973115314271001,0.7348542325035673,168.85129669437038,0.6292456570073127,-0.47859149359154696,0.15241433068794516,0.3890057928638971,0.04014013882985118,0.1783099288313189,93,English,energetic
Sandstorm (Version 15),Darude,0.4172535519830094,0.7033463761935491,146.9628011172425,0.8054491925841929,-6.151288622923452,0.10180068909652365,0.3551272459859995,0.21731463849425034,0.2275830814577144,78,English,energetic
Thunderstruck (Version 15),AC/DC,0.523481363347265,0.8367207442025454,142.39290087419346,0.7853003453371946,-5.086777447163156,0.17047306985240873,0.30262106402312655,0.19483855430488323,0.21389100019228224,43,English,energetic
Can't Hold Us (Version 15),Macklemore,0.4259590990040907,0.9328455592316869,164.04863692937607,0.6011375171798109,-6.43860307967995,0.03308018090027181,0.310864478482238,0.09182654003108416,0.2869890185863389,41,English,energetic
Till I Collapse (Version 15),Eminem,0.5709278165838338,0.8738832697684852,191.4008430259836,0.8904863255367788,-4.391391425401123,0.0030732501469446618,0.1705775222857213,0.1936722551045179,0.3009941415941278,43,English,energetic
Run the World (Version 15),Beyoncé,0.6908016634801233,0.746222719741925,175.25745691465127,0.5821932284346975,-1.9958081544260082,0.067817522652536,0.28395817335258144,0.04292371170464891,0.23353701151591105,37,English,energetic
Power (Version 15),Kanye West,0.7230207133579998,0.7680611548994483,185.6700931358056,0.7838508798972194,-3.2995058228016134,0.07070977084086742,0.19298058815244704,0.19128431126402035,0.2626079512617007,92,English,energetic
Stronger (Version 15),Kanye West,0.7189879943643361,0.8301090799320878,144.1591227219421,0.5962702022604712,-7.953569849256471,0.0601915431117345,0.29956705619140783,0.2444239313861546,0.1411103939430875,27,English,energetic
Bangarang (Version 15),Skrillex,0.8754263981228447,0.850720838044038,194.18851243129518,0.8180443768377339,-2.2205326158206953,0.017008724261214227,0.08799645075877227,0.03238000498950761,0.3722574382145319,86,English,energetic
Turn Down for What (Version 15),DJ Snake,0.506662973057106,0.9359957548229041,153.72553539559183,0.8687001885344874,-6.954413970013496,0.03467463135150164,0.1363506158335746,0.1402915949982138,0.20691626487934028,50,English,energetic
Radioactive (Version 15),Imagine Dragons,0.758188219513932,0.7290854177880144,154.58519137469418,0.8767579997819567,-7.465623381902624,0.1884687015342715,0.3945267369088052,0.05391340693277162,0.18107263501508164,50,English,energetic
Believer (Version 15),Imagine Dragons,0.5234403996212137,0.9329174105958178,171.71487684817137,0.7899645652216553,-1.9399214174519521,0.023595799887405147,0.333283782764105,0.2205173471286389,0.30980377633836664,94,French,energetic
Kickstart My Heart (Version 15),Mötley Crüe,0.8338412008698342,0.9100919061651421,144.1189973841718,0.69338542148405,-4.047657064514134,0.01104352535008113,0.38185500534402234,0.0647158604151572,0.3638575702520271,17,English,energetic
Eye of the Tiger (Version 16),Survivor,0.6037386216545282,0.7076896749653268,194.7323233105053,0.8833265639685199,-3.805936576769316,0.045788467227889054,0.0486491562720377,0.1281159694466742,0.16494272647074074,30,English,energetic
Lose Yourself (Version 16),Eminem,0.6040147206037793,0.9899227888370287,170.2467445260749,0.900468975150544,-2.792969300033782,0.0950493053174401,0.3418430250933485,0.15726938974670934,0.44088267672966247,88,English,energetic
Jump (Version 16),Van Halen,0.47494606174545917,0.7386439221288964,189.87201250540568,0.7643368237067001,-0.8872608140083189,0.18756544139847664,0.02145135614857967,0.16526171150189445,0.21873404708353816,40,English,energetic
Sandstorm (Version 16),Darude,0.6755150382420703,0.938077359160697,149.64131511820582,0.7505592729679272,-2.3301713607608034,0.026886216567146806,0.32562676238050675,0.19364959196030274,0.47729184670114333,82,English,energetic
Thunderstruck (Version 16),AC/DC,0.503717351478416,0.7324437827011595,165.45508407258478,0.5386148472692475,-0.24378781340794564,0.007736991651438308,0.3014015604429232,0.1717776474984059,0.21587929362422992,52,English,energetic
Can't Hold Us (Version 16),Macklemore,0.3395052987051928,0.8866500772520823,170.96542305736688,0.6263974728804199,-0.7182263887175031,0.06082200146856738,0.17989016423684245,0.17681586309803704,0.09510434517932875,40,Korean,energetic
Till I Collapse (Version 16),Eminem,0.8592970315281794,0.8123608457353123,135.65454497120405,0.6742810281538985,-3.1983796232593544,0.10273053436426592,0.27781678961490963,0.04498066435833587,0.17804327462242525,56,English,energetic
Run the World (Version 16),Beyoncé,0.7915383461040615,0.7239681063374083,189.88401682871702,0.5413532414346978,-1.32436628086643,0.07215768021574534,0.24488362530288632,0.07127952122495951,0.07977592477633139,56,Spanish,energetic
Power (Version 16),Kanye West,0.42956292241208105,0.7383561453726086,151.86841283757423,0.7314724609299591,-3.289924291479924,0.1579736214759486,0.26249595729934344,0.1943647477849793,0.2353019123685986,40,English,energetic
Stronger (Version 16),Kanye West,0.5842850609760832,0.8243562488170543,188.9516221042968,0.6035002036467799,-7.954232547664283,0.13026397944524787,0.08098487345553257,0.27033108680364853,0.4365708483679952,62,English,energetic
Bangarang (Version 16),Skrillex,0.3460364231569235,0.7319165216242232,164.66201145726666,0.7741501982462096,-5.800733300142074,0.14335954333987413,0.23796640836754862,0.11770250963210976,0.06141716961904202,74,French,energetic
Turn Down for What (Version 16),DJ Snake,0.7500901687791106,0.7644260997475247,188.413162042384,0.6891306170244148,-3.3833804589458767,0.1745897460818004,0.3454492003679814,0.13031028531576477,0.14400000172167943,43,English,energetic
Radioactive (Version 16),Imagine Dragons,0.7650876466371568,0.8299240610806393,143.4429395491303,0.9069914040427176,-6.415166446071301,0.005161433638246216,0.008111989506967987,0.19802514624265136,0.34775377732288865,96,English,energetic
Believer (Version 16),Imagine Dragons,0.48662502303419036,0.796003296774119,153.764574054196,0.8060713460414954,-7.534929671785371,0.18582327053826514,0.08900841767097858,0.2999117654153649,0.12718521220423415,66,English,energetic
Kickstart My Heart (Version 16),Mötley Crüe,0.7629278743874266,0.7670237634788875,135.65927611502778,0.893719995957792,-1.1299899264728648,0.08071407848992028,0.2809584570161707,0.18040780182465763,0.43383025115318696,59,English,energetic
Eye of the Tiger (Version 17),Survivor,0.4890335815911927,0.8571017199996955,163.97606598431852,0.6592576218155864,-0.868359483549022,0.0331755849325071,0.05980345580827846,0.18576557453714287,0.3458724034932239,77,Spanish,energetic
Lose Yourself (Version 17),Eminem,0.4167715525947391,0.8172152326763872,196.25946900851204,0.6109778402108033,-2.6531143830608475,0.14802987873951817,0.17925147978606382,0.28313201642508745,0.3814955308484557,59,English,energetic
Jump (Version 17),Van Halen,0.5747547479165387,0.8708005605328282,178.48294103975704,0.7664855811931481,-0.970419329391393,0.07137773245608024,0.11995429602232198,0.08773650016372136,0.06700233562906782,20,English,energetic
Sandstorm (Version 17),Darude,0.3258083786280332,0.9610165579327848,177.48752024841352,0.7972395869464187,-3.0828574485209117,0.169843828938821,0.192106770266251,0.2650109237107411,0.21175026178200762,40,English,energetic
Thunderstruck (Version 17),AC/DC,0.8560245026034543,0.909597094024372,148.00239952170992,0.7538382147598812,-3.7357555080939555,0.027579764346066793,0.23649716230024564,0.11499211840357865,0.0735569450643211,95,Spanish,energetic
Can't Hold Us (Version 17),Macklemore,0.8691936946239389,0.8924471107192863,191.3843252309593,0.804225202255964,-5.1441304628790965,0.10253761446576229,0.27029870413887086,0.28926812780438815,0.16415125660476343,69,English,energetic
Till I Collapse (Version 17),Eminem,0.8249862351744706,0.9772233415882808,176.92908602612695,0.919069982330602,-4.816971300181052,0.19060323520808856,0.28111315086638994,0.041341557203079214,0.45809277431857376,25,Korean,energetic
Run the World (Version 17),Beyoncé,0.5906836854199156,0.8380980954333499,169.6526624185744,0.5672230460470525,-4.246671611460811,0.16622544334354916,0.006192983655006135,0.10368763328758025,0.0511045638997299,43,English,energetic
Power (Version 17),Kanye West,0.5494267854899091,0.9184946531481204,185.914028038024,0.9253353925071529,-3.131963096233708,0.050925373330579095,0.3696591796546796,0.23933525354770155,0.30849281735141504,54,French,energetic
Stronger (Version 17),Kanye West,0.7173841294313617,0.9772949065022287,179.86758199310452,0.6657685284131303,-2.2957743816872265,0.008055632547077574,0.1545662247322325,0.13970721859830643,0.12507720548937562,89,English,energetic
Bangarang (Version 17),Skrillex,0.3138512883310621,0.7400143709913228,175.82350470579385,0.8610299673636593,-0.09437205818420669,0.06927270062169887,0.2397516889044407,0.2830291410400829,0.1251688016021687,89,English,energetic
Turn Down for What (Version 17),DJ Snake,0.7305873518056456,0.9264936199447489,136.22828751085368,0.8875622233323792,-1.4951596231132491,0.00668060131548689,0.036433765952020594,0.04326426135080012,0.200634589309713,13,Spanish,energetic
Radioactive (Version 17),Imagine Dragons,0.6055733944079558,0.8597043183863886,148.736673183861,0.9102185989521233,-5.0538976810246945,0.0091100311930705,0.12009084461655456,0.173399544086922,0.23369982016470442,87,English,energetic
Believer (Version 17),Imagine Dragons,0.4643055114595555,0.7393969749292952,187.34151500673607,0.9482653589558863,-5.3636629318089435,0.07632420883532079,0.24721500987078282,0.22397919817859616,0.22641329066161608,61,Spanish,energetic
Kickstart My Heart (Version 17),Mötley Crüe,0.8429577101890893,0.8680011967686755,161.52730534841515,0.7910027389219573,-0.3775692140066145,0.1589104588843411,0.016005252214049737,0.1197236758997891,0.26174510822805025,80,French,energetic
Eye of the Tiger (Version 18),Survivor,0.48871054332546315,0.9100562682491369,187.83884049038068,0.8291052928333722,-0.08533370537379792,0.054509529578605824,0.3499957980097686,0.23698811959711127,0.21298044090116575,59,Korean,energetic
Lose Yourself (Version 18),Eminem,0.7404747261941813,0.731222786925474,185.25334376383867,0.7395487711641962,-5.661678618325975,0.13115546035683603,0.2566479994857636,0.08656128013429193,0.06367883666518677,99,English,energetic
Jump (Version 18),Van Halen,0.5601735521410043,0.8708535608033263,191.36236948594188,0.9176975580414175,-3.769558254745869,0.15076069675370898,0.17572130893119878,0.23144218227468114,0.14216068622262512,86,English,energetic
Sandstorm (Version 18),Darude,0.5226388408821189,0.8902683996440844,131.2710575924955,0.8251075896525293,-1.3157159898546658,0.0798283322187903,0.17917696687086573,0.25984619729846337,0.39904458589671504,44,English,energetic
Thunderstruck (Version 18),AC/DC,0.472889693420025,0.7971928319684617,177.52147626734177,0.7534391416016726,-6.7021634312280245,0.06198598184583329,0.3599933107514617,0.21580709791501113,0.49368844295848374,15,English,energetic
Can't Hold Us (Version 18),Macklemore,0.7602075179884618,0.9825923296430771,145.13320017093326,0.8471681936676165,-7.838259838817621,0.13415200434230679,0.18771291124809655,0.12362521941841853,0.4380819585318901,88,English,energetic
Till I Collapse (Version 18),Eminem,0.8125606155945184,0.706690511469593,172.66535857146016,0.6655245009444304,-4.674711987996407,0.1664081478437552,0.12393590861107132,0.2846231788721575,0.13083522186746335,48,Korean,energetic
Run the World (Version 18),Beyoncé,0.6976334540209067,0.9016315201041294,147.65366129995428,0.6461377740352409,-1.3216120593604765,0.1523610509909905,0.13163835212590383,0.17416826767243215,0.07775613331389296,48,English,energetic
Power (Version 18),Kanye West,0.42524752943917754,0.8457461676581197,136.01816146954482,0.8794995597013718,-2.255950319138817,0.18872673412969898,0.2773867623856109,0.2839083705107901,0.29953065006093427,49,English,energetic
Stronger (Version 18),Kanye West,0.6601311666371816,0.9930913163878783,174.94904028049822,0.513853955987336,-2.2095777869558137,0.18109373842748314,0.31823209991773066,0.1876349836088641,0.35208658089208233,66,Spanish,energetic
Bangarang (Version 18),Skrillex,0.8941150735510031,0.7271986265528014,176.70713800432677,0.6275289625567673,-2.8792768273106395,0.12152471517678776,0.061382732843264835,0.08582159434986458,0.32973331011944607,50,Spanish,energetic
Turn Down for What (Version 18),DJ Snake,0.37693796838226445,0.7795542625390968,188.46718834166018,0.6471911777007373,-4.095518749842697,0.18822806702916806,0.09085963553477852,0.1351990246866628,0.32290599899459554,58,English,energetic
Radioactive (Version 18),Imagine Dragons,0.7532033577023833,0.9704960160138115,194.08310913014606,0.8494880334676803,-6.1733533072535165,0.004961866008513161,0.15350957214224953,0.06821818976671229,0.36967444134723415,69,English,energetic
Believer (Version 18),Imagine Dragons,0.69667835209543,0.7131914924864364,188.56156453916657,0.6119344698310321,-4.542183396071662,0.13358674709114848,0.17176751474090135,0.1491477067559847,0.07953259790108318,60,English,energetic
Kickstart My Heart (Version 18),Mötley Crüe,0.5408661295560023,0.929454367965995,194.06234360306183,0.6860737116785173,-4.611313384967369,0.14052542126473042,0.37710880044211065,0.10210645386462726,0.24806489294207157,25,English,energetic
Eye of the Tiger (Version 19),Survivor,0.7775839461313807,0.8829080708122116,137.74104407747683,0.7824797310030196,-6.506029723221385,0.10204318681568084,0.2116413070641754,0.2665749078007459,0.25812242330559715,35,English,energetic
Lose Yourself (Version 19),Eminem,0.46766545334153653,0.7692899044648094,191.1976313679035,0.5769548844882028,-4.59305151293485,0.0374346229853894,0.30932161604575015,0.15808061279314714,0.2080146607505654,11,Spanish,energetic
Jump (Version 19),Van Halen,0.5166597843758801,0.9556642620168938,168.76417680061067,0.8230405330090687,-0.8236918699945237,0.18034833520812843,0.13140362173514528,0.287161841049524,0.061194146906572454,33,English,energetic
Sandstorm (Version 19),Darude,0.5261013366096994,0.9687396572526525,149.2245815871888,0.6228866526445933,-5.57902171934489,0.12246267696938445,0.17533311024574152,0.2262184058154025,0.4527097891540996,57,English,energetic
Thunderstruck (Version 19),AC/DC,0.7045196249657164,0.7613400160592726,195.28773316523515,0.6190217930063653,-6.800845637374735,0.01799345577219218,0.22535349626646625,0.06071586486977599,0.11244914785068384,89,English,energetic
Can't Hold Us (Version 19),Macklemore,0.480018288357298,0.7844959029053391,172.29676572324996,0.8675353757627067,-1.9092027503768607,0.05249689094329535,0.09812419919439197,0.2907637131288813,0.05370630871638206,49,Spanish,energetic
Till I Collapse (Version 19),Eminem,0.8278323198361295,0.7599185557367214,196.30990261628375,0.6540382781723839,-4.4771858088539815,0.1414241227888762,0.23506762058930414,0.11584361902084217,0.2992239121405206,65,English,energetic
Run the World (Version 19),Beyoncé,0.7384241306177317,0.7127004837707476,130.78395136789928,0.7061301225828011,-6.9453070575718865,0.1328688582929429,0.08562098249097368,0.14686979883483117,0.13895192159342104,47,English,energetic
Power (Version 19),Kanye West,0.6290901514494747,0.7348160378153706,131.61747969512362,0.5230092371480137,-0.36593246787752065,0.028457243722187164,0.2833913012547341,0.048340075140163086,0.09867215850583197,97,French,energetic
Stronger (Version 19),Kanye West,0.6053257508456009,0.8394612790463031,196.61062166079086,0.9251759538593318,-1.7631308596602793,0.12042036602546996,0.18198412695720442,0.1261682042686737,0.4761893961389999,40,Korean,energetic
Bangarang (Version 19),Skrillex,0.6617452868548114,0.8737217583057983,146.23307852382405,0.5210140180483008,-0.4384913619236448,0.06274705176893079,0.1770356093297835,0.06095278476814085,0.4266159484591814,10,English,energetic
Turn Down for What (Version 19),DJ Snake,0.31657909971355835,0.9501972286297289,139.81995089515766,0.8989538506840185,-2.161818901310741,0.032934052501461024,0.22632719714378724,0.11441720487590926,0.13020489451021255,84,English,energetic
Radioactive (Version 19),Imagine Dragons,0.8155093196466652,0.8210568299521688,157.89806000557678,0.576449003662979,-4.9354745913137705,0.17432336926577005,0.14525148419585437,0.28693296187494277,0.4758390046437744,15,English,energetic
Believer (Version 19),Imagine Dragons,0.3869391955844076,0.7531933760567935,190.38718492323224,0.6767424135161236,-7.965008141735925,0.054774363941074204,0.239051597278224,0.2458018108091914,0.11002487769196681,48,English,energetic
Kickstart My Heart (Version 19),Mötley Crüe,0.3663248186500412,0.9766277960716995,182.58038574758078,0.7654008203501352,-1.8465056800325756,0.0857708722613277,0.30338229892365065,0.13038680764412466,0.15984255762167107,66,English,energetic
Eye of the Tiger (Version 20),Survivor,0.7374080527757813,0.8259016876471805,198.69639730283365,0.6572683320386454,-0.6261806357514725,0.1865925097134159,0.09674117882589846,0.24551971902876363,0.2448835273150543,55,Korean,energetic
Lose Yourself (Version 20),Eminem,0.8505148363382089,0.8350372817905716,182.10126021361563,0.710135334123709,-6.1775939542971505,0.03987002578893726,0.17017247770253824,0.23398355739383805,0.32228216833134504,83,English,energetic
Jump (Version 20),Van Halen,0.7131775739403261,0.7846979052195827,163.7004742170324,0.5199778692361972,-1.4597406723350348,0.19797843244797494,0.16275162504986837,0.0329601863455167,0.12640668779792633,98,English,energetic
Sandstorm (Version 20),Darude,0.6915161266502514,0.8836237954611578,185.15053037098806,0.6142478049324807,-1.8909446756229276,0.13759680430473395,0.1291257990855373,0.17728179997537974,0.11627321382424703,15,English,energetic
Thunderstruck (Version 20),AC/DC,0.5715387020613496,0.9643592018666922,159.48339658777735,0.8778050179139398,-3.2779730779224447,0.038375342620471355,0.23244249787915858,0.16661549887240715,0.2293886008383728,25,English,energetic
Can't Hold Us (Version 20),Macklemore,0.3717782637096422,0.8250125991541689,135.0933663367739,0.544446073129438,-4.672667736538272,0.06107629639369275,0.3702177303448894,0.13144056745267305,0.39103615493244503,26,English,energetic
Till I Collapse (Version 20),Eminem,0.6181485158197457,0.9112257005927007,148.20811881107795,0.923857237777248,-3.7592920246846084,0.16626481425704995,0.1460182773904454,0.057057064243641625,0.353170241474382,18,Korean,energetic
Run the World (Version 20),Beyoncé,0.30465578900245466,0.8425878929696524,143.49613318665214,0.7823189769959129,-0.16464101489718264,0.0928805812641292,0.32699930261026666,0.16710173047680268,0.27312801399681086,40,Korean,energetic
Power (Version 20),Kanye West,0.8582540959072669,0.9669897606240044,185.00603256315821,0.6333150889925528,-3.6399326742084757,0.04477944666113701,0.1775666792186159,0.16073752775514347,0.42423801807619893,95,English,energetic
Stronger (Version 20),Kanye West,0.8376170191949959,0.8243860187189433,131.23931115512661,0.8877982279052096,-6.605770571989114,0.12437639277807871,0.009988360173652478,0.13786674832035234,0.4936821359519074,51,English,energetic
Bangarang (Version 20),Skrillex,0.3604161606622819,0.8271079455998926,151.50049651329664,0.907289655524719,-1.0452791367411587,0.04753975206124577,0.03247511482017247,0.19932736639650173,0.20136592034766942,91,English,energetic
Turn Down for What (Version 20),DJ Snake,0.7032506343636379,0.7096359268203443,139.33794646242427,0.8088675047476894,-6.301034757580018,0.17151753515248033,0.023436355084054172,0.08818013535210514,0.4993521118182809,16,English,energetic
Radioactive (Version 20),Imagine Dragons,0.5598456615520756,0.910889699063393,142.78641341999096,0.774440930743492,-2.191151453044652,0.06289532717330211,0.33155884479035114,0.1929227461875165,0.2251053543267636,44,Korean,energetic
Believer (Version 20),Imagine Dragons,0.6345854360058951,0.8730282542307772,141.58747048857063,0.6812295664401348,-5.252555295844055,0.08018054451582522,0.3044442353941032,0.16028537001600163,0.4731422689576689,72,French,energetic
Kickstart My Heart (Version 20),Mötley Crüe,0.4762058480150617,0.8247110734854787,185.0869767335329,0.7457110669943376,-3.623774828604418,0.010668032601036704,0.15943986508738234,0.10309810775386778,0.4997008052740019,42,English,energetic
Eye of the Tiger (Version 21),Survivor,0.48501304237938614,0.9653489604381591,177.33636145283342,0.6534123841364406,-3.6517249730070107,0.16810717598983876,0.3533473192123648,0.07330634625165922,0.20280791354367633,97,English,energetic
Lose Yourself (Version 21),Eminem,0.501133908128143,0.7126134388227834,171.87664318963277,0.8846690238464845,-4.947404897395858,0.1480071889968354,0.251080165440296,0.1314251585831102,0.11347690977153368,95,English,energetic
Jump (Version 21),Van Halen,0.7255943116655805,0.9563695506823722,178.00981446810442,0.5080453178156681,-6.27013684487207,0.013895996976706383,0.22815443983049072,0.23424897328691136,0.09976063418089676,10,English,energetic
Sandstorm (Version 21),Darude,0.8030026923560312,0.8666526935186449,178.29783084992073,0.9371308318738907,-7.3305520940184214,0.18024480459555786,0.05044107839496373,0.13609887779190422,0.4331474133490015,98,Korean,energetic
Thunderstruck (Version 21),AC/DC,0.843752542042721,0.8519115020635436,171.58732467927976,0.8186663005693506,-1.3379306523782866,0.024302233907533236,0.32402772329169105,0.15994456063813653,0.25278054129867605,24,English,energetic
Can't Hold Us (Version 21),Macklemore,0.554339851198199,0.8527634755738127,196.15353873762223,0.7466916977564682,-0.3745796938948862,0.03605802612312812,0.2896543915330533,0.24930467542436177,0.35560797410068784,60,English,energetic
Till I Collapse (Version 21),Eminem,0.6641533681359243,0.8694438343258547,190.26513378050873,0.869740968724025,-7.021690230555204,0.16971753140617563,0.165627447776177,0.09849814409886891,0.44139585560626665,76,English,energetic
Run the World (Version 21),Beyoncé,0.559214879780245,0.942509407053045,148.4382528369091,0.501768194639998,-4.036326456776445,0.020045651328576854,0.30175038220996386,0.1045402867387408,0.2496405409715654,96,English,energetic
Power (Version 21),Kanye West,0.35222013905493255,0.7859977745341757,184.70431702810004,0.5682145603560438,-2.822723510984341,0.18348517056090025,0.2719347039030881,0.24897585610890127,0.09903723318676211,86,English,energetic
Stronger (Version 21),Kanye West,0.4504390956012327,0.9683616556721772,180.05739295326623,0.78779922186979,-2.6898661110264,0.08284011086092868,0.017822652647061288,0.24179921635909685,0.35542095629690923,47,Korean,energetic
Bangarang (Version 21),Skrillex,0.5836826784676348,0.9699278846104773,153.53117654895692,0.6324447849040562,-1.0176293993644574,0.1593975309517971,0.2059919242593379,0.0652983796536195,0.14678216215927362,62,French,energetic
Turn Down for What (Version 21),DJ Snake,0.693736794245284,0.8155123713521235,188.55312341661798,0.9274797541994918,-1.554904597800654,0.07550908459911143,0.31547457169256965,0.12488925183708453,0.12519503949453525,95,English,energetic
Radioactive (Version 21),Imagine Dragons,0.32003592291951444,0.815715013828306,193.24915125880972,0.6075439644900544,-6.347894680561728,0.19396415704820807,0.010001645140236848,0.24216118060631367,0.19461648008339166,59,English,energetic
Believer (Version 21),Imagine Dragons,0.3224927741217956,0.9753407620628751,139.77496311467084,0.7483006776765629,-5.807566340563618,0.013038560436938207,0.019968994265351637,0.06120030868581147,0.08211515625022103,13,English,energetic
Kickstart My Heart (Version 21),Mötley Crüe,0.7563348693119538,0.8456698606850287,154.00244639442857,0.6882660095594032,-0.5684261154190136,0.18215036254762945,0.28627059204903077,0.2688642419038557,0.19384161241443115,26,English,energetic
Eye of the Tiger (Version 22),Survivor,0.5286655956049697,0.8841136545562684,173.6538163108085,0.7167649271055534,-4.794737212496374,0.19723606232173904,,0.1474446534297722,0.3772816147578058,37,English,energetic
Lose Yourself (Version 22),Eminem,0.4617370159514757,0.730050797871199,154.67017178869185,0.6813377600555274,-7.867703003514634,0.16295840032717923,0.1436773609556726,0.1867129047606397,0.08328343427193019,47,English,energetic
Jump (Version 22),Van Halen,0.4049980972503504,0.966908117598268,172.60812695179607,0.9276278225767185,-0.009999724869464544,,0.11952122563330986,0.2617561348929561,0.4993751421668544,13,English,energetic
Sandstorm (Version 22),Darude,0.6777847405394745,0.9385422167534567,184.7222101170692,0.6599028686987961,-3.4058369579433023,0.16661138825284272,0.2752455505044222,0.03571422977515033,0.20151755100389007,58,English,energetic
Thunderstruck (Version 22),AC/DC,0.3866854179567632,0.7698916636234117,193.3842634243928,0.5166019800098457,-6.24159430430461,0.06191387044764629,0.24675362878655793,0.17420745632318368,0.14822126728402374,67,Spanish,energetic
Can't Hold Us (Version 22),Macklemore,0.3985446403338927,0.7710394103788356,165.17707386911587,0.6220300035700416,-0.41917998713822247,0.09277304428576952,0.02351840661785483,0.22690192957589103,0.19798037969404536,48,English,energetic
Till I Collapse (Version 22),Eminem,0.6920933592349485,0.7838783111569696,169.9520619213324,0.8474686271633591,-0.5759300658035684,0.05222542888661541,0.13394278039959248,0.15535193347720372,0.46722867698119497,95,Spanish,energetic
Run the World (Version 22),Beyoncé,0.8408321140863944,0.7269634840301914,139.23508780276677,0.7229791297987872,-7.147045817556612,0.0691161746697395,0.059354151286991064,0.2017308958856092,0.4772729442826228,48,English,energetic
Power (Version 22),Kanye West,0.898040262176629,0.8125723397490744,171.93088459802286,0.8853204440858365,-7.060303417628928,0.137912882210393,0.1635374646900273,0.0856594632756443,0.23123912843634892,25,English,energetic
Stronger (Version 22),Kanye West,0.3455761721789501,0.9086221445767917,147.69198681239172,0.6401325402701951,-7.031349614068298,,0.19737771171309546,0.18447965700232807,0.30624470739268456,98,English,energetic
Bangarang (Version 22),Skrillex,0.5462958687248051,0.7577589746314418,182.15929239488798,0.5571753194109534,-7.169009677769516,0.14202900751930067,0.08353480818079353,0.11282864286526473,0.2638523601507831,93,English,energetic
Turn Down for What (Version 22),DJ Snake,0.5696107900377277,0.9125737375194998,173.64022554103528,0.7899782730268395,-2.2875653547563415,0.05852254548469307,0.12893332472018945,0.1482593919317996,0.18835797786508673,99,English,energetic
Radioactive (Version 22),Imagine Dragons,0.8909627213825182,0.9442155779264289,141.52582817792208,0.5025173701468413,-7.657733854021857,0.04881269020858506,0.04571651433474262,0.1740012910209945,0.4360978502273114,13,English,energetic
Believer (Version 22),Imagine Dragons,0.7420501325479365,0.7646827189246571,157.950947921805,0.7285523942890749,-1.5183532039733159,0.16782432062123298,0.3638873247631104,0.1674962176357763,0.36242363589613835,34,English,energetic
Kickstart My Heart (Version 22),Mötley Crüe,0.3670802227403623,0.8695866879861947,147.40842666297945,0.694272598261975,-2.927595933546245,0.051397187570756224,0.020874023118704434,0.03276314123036453,0.0599717909950347,83,English,energetic
Eye of the Tiger (Version 23),Survivor,0.3050098425082618,0.7331065169673626,146.7642100199091,0.5995496813820347,-0.10562724656082612,0.06120122104178865,0.05096831334375965,0.17730188692529467,0.43608085492887877,81,English,energetic
Lose Yourself (Version 23),Eminem,0.7068362260726051,0.788824626740635,169.31313118540186,0.8216851883901841,-2.1751640610580614,0.13330769105953777,0.3483241699102472,0.2649284737529082,0.3105214517331515,27,Korean,energetic
Jump (Version 23),Van Halen,0.5579138214667274,0.89247108866953,187.2748400959324,0.5025434471785332,-0.06402392788119116,0.03657875446583985,0.18809959426399048,0.26544802840757403,0.15126817956988972,42,English,energetic
Sandstorm (Version 23),Darude,0.58607713434023,0.7397746540543537,157.65534277717347,0.5797109546568511,-5.090978009830744,0.07469284335854441,0.3972683158393331,0.29859951791201855,0.10165382539727559,64,English,energetic
Thunderstruck (Version 23),AC/DC,0.7355812675970084,0.7155236439007303,132.1134410736032,0.5474002524102339,-0.27611474393652813,0.1881727095789395,0.07757112811227218,0.07365153059950211,0.15824078893217616,92,English,energetic
Can't Hold Us (Version 23),Macklemore,0.6093281964450854,0.870911389610623,145.51154013076132,0.8404802546404753,-5.523574644778794,0.1844262651058821,0.26268908258269225,0.14781482246197516,0.4054604007662804,46,French,energetic
Till I Collapse (Version 23),Eminem,0.790748775627999,0.787144481682683,153.78001806852592,0.9211798191778715,-6.682071693093825,0.008430083392586841,0.1816221290438197,0.24632667306577982,0.3972506478398356,26,English,energetic
Run the World (Version 23),Beyoncé,0.8517183773476995,0.859960199310712,137.00452700965732,0.7649100384512072,-1.7728350851743073,0.01866562405396528,0.06906296043903591,0.033318478512031145,0.31714366075106465,95,English,energetic
Power (Version 23),Kanye West,0.8320406351675427,0.9011989948006298,198.74280613136875,0.5283651436248927,-0.7759913187880301,0.16281365747733614,0.12569660819980197,0.29285216899605804,0.17957198667713675,83,English,energetic
Stronger (Version 23),Kanye West,0.8335828342969311,0.9642245731222568,183.03603316220807,0.7535617132157832,-7.0399780030648955,0.10639434689929966,0.14271850226197383,0.243898598951945,0.3911581429235802,85,Korean,energetic
Bangarang (Version 23),Skrillex,0.8463675044235632,0.7044490487295123,186.63722517761323,0.922307923906101,-1.685596407134799,0.026038891974073344,0.0325116419363551,0.035628214748079215,0.33293535162263194,34,English,energetic
Turn Down for What (Version 23),DJ Snake,0.6778035911159324,0.9960741142654637,157.8630221872867,0.6493578282038736,-3.0046005825248603,0.1651217345015188,0.3747095798092008,0.24684352486834044,0.24200329127711212,53,English,energetic
Radioactive (Version 23),Imagine Dragons,0.6809485411872385,0.9568897980148351,164.34267818182175,0.5975089896674267,-6.642212482017016,3.1548915611345765e-05,0.28729519799251374,0.05999624638841744,0.1597275948631732,30,English,energetic
Believer (Version 23),Imagine Dragons,0.47872579891367606,0.8681139580410304,157.85700941070385,0.8036032964104227,-7.554890725370378,0.024787838852887892,0.19968460141330668,0.12098049271864406,0.18311601323811189,40,Korean,energetic
Kickstart My Heart (Version 23),Mötley Crüe,0.3402168474225136,0.9687157524244004,178.42730102875356,0.5547281705688423,-7.479632338102875,0.1949745066862486,0.27246902017580193,0.1427131391953102,0.3657789683401032,72,English,energetic
Eye of the Tiger (Version 24),Survivor,0.7537990718880956,0.9339886607166338,163.45141139571405,0.6934472411561816,-7.911775325848797,0.18531142302836762,0.24132315135557725,0.08485156304129139,0.4638215387396465,27,English,energetic
Lose Yourself (Version 24),Eminem,0.848959141062178,0.9967552493098288,191.18395941972852,0.9490029745190292,-6.042510495013819,,0.32921132351830584,0.09235389698959812,0.09429689705044586,25,English,energetic
Jump (Version 24),Van Halen,0.8876523082065599,0.7888073654561831,190.96242533274642,0.5018572196035718,-7.831801542243182,0.09317426173927368,0.09548587357402544,0.21625714652771036,0.30450394650557944,91,Korean,energetic
Sandstorm (Version 24),Darude,0.3464914784702949,0.748788488894715,157.163448904089,0.583521828779945,-1.6622212220485713,0.08321404711065601,0.03737274673699971,0.1607725836134737,0.09087718147763638,24,English,energetic
Thunderstruck (Version 24),AC/DC,0.3773623832518903,0.7718829496084616,190.1669393673243,0.9160756395498373,-1.3899381653434473,0.06681544348356945,0.10897857644353266,0.1782720365133646,0.37483392223990053,39,English,energetic
Can't Hold Us (Version 24),Macklemore,0.8960236728961051,0.7394712135636778,133.45043993166632,0.8124601500478719,-1.3421937319687558,0.16926975597328464,0.27138541963086427,0.28758426711218055,0.2799521435950641,28,English,energetic
Till I Collapse (Version 24),Eminem,0.8482888790017276,0.9903436410974569,189.30102199021755,0.6393913534663793,-6.430274790637638,0.10962401299636369,0.18120590015207538,0.2669947523920379,0.09501425198021918,28,Spanish,energetic
Run the World (Version 24),Beyoncé,0.4546440367869112,0.9255396833556125,136.64906514841184,0.6443439863097651,-4.902756847568135,0.124518759312538,0.06325305828774584,0.2623632123944216,0.2513940059598234,74,English,energetic
Power (Version 24),Kanye West,0.8502130271283339,0.8403609740901794,149.25281812585132,0.5638229729094537,-7.9700392423097215,0.10643149699696713,0.04286267877076937,0.13576649618041814,0.315172292556689,44,Korean,energetic
Stronger (Version 24),Kanye West,0.4654115381416202,0.7525672877098345,184.2305135826539,0.9260560275267292,-7.196476657104272,0.031118064877001573,0.3840050629010875,0.0402017398893065,0.4899345514477125,97,English,energetic
Bangarang (Version 24),Skrillex,0.3027866898509933,0.9621005966953994,151.51276266914246,0.9223649861797834,-5.464437690915316,0.1308612643068112,0.03201302790637466,0.09542904909250953,0.39815570591566285,30,English,energetic
Turn Down for What (Version 24),DJ Snake,0.6172115122072919,0.9783907185361134,160.0125985838948,0.8914155646162654,-4.4083565001741,0.19584965574039706,0.38393375255955076,0.1188669105001417,0.44866565168756145,18,English,energetic
Radioactive (Version 24),Imagine Dragons,0.8085668245293895,0.7632041191982688,173.70032805482887,0.5327070420154167,-1.306314235332307,0.03490917670069931,0.028325880554305807,0.13805915579547903,0.30961496236983954,62,English,energetic
Believer (Version 24),Imagine Dragons,0.8129501751358628,0.9922727576565209,160.76447587989045,0.5272011153433716,-2.0070753677930346,0.1130346512447875,0.17915653793778527,0.11350259727389121,0.2760793375295911,39,English,energetic
Kickstart My Heart (Version 24),Mötley Crüe,0.5032077626742186,0.927103560324208,168.07255875448487,0.8945814983693503,-3.6516486828044634,0.04765248266798601,0.3404367528928578,0.18044914213111188,0.14307846716460257,96,English,energetic
Eye of the Tiger (Version 25),Survivor,0.6741046859737333,0.8073150294827283,189.1083928604446,0.7039848823909443,-2.188469135140666,,0.15840973852093848,0.29547518784754767,0.4138071302647167,68,English,energetic
Lose Yourself (Version 25),Eminem,0.39596448142015717,0.7833292148431765,153.08710661994527,0.7926645022229506,-1.9440419240827556,0.14990532176158197,0.20394962252256113,0.24892154521630083,0.24668513724086377,15,English,energetic
Jump (Version 25),Van Halen,0.37432833917733715,0.8693325524961439,196.66109692207746,0.85684714312663,-3.370394818462061,0.1293611320698194,0.3722248108142291,0.14565255449743936,0.19912736252418684,19,English,energetic
Sandstorm (Version 25),Darude,0.8863449390002696,0.9590329400531,152.61305092330218,0.7087012688124152,-4.6793749679376075,0.029819135734286784,0.38312772952530366,0.1391643564293349,0.4438980871870586,25,English,energetic
Thunderstruck (Version 25),AC/DC,0.41361373660839906,0.8643612431911659,131.6772969586989,0.8438992177290388,-3.352688814029773,0.12511791669395053,0.020688353021861384,0.08698034915632616,0.08344889255911107,73,English,energetic
Can't Hold Us (Version 25),Macklemore,0.4733485894822871,0.8882317023046453,169.63301890221626,0.7754674197260256,-3.6059898289768455,0.05460575913517188,0.0978029989377701,0.06700611455487694,0.43208189370657146,70,English,energetic
Till I Collapse (Version 25),Eminem,0.6698876151247467,0.7559533037512179,142.40465658748676,0.8928660206867615,-2.0581530898934455,0.1318798159810743,0.16274564301571992,0.10073340235519974,0.4907528434007707,65,English,energetic
Run the World (Version 25),Beyoncé,0.7783437450136801,0.790533766940883,189.32953573949464,0.8415193768766067,-5.623355600976013,0.08531057084832794,0.07438137815641066,0.05998415998208953,0.37524291477786353,68,Korean,energetic
Power (Version 25),Kanye West,0.46050711441231995,0.9460178097238761,199.69260980600984,0.5344789162683419,-4.215718999330398,0.16041251186216063,,0.2351992327493615,0.20704772088585993,94,English,energetic
Stronger (Version 25),Kanye West,0.5723119534110315,0.878490507202441,198.175840850128,0.6473962719223219,-0.6148488982651381,0.05387138363609883,0.39562978618948186,0.21097119544344978,0.25858016616134794,89,English,energetic
Bangarang (Version 25),Skrillex,0.668034256838163,0.781759350712062,149.19217002580265,0.5510995447295722,-7.08759761835681,0.06953434829378227,0.3051421911585487,0.1941522152515039,0.09616305214895937,95,English,energetic
Turn Down for What (Version 25),DJ Snake,0.8113419149855465,0.8804102880970199,197.25989037493457,0.8015834603350434,-6.598601090366552,0.09475667246156445,0.25939903901888167,0.03763146928349398,0.05670961886966355,44,English,energetic
Radioactive (Version 25),Imagine Dragons,0.37764180035914074,0.7754993305136412,160.06843864644728,0.7193482131919048,-6.895779128496826,0.13467831582316617,0.23845522467861394,0.10950530668711327,0.056146947545881405,20,English,energetic
Believer (Version 25),Imagine Dragons,0.34658874921197447,0.8175084326532518,140.77820458159786,0.6695688227665868,-2.974539163917159,0.1094474855758567,0.0924703532549577,0.12283207263986316,0.3263140393018928,94,English,energetic
Kickstart My Heart (Version 25),Mötley Crüe,0.8165130168260692,0.9259640316216632,168.73800187833905,0.6630318492424188,-5.0795897796655565,0.17588346205287922,0.01569743041621856,0.29675531399347044,0.348968934883203,74,Spanish,energetic
Eye of the Tiger (Version 26),Survivor,0.7086826194434344,0.7113993511914226,172.38704924238905,0.7181501270407011,-7.153768744847464,0.055584402153871816,0.3561257824854605,0.1784968722838073,0.23603745882825894,33,English,energetic
Lose Yourself (Version 26),Eminem,0.34360929350448655,0.9142364582206917,179.19955763772228,0.7763196231376536,-3.9178988302348063,0.08675688044147455,0.23730843719519693,0.09301677196666981,0.47356657887994147,10,English,energetic
Jump (Version 26),Van Halen,0.6532767175081378,0.7933577333063129,161.477589561961,0.8625581549946015,-6.7070715141576205,0.058567124492052085,0.2718032090946222,0.11518208575020046,0.40662575683765967,31,English,energetic
Sandstorm (Version 26),Darude,0.3782720923064165,0.9288058511363826,134.78462003953965,0.5056666757003726,-0.8142118493427031,0.11626784338645973,0.1407307588347246,0.0928005519802396,0.3275986024673673,26,English,energetic
Thunderstruck (Version 26),AC/DC,0.605401310122043,0.9974793326589956,198.8251190657622,0.7857610547637244,-4.457035951152876,0.09822819382693243,0.2729916264947448,0.05742512694355297,0.19775843321482317,92,English,energetic
Can't Hold Us (Version 26),Macklemore,0.3451633446021623,0.7220082278550758,143.70874693259637,0.7183639645669521,-1.7218054306976853,0.09709917823317452,0.1341906442243479,0.0522353073909247,0.2976329854324083,58,English,energetic
Till I Collapse (Version 26),Eminem,0.4627611518899061,0.8844802533751442,198.4031417392693,0.5500914446648976,-6.302996810224481,0.09461890761987496,0.3874455261383718,0.23838863959289883,0.4542031369232736,58,English,energetic
Run the World (Version 26),Beyoncé,0.5002289090854758,0.9976115421335784,137.198297124491,0.5238378077207454,-1.155178983567775,0.18545297404139727,0.036234143018440704,0.0606254052213772,0.06492837099009822,38,English,energetic
Power (Version 26),Kanye West,0.3627045375856345,0.7628259450400843,197.90536332370007,0.8005371000078562,-1.7715757958516631,0.15522788073830443,0.21402949991168585,0.24532202398251465,0.31811338957548635,45,English,energetic
Stronger (Version 26),Kanye West,0.4887276585620146,0.8683330326305202,167.34560102941595,0.8705538741916943,-0.14618226094672782,0.08220851308418611,0.30535627137654386,0.05693601109029606,0.39957411625172984,60,English,energetic
Bangarang (Version 26),Skrillex,0.5228501471959393,0.711817048866906,155.4272324993524,0.7747892379147401,-7.0459986585482675,0.18480689848605092,0.031068965309135433,0.28110181435495485,0.3682118830710589,57,English,energetic
Turn Down for What (Version 26),DJ Snake,0.49782730524852215,0.8172251043127279,181.8566555312921,0.7706619953965432,-2.6268566283604384,0.077832923302696,0.1951253927230396,0.2972642206902312,0.14626529172487296,44,Spanish,energetic
Radioactive (Version 26),Imagine Dragons,0.5507137119132789,0.7875469562721902,183.55780573078948,0.8438056815495742,-5.660436312020833,0.016278063326596582,0.004573070668881618,0.14541164397547107,0.23465191745109693,29,English,energetic
Believer (Version 26),Imagine Dragons,0.8930339271839178,0.8409406227093039,147.94928587027945,0.9010532484641602,-4.071456402771372,0.11983512704211557,0.038267484171285074,0.13338742997903902,0.47490065351320404,78,English,energetic
Kickstart My Heart (Version 26),Mötley Crüe,0.6537032305052553,0.8033505565427385,173.7967026442115,0.9096849903101523,-5.80807519621928,0.10102334369413489,0.38347626156470216,0.07654695869058223,0.37384876651852017,36,English,energetic
Eye of the Tiger (Version 27),Survivor,0.6686886049217895,0.9039025393421904,154.58537414672986,0.6412457180676943,-2.5263226352930364,0.043108657020909075,0.16786189794360207,0.08080715443428786,0.05373717850549839,18,English,energetic
Lose Yourself (Version 27),Eminem,0.8820344160228417,0.8295108935969256,197.8544730093878,0.5631455838955217,-3.3010657643401116,0.04019480655824792,0.3160296507853099,0.24159980696546332,0.10067321706769031,20,English,energetic
Jump (Version 27),Van Halen,0.8472386717258336,0.7583888941609673,172.90841391125522,0.9435351290394668,-0.9408277218690895,0.1913127857122338,0.13703950848724777,0.05850542339925511,0.13475609298025254,55,Spanish,energetic
Sandstorm (Version 27),Darude,0.6002969370459683,0.9379689034819967,140.51075509287128,0.7968791895173406,-5.411379167683905,0.0682404144784307,0.26476709206317056,0.15608984327396946,0.4154149818616973,31,Korean,energetic
Thunderstruck (Version 27),AC/DC,0.39355110579769625,0.9369844809301116,134.49646736401945,0.5873242461105223,-2.750802283974677,0.17098513130221427,0.10107185109573963,0.11834173357380649,0.291704336729033,95,Korean,energetic
Can't Hold Us (Version 27),Macklemore,0.4269436838935814,0.9433468784762516,184.15456515040324,0.5653812703846017,-4.289362145466943,0.1549655533309243,0.13493181244136593,0.20093884213378757,0.07259590465590773,85,English,energetic
Till I Collapse (Version 27),Eminem,0.6652132563175908,0.7457958940001821,188.14083275801158,0.6599522586112153,-5.747569098174434,0.16817779534229702,0.020057609228724085,0.1370843758202731,0.2165015932587641,16,English,energetic
Run the World (Version 27),Beyoncé,0.47088022454973055,0.9735262996004431,182.56498754617056,0.5287654238863725,-2.282500404520367,0.1054598266257588,0.3603471577606317,0.11449531668405678,0.3083728998243123,60,Spanish,energetic
Power (Version 27),Kanye West,0.6004531648445917,0.8468682718682817,161.9273779662049,0.5925332639895265,-1.9543206200608578,0.09026720654785775,0.3834065100010423,0.10041827534204961,0.3572347278321685,99,English,energetic
Stronger (Version 27),Kanye West,0.8644302477834651,0.8990374969048277,190.98910353321762,0.8723664318906528,-5.119058276087969,0.12002478798789931,0.06250453592454223,0.1745919883278119,0.15368988731645175,41,English,energetic
Clair de Lune,Debussy,0.2019199299269483,0.2036454769955517,87.77593333512979,0.429975391926959,-23.394729738465585,0.9582341743330283,0.5396584336000049,0.08722689905768666,0.08707543370193678,58,English,calm
Weightless,Marconi Union,0.5421344521209259,0.2700575417775394,68.51165162191653,0.17590542325840436,-13.69048576198291,0.5161076802251865,0.4237744603069943,0.04507802319472813,0.216269359999607,84,Spanish,calm
River Flows in You,Yiruma,0.5358517550275967,0.14415124862262782,81.34510436614187,0.4927671138005657,-16.969920277378336,0.9486020654658958,0.40713355445614086,0.03872609631872922,0.1529658663466129,89,Korean,calm
Holocene,Bon Iver,0.48643676713260536,0.043772161934391735,73.52345528082544,0.11865436018463615,-25.056002018222976,0.9137228679898066,0.11726458180860756,0.07402588214457329,0.2831239686284349,49,Korean,calm
The Night Cafe,Van Morrison,0.2947711446044729,0.27745393629105924,108.75509505501002,0.4849112240609853,-29.596628560329705,0.5501655266060343,0.20379777652714118,0.07616285347857138,0.23143971886331888,75,English,calm
Bloom,The Paper Kites,0.4696946246512796,0.13443135509689524,68.4888469879061,0.33230443678090127,-23.875349747569068,0.8644170735611517,0.40895205507993504,0.047091175574917474,0.1233696443397536,71,English,calm
Re: Stacks,Bon Iver,0.28458812801989863,0.10629855047466458,64.74152194220507,0.23874280437155582,-34.15889431565196,0.5932069235831634,0.6227393112336004,0.046037519094129814,0.21705925424433598,91,English,calm
First Breath After Coma,Explosions in the Sky,0.4867536702389109,0.23247413709284542,107.93488706826992,0.1085759466492453,-18.010989036472733,0.979393321970204,0.7035902105470575,0.03343141534440107,0.131705076562933,62,English,calm
Gymnopédie No.1,Erik Satie,0.26898073595058614,0.24052334552588164,95.60939909897462,0.22682950774522329,-22.591348798361203,0.8454602850355974,0.39493787162773386,0.08832124243643676,0.2428874838219543,39,English,calm
April,Nils Frahm,0.2258662175402283,0.24845011963633162,71.76627754798749,0.3230073058669101,-12.991565819441778,0.9395310022761251,0.3831614821805922,0.04332110866754827,0.10860143610206476,56,Spanish,calm
Experience,Ludovico Einaudi,0.41300594790260803,0.045699381303222535,87.46375040641243,0.10053345579631681,-27.55145849284557,0.6099671569152907,0.7798531529725474,0.07817938556559832,0.13741334511555942,28,English,calm
Comptine d'un autre été,Yann Tiersen,0.23713803461224822,0.2067202378762496,70.67239406630212,0.3145718183593431,-15.786665853885474,0.8078962760506927,0.5436518936815016,0.06328242312502493,0.2818164081578523,28,English,calm
Aqualung,Jethro Tull,0.5727610737682414,0.20508928042942087,75.28797435717522,0.2838348023517776,-30.70916801950084,0.8181721576590446,0.45006463504756333,0.02826403822506239,0.09941194527990384,55,English,calm
The Rain Song,Led Zeppelin,0.3918527824798107,0.35503559628754333,88.31953603155488,0.3726140000833883,-27.202343355890076,0.7857056965221172,0.4131658758466472,0.07273039300985286,0.0626438915197526,62,English,calm
Breathe,Pink Floyd,0.39732008649558365,0.11839705005758679,76.30925306389545,0.4843669726232246,-30.798019307638196,0.6556226262892985,0.4569248030116103,0.0890421558519699,0.15416752080159263,19,English,calm
Clair de Lune (Version 2),Debussy,0.4975461123552684,0.34254963928592097,75.50081779109244,0.257100073415484,-26.799206855167807,0.9164279043089605,0.13104280336752083,0.04467368710629441,0.21985213939878245,63,English,calm
Weightless (Version 2),Marconi Union,0.42617739982613706,0.17451574371747772,86.99741136106923,0.17903383433132733,-25.093517703015763,0.7508514920881746,0.7308323853682211,0.040866813024318105,0.26695712554123313,61,Spanish,calm
River Flows in You (Version 2),Yiruma,0.45769656033039274,0.008136332427040394,96.23156684496968,0.11422075101962204,-12.0602340832823,0.9363183438455989,0.308140623278032,0.040592898415736434,0.1453602705264022,75,English,calm
Holocene (Version 2),Bon Iver,0.3424667861257772,0.14893512735415243,75.91382730597402,0.3484533627393326,-31.22193573442565,0.9229906462230066,0.6686817388219207,0.05811865662842164,0.2631824913196369,63,English,calm
The Night Cafe (Version 2),Van Morrison,0.2988580280121173,0.00702618228158678,90.96039625149115,0.2831637627858862,-21.955215435194972,0.9496697045092015,0.7789479014961604,0.07075625118044825,0.24101389746310958,13,French,calm
Bloom (Version 2),The Paper Kites,0.23352337339486573,0.06428623395660225,96.66024024764883,0.2725461825552008,-24.74279878069867,0.6543038408177183,0.5251494684344207,0.03481320363329621,0.2067290698284739,91,French,calm
Re: Stacks (Version 2),Bon Iver,0.26951954285409585,0.02553041388388544,76.51788443495305,0.19245613680393908,-14.553192313204356,0.5274767269343132,0.223629584801886,0.06389756844664396,0.17026679771186842,84,English,calm
First Breath After Coma (Version 2),Explosions in the Sky,0.21834080734988062,0.0029009712060577898,109.4033970980575,0.36353388014353527,-26.595658989264194,0.7352161238316206,0.2865850843180009,0.04758990269545678,0.2122611168170535,67,English,calm
Gymnopédie No.1 (Version 2),Erik Satie,0.5531247195469482,0.07365200923247395,102.01807526926594,0.14862265180730763,-30.055178857467002,0.5185876440248229,0.19856830346509963,0.09338425163712405,0.16485968665459466,82,English,calm
April (Version 2),Nils Frahm,0.23106634471134144,0.38389073521558453,103.94961538793251,0.4018730083472565,-13.53012578520617,0.610064710417882,0.6854585051070605,0.0751992957083445,0.2674398123919221,39,English,calm
Experience (Version 2),Ludovico Einaudi,0.5187646262970519,0.13859802527073,98.71992685086278,0.20498252119395613,-27.442380250354738,0.5539528586114881,0.7545536311863281,0.04328026907202252,0.18015561629286297,90,English,calm
Comptine d'un autre été (Version 2),Yann Tiersen,0.35653313458647706,0.3839712482334006,76.75245854692412,0.4114183285690757,-15.32542844348286,0.717803248740483,0.3647202701170519,0.07981966567461024,0.27822399507655854,72,Korean,calm
Aqualung (Version 2),Jethro Tull,0.5019726932288953,0.09085054623674625,104.41538737188526,0.25503266697473326,-21.746723529107513,0.9157178096463555,0.23187633718034456,0.08276081085420425,0.1990406994776694,73,Korean,calm
The Rain Song (Version 2),Led Zeppelin,0.5573366567310433,0.06878816073741718,81.03411185204642,0.433137237146735,-34.557670820494515,0.5561006833828215,0.7933956489297144,0.04243153428722804,0.29388579843098833,71,English,calm
Breathe (Version 2),Pink Floyd,0.2730126204034696,0.14443777720293424,97.64347222517853,0.36311136289527146,-21.634184801631722,0.7649495879025038,,0.03879588502667142,0.16061773174837962,84,English,calm
Clair de Lune (Version 3),Debussy,0.26218091686258294,0.23837663829228176,72.52722121356601,0.23353682573735435,-24.161233517658854,0.5133852928515639,0.16435655514458636,0.07487433765665757,0.15724249517937683,50,English,calm
Weightless (Version 3),Marconi Union,0.5459160887999581,0.2778688014576798,60.405047082366124,0.34668493230685393,-32.844328080626525,0.8904665898952471,0.7940553817949514,0.06249590353932093,0.22069487504853258,34,English,calm
River Flows in You (Version 3),Yiruma,0.29492566435790063,0.17503909750151744,102.80476661181919,0.1669691790985005,-28.89268107088347,0.7227168376430151,0.5985742242908099,0.05007071638365391,0.28193306994575096,44,English,calm
Holocene (Version 3),Bon Iver,0.23778282050748767,0.148321679017939,95.44770617142109,0.19039470626459698,-19.90249791271752,0.582108479113673,0.13918619940318047,0.02968125733989191,0.2824961957835337,83,English,calm
The Night Cafe (Version 3),Van Morrison,0.42070035317582055,0.31853831019185963,76.63272504525256,0.3370634591541787,-23.616100924785194,0.9728689797011469,0.6233022452378773,0.07844341051972632,0.061588317358569886,29,English,calm
Bloom (Version 3),The Paper Kites,0.41986786760147643,0.18679658156072595,106.39211333030973,0.2029367952758129,-28.79383057430483,0.7056731244407501,0.2703587993844633,0.030334713424699962,0.2643537116627002,70,Korean,calm
Re: Stacks (Version 3),Bon Iver,0.4233106097615663,0.34454508758262675,101.5567382701848,0.21281694191586845,-22.402038780541698,0.5416088513700352,0.740676318821531,0.052341017205212254,0.14841904597225536,11,French,calm
First Breath After Coma (Version 3),Explosions in the Sky,0.3211021482471813,0.18426549788428154,72.5879693272724,0.24994090911872183,-16.60121788254772,0.917127751792586,0.31292773433996135,0.05752115444422304,0.2684549440700131,56,English,calm
Gymnopédie No.1 (Version 3),Erik Satie,0.22106933273187887,0.3556579847983142,70.95921728261658,0.37141569768575033,-21.601310983154193,0.776470374094626,0.701552157326975,0.0281257714915729,0.13675700633140903,18,English,calm
April (Version 3),Nils Frahm,0.4153010985379062,0.32451554157841594,70.82215417058357,0.4211719365497105,-25.808314902639477,0.5944569282168477,0.6312905083104379,0.027271912117963825,0.17869184351886075,30,English,calm
Experience (Version 3),Ludovico Einaudi,0.22555031354475538,0.14256714206311502,90.05383995031963,0.32244621659488526,-25.69292538819267,0.7145239969860578,0.2587386873455366,0.05647060707392823,0.28831371393020855,55,Spanish,calm
Comptine d'un autre été (Version 3),Yann Tiersen,0.5401811671135162,0.05809314763053752,61.48903936604604,0.47340972508665224,-22.884755752742805,0.7689189115746539,0.6465025969945657,0.045175117909706124,0.17047689220900053,76,English,calm
Aqualung (Version 3),Jethro Tull,0.5874651652586951,0.26885947477296285,67.68725159978929,0.15329069919374133,-30.301910558340875,0.8833558372103587,0.30676390268843123,0.021711107734006384,0.28604359087641545,58,English,calm
The Rain Song (Version 3),Led Zeppelin,0.26788536655796424,0.0038232744592274328,71.85658011916615,0.19401151484725349,-25.29387923054837,0.9601949157500185,0.7154294424453685,0.05655156439859424,0.15272497624795162,97,English,calm
Breathe (Version 3),Pink Floyd,0.4220036345899405,0.0973816047887063,62.609249598318144,0.47568965446848266,-30.705923347825028,0.5992003646228582,0.43072223019776334,0.05932906758722646,0.05460855242518549,32,English,calm
Clair de Lune (Version 4),Debussy,0.25918189550958826,0.1512619274242967,94.18653467552696,0.19136738273277434,-25.270667736439457,0.7786725323582334,0.7220147462363045,0.04608564018616987,0.08338956646587088,65,English,calm
Weightless (Version 4),Marconi Union,0.3957088903590433,0.29868864067362483,65.49298785263667,0.2698733966787842,-34.590941750962884,0.5167795908236256,0.438067354251666,0.04385578385207435,0.26127682475135305,10,Spanish,calm
River Flows in You (Version 4),Yiruma,0.4408617224505817,0.18157318469719616,80.39676855271482,0.29889819207582535,-34.06990688210879,0.9463966782103299,0.7988122090137709,0.03451896998869589,0.08009574119365494,73,English,calm
Holocene (Version 4),Bon Iver,0.2574309853794381,0.2644108232937469,93.07204192253874,0.43916966491136444,-17.707993066196174,0.7248448366846698,0.5289987530957232,0.07506277362944064,0.1781841175713063,16,English,calm
The Night Cafe (Version 4),Van Morrison,0.3902603937806547,0.2580389782570613,87.87372744878269,0.3575769221343642,-20.904340198842633,0.8595982802568274,0.5499624561480133,0.06157939891498139,0.22044920282109665,94,French,calm
Bloom (Version 4),The Paper Kites,0.3797927860741712,0.09666849038904042,60.07091100669577,0.3239856588583373,-21.414929788001256,0.9860244823878572,0.3530348338659929,0.051530659426264946,0.10044989533554756,35,English,calm
Re: Stacks (Version 4),Bon Iver,0.22821371809492877,0.30912179714469623,72.48405321696625,0.34356194441201515,-19.181220182453927,0.7356183436458239,0.7134464791190341,0.0555035872783783,0.12122715576044128,50,English,calm
First Breath After Coma (Version 4),Explosions in the Sky,0.5584062091846489,0.3446257136999826,68.20199735382064,0.11038440734156839,-32.93033220395873,0.6432736992769086,0.7805818612191975,0.06468129225286601,0.1433154330073172,71,Korean,calm
Gymnopédie No.1 (Version 4),Erik Satie,0.5554864378450985,0.18125453259139987,75.76193142005106,0.476487811498263,-15.461093677568407,0.9218341877097205,0.45859932013514926,0.0831550719052364,0.09483833981613797,42,English,calm
April (Version 4),Nils Frahm,0.4292891830224974,0.3935383691390183,74.54792152589809,0.4177409316990701,-23.718996634214456,0.5199028416110436,0.6341135784709672,0.033485531551369026,0.20786839178318756,90,English,calm
Experience (Version 4),Ludovico Einaudi,0.23426567761878916,0.37874695899838595,74.58619435901804,0.19058587667095797,-32.02986270647431,0.973001096669524,0.5983326197089137,0.07933287109744709,0.17485114034506116,95,English,calm
Comptine d'un autre été (Version 4),Yann Tiersen,0.3898911141081933,0.04400849719659066,87.99205477919959,0.19876659804351618,-12.525657345590666,0.8982904700075737,0.3890944421350213,0.032107300695322645,0.24633292278469598,94,English,calm
Aqualung (Version 4),Jethro Tull,0.2488215068325264,0.0757335013988282,70.57602588721137,0.3227562553092378,-16.897696958221577,0.657157439362346,0.1592688699927026,0.057163077081953534,0.2370275602899839,13,English,calm
The Rain Song (Version 4),Led Zeppelin,0.2886655372349553,0.0879698192157497,107.36135136733554,0.4816614908476712,-12.219288162583744,0.9038298007873901,0.2317289184175619,0.03695852166394091,0.135056310380598,50,English,calm
Breathe (Version 4),Pink Floyd,0.32725301253339634,0.38261109963120365,99.45369914408468,0.3896035168646216,-30.72284584666297,0.9547627796811649,0.6795092656543217,0.03309134730623389,0.2677925829902431,96,Spanish,calm
Clair de Lune (Version 5),Debussy,0.3088990145481885,0.03234789833284242,92.8411153257105,0.3615218637537323,-32.81656377999079,0.6594259044682912,0.7949701235788771,0.07427413336069895,0.23251879165083228,69,English,calm
Weightless (Version 5),Marconi Union,0.28516691424172225,0.03151282840156573,73.84508448704688,0.1995593540772768,-29.60548568279478,0.5963771609435198,0.5023289834587831,0.046248278067345744,0.2550862537618826,76,English,calm
River Flows in You (Version 5),Yiruma,0.2735789671389536,0.1858508283474178,60.682891821304,0.29267292898207686,-33.71572091984109,0.9888617559363218,0.6534144900552891,0.05920891813091643,0.07164683954483757,48,Korean,calm
Holocene (Version 5),Bon Iver,0.4369781763161657,0.303505500280751,69.53586265023726,0.32728333631499634,-16.273149337194038,0.8841238888231582,0.6620944125070071,0.0903458739895776,0.2844205255398676,25,English,calm
The Night Cafe (Version 5),Van Morrison,0.3622084620814144,0.2275076410091509,99.53297630228055,0.37885592557831327,-12.103034749919289,0.5068388255523221,0.3485932507210535,0.042482234101616195,0.11557896254138365,15,Spanish,calm
Bloom (Version 5),The Paper Kites,0.2890119129995543,0.28364953632609163,64.2379736637661,0.3966435335773354,-19.051205633625713,0.6254020662504483,0.2769836482156129,0.07030884682756018,0.24054277637091948,65,English,calm
Re: Stacks (Version 5),Bon Iver,0.5505942452349462,0.34085582554179034,108.24414970819265,0.3325539581346045,-14.100922089171728,0.9042566366302054,0.7262673370198095,0.02093012810282933,0.29147574796645276,24,English,calm
First Breath After Coma (Version 5),Explosions in the Sky,0.3894120651385913,0.3192731958299372,66.36020596688904,0.25837643832558965,-28.75640475051721,0.6458293852504685,0.18627893396561723,0.08446110660344057,0.05231057864526954,25,English,calm
Gymnopédie No.1 (Version 5),Erik Satie,0.325002182794081,0.06976421728656601,89.45194703041702,0.20170096104581756,-29.04303554585371,0.7441690719976594,0.5568823275386481,0.02970437636521309,0.09387786311637404,32,English,calm
April (Version 5),Nils Frahm,0.29886989783780704,0.3894992856471842,79.85762499714602,0.33959603625241064,-29.44451530753251,0.745229762578744,0.15188342207017064,0.022779371673786155,0.16718338170536506,88,English,calm
Experience (Version 5),Ludovico Einaudi,0.35946371500736485,0.054752127876731074,94.38007144603668,0.4971613963597058,-25.90012311247561,0.8122793179586972,0.7740831596551401,0.08652279779575002,0.16588805582567145,75,English,calm
Comptine d'un autre été (Version 5),Yann Tiersen,0.49499579378396774,0.05125401610020961,85.60519277318997,0.21162411087197464,-31.293235178388294,0.7131404531272674,0.19171018810353013,0.07591880865395885,0.1640600110133339,42,English,calm
Aqualung (Version 5),Jethro Tull,0.4124578530258655,0.05855037546726281,66.98858305467472,0.3333661741040497,-12.344775799922736,0.5481252916188628,0.3000119999960469,0.089556729323031,0.06806800306380924,26,English,calm
The Rain Song (Version 5),Led Zeppelin,0.5503542885467805,0.2097143933499005,80.41333869632129,0.22387222574058235,-28.166305363059635,0.6529012912247394,0.7193621566721371,0.07790361841398284,0.21743075195778766,88,Korean,calm
Breathe (Version 5),Pink Floyd,0.5194996595808004,0.102845865201658,90.90214060408779,0.2840264955831804,-17.00384239039555,0.6546280552366428,0.5502250318089271,0.09057699294538508,0.1505376190487322,17,English,calm
Clair de Lune (Version 6),Debussy,0.2266488349469846,0.20642032893671713,77.29862439035129,0.36889015221887,-13.12624273078206,0.7428041589984236,0.42633316110887376,0.07236678401531682,0.07587437589839192,96,English,calm
Weightless (Version 6),Marconi Union,0.3014024755700059,0.36759173020015945,93.4971306681883,0.1053776175933665,-30.293614131142544,0.8414186330144495,0.6350794417938019,0.08718876581392336,0.12304420084551122,67,Korean,calm
River Flows in You (Version 6),Yiruma,0.572411438511025,0.22117875743115697,94.82695111939464,0.3386955451119632,-32.176978742483726,0.9815573296924399,0.18601290592590686,0.04039055651289469,0.25340697005574503,98,English,calm
Holocene (Version 6),Bon Iver,0.44743878460044056,0.3352596661505428,85.78680941870225,0.25079729414665397,-13.797553510400945,0.5181261587573974,0.6992911542471322,0.038465422815022535,0.26218408193849196,24,English,calm
The Night Cafe (Version 6),Van Morrison,0.2556786453667542,0.23208758547621622,104.40539595057359,0.2894158587595562,-17.82896650252196,0.9023358089277792,0.6155459461017454,0.09402637894996788,0.16170855762998215,90,Korean,calm
Bloom (Version 6),The Paper Kites,0.2692501756660623,0.019124425480991913,72.32299348187526,0.15727900155209684,-22.16717894700695,,0.12725359510255985,0.02287918630949343,0.2578923745912154,64,Spanish,calm
Re: Stacks (Version 6),Bon Iver,0.43657997257720993,0.14323412075735129,104.71140213701234,0.12807864456308546,-12.452592327260003,0.8081458951272305,0.22842497777819395,0.07432552791815748,0.24084531494589068,76,English,calm
First Breath After Coma (Version 6),Explosions in the Sky,0.3717371133483098,0.344653042498219,67.53662036482352,0.21153503343104335,-32.849675683568236,0.6054389203036761,0.26711016833780155,0.09341065527373682,0.06952742218778905,84,English,calm
Gymnopédie No.1 (Version 6),Erik Satie,0.37096604807508377,0.2129594748907652,104.93465269010804,0.49907848746448547,-17.672073356843775,0.9853954952845148,0.6509707927751117,0.09705621127771333,0.2268176814861138,58,English,calm
April (Version 6),Nils Frahm,0.23190537018042845,0.16076807479707061,92.32986419012352,0.2402874037817004,-28.71216988338309,0.7886996335665455,0.7534513136917045,0.022798549881292283,0.24230780088535941,76,English,calm
Experience (Version 6),Ludovico Einaudi,0.4890909112178508,0.38558137015531485,106.53556111662718,0.4048930248176772,-23.03059841230023,0.6021337766167599,0.48166500282790214,0.0812281595135723,0.27391730315947327,36,Spanish,calm
Comptine d'un autre été (Version 6),Yann Tiersen,0.5158848036842196,0.0781067740764216,89.98431571140297,0.23286938381254282,-34.78826965001521,0.600110467894333,0.17925445495341452,0.08741752988315749,0.114626563036953,72,Korean,calm
Aqualung (Version 6),Jethro Tull,0.3138791875550222,0.38397462871955373,78.95433615244261,0.10383425605775783,-28.47153858803886,0.5596497903009062,0.17196599321509778,0.02619898321085996,0.1983148675438443,24,English,calm
The Rain Song (Version 6),Led Zeppelin,0.2757390894519435,0.14449711761640419,103.10088580650084,0.2697352559185103,-13.939098948812337,0.7489690266978031,0.37918563038782904,0.08003111416725613,0.06829377469200053,31,Korean,calm
Breathe (Version 6),Pink Floyd,0.23579135319296696,0.2607894855691843,84.34703566196241,0.41616610012768407,-13.925770741098777,0.6941834388357737,0.5174870186092524,0.06005573022362479,0.2954026639106082,18,English,calm
Clair de Lune (Version 7),Debussy,0.5324337629426381,0.36469508331094147,72.7170043788802,0.40901056926503776,-28.894115825054076,0.6043712667141949,0.7609863117588856,0.021544353337429333,0.2913471759158574,81,English,calm
Weightless (Version 7),Marconi Union,0.25970475879552246,0.3277752327173073,73.79612765340515,0.24028093097229097,-30.014572639594345,0.7927570212405398,0.34366688325551187,0.07259144315957305,0.053911829485516496,95,French,calm
River Flows in You (Version 7),Yiruma,0.22574995340601586,0.03986446109249946,80.94968426551155,0.42591846906399045,-14.571908061297197,0.6224053700304504,0.5020588069673099,0.08146919941540805,0.12220735747990218,36,English,calm
Holocene (Version 7),Bon Iver,0.3636030946945093,0.20958968107428558,66.74374232040239,0.11039291749031213,-31.485466385679487,0.8134268106267667,0.15153278307357718,0.035175709188010267,0.13446347142382592,36,English,calm
The Night Cafe (Version 7),Van Morrison,0.23114802572254656,0.07667970846465377,105.56348944917556,0.10771965289079391,-19.97106574398967,0.6922044654575925,0.5708541176026598,0.06709533762907237,0.10587468858866107,90,Korean,calm
Bloom (Version 7),The Paper Kites,0.5388837950293555,0.19677615304374269,101.12680094567358,0.2624050144752877,-12.352232259949503,0.8852446792506481,0.7761651435788015,0.06114611831278871,0.1684227830726751,16,English,calm
Re: Stacks (Version 7),Bon Iver,0.502181523730103,0.3521165052053721,108.20728979327791,0.2298207624129999,-16.629794801619305,0.6053227988177683,0.4819020427218117,0.034387851872735936,0.13684934043758473,59,English,calm
First Breath After Coma (Version 7),Explosions in the Sky,0.5725433468825837,0.05843627990923444,91.62004475675982,0.33718170917096135,-32.22301788769331,0.6629895218844061,0.494087053160686,0.03497428871907922,0.25015591410320387,43,English,calm
Gymnopédie No.1 (Version 7),Erik Satie,0.5888626038139,0.08590375998498884,69.3455982395288,0.28197402871897786,-17.80139862577926,0.6408003051176256,0.11391593608809629,0.06329765024263152,0.2891501419418269,58,English,calm
April (Version 7),Nils Frahm,0.3565107421627782,0.16805382167324018,108.4450858557019,0.3778430446506914,-18.45904577463112,0.7813510026855338,0.7822264476042692,0.07510931875404449,0.27375818790129236,73,English,calm
Experience (Version 7),Ludovico Einaudi,0.4797515462932885,0.29404632993615837,74.52054610711232,0.2213914792055276,-16.99135305975133,0.6483531445849497,0.49393904956107215,0.03994818487253616,0.25424584520226734,83,English,calm
Comptine d'un autre été (Version 7),Yann Tiersen,0.244200540491076,0.3317786559046658,90.13649002538008,0.1747638139308309,-22.53318613335928,0.6412494184236702,0.3264271343113476,0.04812224332775043,0.06582981174308024,90,English,calm
Aqualung (Version 7),Jethro Tull,0.5943846737605669,0.01261385125248964,93.12484365921392,0.24849105910297223,-20.141763308225926,0.6781241265437918,0.5716254523812011,0.07833884075746887,0.22263816009991122,90,French,calm
The Rain Song (Version 7),Led Zeppelin,0.24558479254326093,0.26275729386187385,73.99937747270486,0.11152054822773341,-25.45889454655406,0.7167715514019005,0.4270218933467126,0.0763859332312573,0.1272109522856148,49,English,calm
Breathe (Version 7),Pink Floyd,0.32611220524156903,0.02422090249650424,94.3410607996148,0.3271304365598336,-26.963222408042874,,0.47615042445881406,0.05753959566964317,0.1778311359152816,93,English,calm
Clair de Lune (Version 8),Debussy,0.4545392501068226,0.2640010418298398,74.44789095703585,0.1562973453564613,-31.39741383261807,0.8196954429515009,0.7110113000369882,0.05275970226764415,0.0923800400823656,93,Spanish,calm
Weightless (Version 8),Marconi Union,0.5026409993175418,0.33299578976777944,104.02912215604833,0.3427325715654933,-15.203243134074054,0.5077074792242038,0.1750650612386665,0.0274060853641679,0.22815117106368327,64,English,calm
River Flows in You (Version 8),Yiruma,0.2278327134174316,0.19854574898652283,83.63534493181446,0.22428140942329639,-14.980681091331704,0.5852166009399979,0.3467239490794679,0.08193372000183433,0.057605578598321064,36,Korean,calm
Holocene (Version 8),Bon Iver,0.46918016009854746,0.3265590905446283,106.61339194190836,0.45051865619659404,-27.654165312825242,0.7931820706614763,0.1541054452053261,0.04062960028384069,0.07355559468687685,38,English,calm
The Night Cafe (Version 8),Van Morrison,0.32607491606158556,0.35007488538349163,77.35834198371464,0.32475924120057054,-25.032240493356362,0.7294582621493677,0.7787004362855908,0.04369235746110864,0.20683111738079285,73,English,calm
Bloom (Version 8),The Paper Kites,0.3680250678317788,0.024458472419074485,84.4665415812118,0.4253373316180433,-32.72868172032117,0.5347959236981545,0.20754206427528668,0.08115200891114449,0.23099884603618448,35,English,calm
Re: Stacks (Version 8),Bon Iver,0.4260071075624442,0.18729056163705296,104.4162907351311,0.406679129533393,-16.32532822005848,0.9066311506753271,0.5499020083218906,0.05664116994527567,0.2661694381464126,52,English,calm
First Breath After Coma (Version 8),Explosions in the Sky,0.5704029670413002,0.009522417303337206,62.57774366331257,0.483497318763375,-28.62530588158352,0.9366847198247094,0.37215658327298184,0.02952800460874845,0.07011080005233357,81,English,calm
Gymnopédie No.1 (Version 8),Erik Satie,0.2626031596321826,0.0999572779469459,84.42591769654132,0.38059916022631346,-12.3128327408381,0.7207533716445855,0.462729459640177,0.06174525611066045,0.18485858887198403,86,Spanish,calm
April (Version 8),Nils Frahm,0.4070962628417849,0.003509902024767131,60.086241105492036,0.13906652725044918,-32.66419812112889,0.852448454477398,0.24344122276119987,0.09157712838044904,0.28215158239425486,69,English,calm
Experience (Version 8),Ludovico Einaudi,0.5903573351583595,0.37563252195480806,73.59441609592623,0.303910737881405,-30.964535685470356,0.9031048275862166,0.7219021936008673,0.0881031071438012,0.15834173717420874,56,English,calm
Comptine d'un autre été (Version 8),Yann Tiersen,0.5034695538747124,0.03903166783050778,62.012238530962534,0.4012945657235044,-25.216828690440273,0.9977746323697846,0.1680779510988727,0.0884502145228187,0.16999576638224795,40,Spanish,calm
Aqualung (Version 8),Jethro Tull,0.5308600782015508,0.32685091286805795,105.79960006810387,0.21914000451444113,-13.15461487037393,0.5758334801788101,0.1573781443154434,0.05452924138978793,0.2570807421604607,53,Spanish,calm
The Rain Song (Version 8),Led Zeppelin,0.38936845225337824,0.33171467101220564,96.48434028971526,0.18377135445557344,-13.175722627312332,0.5303905843147017,0.7287957952806565,0.04435547591922992,0.17503702079109984,19,English,calm
Breathe (Version 8),Pink Floyd,0.3689407490802938,0.06873382276676647,77.90734332008466,0.17717377451711813,-30.31061106440795,0.5935284180131901,0.44231216624261604,0.08383450940090525,0.19224250844031027,97,English,calm
Clair de Lune (Version 9),Debussy,0.5572826354203367,0.2546177954306897,94.46700578163022,0.3670428918908013,-24.662438556773953,0.8446694111000415,0.14879542252827282,0.08878811775325306,0.24445303586097933,55,English,calm
Weightless (Version 9),Marconi Union,0.2980919832926715,0.30721298170163297,60.632130070000926,0.18689862899235218,-33.501843510569394,0.8901134583089474,0.6291119058248711,0.08509088190414646,0.05112042333138221,29,English,calm
River Flows in You (Version 9),Yiruma,0.4004930906713632,0.28193447900693464,67.77005643695077,0.35991629100504985,-33.065467715877226,0.5906629280521566,0.43305777049622074,0.07228521221448816,0.08646728173847402,17,English,calm
Holocene (Version 9),Bon Iver,0.27408933233237515,0.0817785468262652,71.93504023494893,0.19062153941051652,-25.911570504554355,0.8268948254183615,0.40662224819412884,0.08207791269999105,0.2298171264871537,61,Korean,calm
The Night Cafe (Version 9),Van Morrison,0.25061076561963025,0.019536649328297573,103.89707819998031,0.13193242662514937,-31.588198843446598,0.511066637779059,0.5398354557090577,0.06658964505266789,0.2967259166088139,57,English,calm
Bloom (Version 9),The Paper Kites,0.5547729585268688,0.1643372709923639,78.57929204562674,0.21874081371199405,-31.494640839128728,0.5690418283010046,0.19259859560672382,0.029129180574942286,0.11012801060138423,61,English,calm
Re: Stacks (Version 9),Bon Iver,0.32266745212524656,0.3846315884155664,88.92366255009429,0.4950383098053124,-26.433260200009514,0.7288133162947206,0.32720506141569544,0.03463101207172421,0.0857911769443948,28,English,calm
First Breath After Coma (Version 9),Explosions in the Sky,0.5780316791231328,0.39472427271950233,62.245474825436574,0.16013834989270662,-25.258945877076478,0.5931667381722037,0.35471627553881835,0.030327707988770672,0.16412793918044755,56,English,calm
Gymnopédie No.1 (Version 9),Erik Satie,0.3086778464677037,0.14076202230346432,64.71563257313738,0.2712512202840567,-12.385074947883894,0.6644165234405952,0.7135004923897046,0.08745593132989482,0.28801460457430267,52,Korean,calm
April (Version 9),Nils Frahm,0.5160438049068378,0.263838730823526,102.82922221137288,0.13025787226293986,-24.354894884427424,0.9946281193075295,0.6387201059063126,0.09696603024297785,0.24490858903336976,74,English,calm
Experience (Version 9),Ludovico Einaudi,0.5499527869768577,0.2826118529212764,98.02510022086199,0.3092712039358003,-13.742532881274943,0.9125194553116809,0.6907194759659426,0.07384072807704418,0.12614498677181224,30,English,calm
Comptine d'un autre été (Version 9),Yann Tiersen,0.21425191815605574,0.3742620517638178,89.30601744027484,0.21925718845925612,-31.56989251950663,0.9147615827503773,0.6855641361133052,0.08516063745044253,0.21127067299169655,90,English,calm
Aqualung (Version 9),Jethro Tull,0.3464061550367504,0.1216281139121028,60.42773850590851,0.4334430234752962,-32.98904795764622,0.8153774990203838,0.4528524627880619,0.06213514871410809,0.2816782113269433,83,English,calm
The Rain Song (Version 9),Led Zeppelin,0.21264600450849686,0.30935688985150894,62.602619918365356,0.11526144237415088,-25.114192942748215,0.5315375871714834,0.6524007659050385,0.06236504749186697,0.05725969566494361,59,Korean,calm
Breathe (Version 9),Pink Floyd,0.2162002745927678,0.24506741189579176,100.30559088292024,0.27511981250990947,-22.24464455468064,0.8999147270249508,0.5273543218292734,0.03798081901270556,0.20326300646736967,77,French,calm
Clair de Lune (Version 10),Debussy,0.4513117836260854,0.29364279235245067,91.04370937784006,0.48769685218321523,-30.462368899507425,0.9755453397835381,0.47683764324501143,0.07375649123959296,0.07486539936304747,41,English,calm
Weightless (Version 10),Marconi Union,0.3522303765512428,0.3077516585852691,95.34555075494951,0.11605575526616407,-22.428331939563375,0.5441390964842048,0.7970995004247137,0.09178372708266358,0.05527016510713424,65,English,calm
River Flows in You (Version 10),Yiruma,0.5434598315610524,0.36777184022336307,77.67741112817275,0.38780066201910635,-24.831613837221084,0.8276162422881721,0.3382221830087341,0.04580473893066147,0.15610847221439478,61,English,calm
Holocene (Version 10),Bon Iver,0.2582271034610005,0.3324555857741531,77.43489476808183,0.2600598215623381,-14.436743907850673,0.7483119070315857,0.48097773654560405,0.09651984998216788,0.2716815957862473,22,English,calm
The Night Cafe (Version 10),Van Morrison,0.2677866835553758,0.18928601196724204,108.56481137142728,0.24894651929144107,-26.453818504127398,0.5975151158945772,0.18002617988338765,0.07922438326047854,0.2425076171753791,76,Korean,calm
Bloom (Version 10),The Paper Kites,0.5876051854011999,0.3093672843621452,72.16762470167994,0.11604663131540618,-12.334940159497815,0.6702253477718029,0.31838007970269455,0.09247641677995061,0.19627497463624655,51,English,calm
Re: Stacks (Version 10),Bon Iver,0.2859484695396538,0.35563849708649586,109.66804275273716,0.1346714244603323,-15.168212549042792,0.695257848842197,0.4668507125546931,0.09318527806119846,0.2933447989437793,19,Korean,calm
First Breath After Coma (Version 10),Explosions in the Sky,0.30486556416351973,0.08514030838396552,64.0258279295756,0.3247191410648552,-34.68709890463463,0.7059491488049683,0.151368811656406,0.052418062634346715,0.05998304731640232,61,Spanish,calm
Gymnopédie No.1 (Version 10),Erik Satie,0.5340869042435075,0.08389559757542636,76.4154355178956,0.4480191986425568,-17.835880589359284,0.6095191808210292,0.15032959306024724,0.07725390214842716,0.14767563767202735,81,English,calm
April (Version 10),Nils Frahm,0.5064319996472885,0.17811790895008417,77.30012064861381,0.2804821632849586,-17.783143329574436,0.9511101432701871,0.13483703761200289,0.06192892329815641,0.0582088572709694,57,Korean,calm
Experience (Version 10),Ludovico Einaudi,0.3873638180097435,0.3541131316387602,78.07951332101548,0.4729801684322573,-20.496005152035984,0.9670776718965032,0.6300166377887638,0.02827481333190098,0.10778784189066927,18,English,calm
Comptine d'un autre été (Version 10),Yann Tiersen,0.3576681818334025,0.06804275280483041,84.74558023883303,0.28854726228059624,-13.00603844537023,0.7168639414479889,0.6499387630015985,0.0953528435881184,0.26924720774349636,96,English,calm
Aqualung (Version 10),Jethro Tull,0.2834670498046367,0.19841195770141773,77.38698911479628,0.2599434780548862,-26.701442996347723,0.9131796050875021,0.41649733858571325,0.06189554657957505,0.29561183926176865,87,Korean,calm
The Rain Song (Version 10),Led Zeppelin,0.22399170887660658,0.19518305591629953,98.7030853473058,0.16046478327529062,-20.9347733238602,0.6197323897672333,0.7071828792571974,0.046167973232006346,0.13226570422522738,77,English,calm
Breathe (Version 10),Pink Floyd,0.4392775514071574,0.07342516324796348,74.24443194515305,0.2666527400477646,-26.866329147777464,0.7624386090027913,0.5197481008482764,0.06533339630001317,0.21354207799798308,40,English,calm
Clair de Lune (Version 11),Debussy,0.3230998066431281,0.05057049086201122,98.04037707155385,0.4403121530522728,-29.08885665888406,0.7035459780790099,0.4489984518744887,0.06266614742023491,0.21487254277191298,84,Spanish,calm
Weightless (Version 11),Marconi Union,0.21664129334212856,0.28859083309360684,63.09855034897051,0.28731542706914714,-15.963563881908534,0.7256076566391981,0.20436282413777346,0.09880270760047678,0.27232136551856584,66,English,calm
River Flows in You (Version 11),Yiruma,0.5085254532900056,0.16460464115968418,69.19228634446489,0.47656447256740053,-22.7559240901058,0.9261777301937426,0.33946650403159806,0.04682306536635765,0.29638512016850976,16,Spanish,calm
Holocene (Version 11),Bon Iver,0.40873321939793994,0.05627816954429852,70.98373389973537,0.29277771175708833,-34.02316905876654,0.7312669926891502,0.3932585894560894,0.08234690122555896,0.13873549112231043,75,Korean,calm
The Night Cafe (Version 11),Van Morrison,0.5930195046158397,0.07230796772036126,89.54933424840675,0.13587971880330185,-18.121128368138415,0.9973768440309858,0.6733970464261426,0.0644562832576241,0.17118533934992303,75,Spanish,calm
Bloom (Version 11),The Paper Kites,0.5340119845067388,0.37438963388428975,109.46032628990466,0.2586156910257936,-12.208898079726218,0.5779631260869158,0.27748484315233646,0.027121289978711695,0.11793462912112042,77,English,calm
Re: Stacks (Version 11),Bon Iver,0.5071750206472044,0.3411697432713799,98.9446322551286,0.3524263112670786,-23.178770211979153,0.8543521446068232,0.37358348448705525,0.08730466811997616,0.21929752349419634,48,Korean,calm
First Breath After Coma (Version 11),Explosions in the Sky,0.4791218793977634,0.21437439725162852,104.26144921055862,0.200805893471621,-26.233603972695832,0.8888212848388446,0.4449242272905364,0.09113712107393528,0.13659982994071307,68,English,calm
Gymnopédie No.1 (Version 11),Erik Satie,0.3477320675278579,0.3554943157546502,83.21851600910205,0.3064498336809947,-27.346434547279372,0.638334971089541,0.5591640975868745,0.02958725292329631,0.2698181602957273,17,English,calm
April (Version 11),Nils Frahm,0.5116812547060432,0.07629930548232111,94.70099729122828,0.34105316851425393,-30.755693833057187,0.6366017530251162,0.38629055261368406,0.07593941881963791,0.20968085220425148,58,English,calm
Experience (Version 11),Ludovico Einaudi,0.4128939390706792,0.3073642172456137,97.8968869803083,0.3471436616249024,-16.89922808214902,0.6671316873896046,0.7168746698258239,0.06919280686415526,0.25559087845310763,29,English,calm
Comptine d'un autre été (Version 11),Yann Tiersen,0.41851164191611356,0.08737529799547215,87.12050643391544,0.24844466551063527,-18.957522171146827,0.737896895867368,0.6852789634493814,0.07424580098575334,0.22113610825783098,25,Spanish,calm
Aqualung (Version 11),Jethro Tull,0.28686213339642597,0.39369990659651616,102.08376046357444,0.4156019538242779,-27.40504982131937,0.7678158264236159,0.19597223165203007,0.06307807813301648,0.08647231162082182,53,English,calm
The Rain Song (Version 11),Led Zeppelin,0.4212151375958405,0.25948875206196226,79.50979836249512,0.2994179513325173,-14.859972083484525,0.5542815723514047,0.6542130250997571,0.033660364079695713,0.0591769957011571,23,English,calm
Breathe (Version 11),Pink Floyd,0.2742298410980191,0.3060172759881959,80.256303666843,0.44900820673847275,-22.931726552807888,0.5111251759631654,0.6016995267213487,0.028818632697698618,0.24734490836548112,46,Spanish,calm
Clair de Lune (Version 12),Debussy,0.267241019922072,0.13817855432220538,98.06357148126801,0.48169254299056863,-26.457019135125158,0.9147001100994678,0.2335545858330871,0.08457438161619929,0.21437351481406275,79,English,calm
Weightless (Version 12),Marconi Union,0.2770974028849474,0.12100158414056464,66.5885444298518,0.25318680442572533,-30.31608125416462,0.8219989768152367,0.7961535729543912,0.02096073304674113,0.18522995332182468,65,English,calm
River Flows in You (Version 12),Yiruma,0.4294666390196039,0.3656835158723248,85.30026673834688,0.31748056785796697,-24.151985569447064,0.6344521522807407,0.13922039327423957,0.052692614576786895,0.06314786781016964,98,Korean,calm
Holocene (Version 12),Bon Iver,0.4201969877863671,0.12291745729691726,86.6801200762714,0.15371878575807468,-13.549510787994727,0.9472606217749675,0.23299755644159917,0.04747554266352079,0.2033731929629949,60,English,calm
The Night Cafe (Version 12),Van Morrison,0.23827448292236253,0.14182712844646034,72.5556143409503,0.4662066914866787,-15.39225536534828,0.7899163706334319,0.46424243581010194,0.09445806356363178,0.28310694574470385,82,English,calm
Bloom (Version 12),The Paper Kites,0.5877320501406642,0.05015155364327506,68.02789053815852,0.37069467947195467,-22.547007037973568,0.5092329524466179,0.14338252519266356,0.09104643058070441,0.2672176988848466,72,Korean,calm
Re: Stacks (Version 12),Bon Iver,0.3429083687984181,0.3564202467722139,89.6837537198951,0.42236225880756073,-25.16908536331507,0.5566991636724543,0.40360894385221135,0.05658398383975183,0.18773604846015074,63,English,calm
First Breath After Coma (Version 12),Explosions in the Sky,0.24223308516177122,0.3965607452198446,72.20684104034532,0.17942096141483718,-22.88353286631346,0.7686040896974443,0.407874516483271,0.08175137170602036,0.17916360018215066,86,English,calm
Gymnopédie No.1 (Version 12),Erik Satie,0.4438781820579937,0.28949855416311426,61.25125507819333,0.3282576730180179,-14.663527161747506,0.508694371462717,0.38362747266067276,0.0940981960164664,0.13828860057063447,75,English,calm
April (Version 12),Nils Frahm,0.38349152968009637,0.39261655721772515,69.9661929475287,0.1261020756500024,-15.233280410190002,0.9342326706061843,0.4304544842760093,0.06113657395818291,0.25895159240445903,43,English,calm
Experience (Version 12),Ludovico Einaudi,0.495423799246318,0.10605960088680427,60.84466775357592,0.29188006501341834,-15.245016499800247,0.9479173383450811,0.7693583379533078,0.0903650590090225,0.1950108888245246,55,English,calm
Comptine d'un autre été (Version 12),Yann Tiersen,0.3778422396944403,0.30993993861363967,96.99108171827982,0.31525737203258175,-32.99147043115521,0.9630406733934593,0.41892177625116356,0.049066702553301145,0.2073918487921929,99,English,calm
Aqualung (Version 12),Jethro Tull,0.46953518446679077,0.08427516681212058,101.84694224049781,0.21597483746495116,-30.706269703970715,0.7031999264272487,0.6113920566282257,0.09723665427518428,0.2523203160928583,80,English,calm
The Rain Song (Version 12),Led Zeppelin,0.5761393510680767,0.056242321630610714,63.55883994318384,0.3230819047626685,-28.323157889987208,0.9140274864846365,0.5703915099816284,0.09765825311886356,0.11369808893282606,84,English,calm
Breathe (Version 12),Pink Floyd,0.39431364574209293,0.20049619097014132,71.9588397428688,0.3360373597952031,-24.80442232017749,,0.3539156535807385,0.021354348194042805,0.18052380922869726,72,English,calm
Clair de Lune (Version 13),Debussy,0.33409913428013244,0.0005279475937318701,75.3971853830966,0.21145133323590282,-25.95069247585638,0.5659259948216985,0.45537867724455916,0.07539522820145039,0.20754639226364313,59,English,calm
Weightless (Version 13),Marconi Union,0.5215019790276763,0.18080331519483248,85.95458651698641,0.4241607763435934,-25.162873071157513,0.8507996749497985,0.40422165810259436,0.05341889556092501,0.2400514061322901,63,Korean,calm
River Flows in You (Version 13),Yiruma,0.2699347661864845,0.13543438877662944,71.20861383734508,0.24364397718703887,-29.701379085581447,0.7897028155433273,0.6587195618324917,0.08292904489743215,0.1411252411371981,90,Korean,calm
Holocene (Version 13),Bon Iver,0.5955041623577046,0.23754174588232033,79.97001508891474,0.43421571169657025,-18.21289770921926,0.8746376684120523,0.23729754481371013,0.05746594458948441,0.2654570327061507,70,Korean,calm
The Night Cafe (Version 13),Van Morrison,0.4016152030515029,0.27338109736842015,89.39668665171322,0.43694271508735283,-28.45510068548314,0.7877376389431825,0.18626426760686282,0.07521686213595744,0.23299195958817803,84,English,calm
Bloom (Version 13),The Paper Kites,0.21713492847559937,0.270316385451194,80.73450770828931,0.14963875044387295,-25.342126402935243,0.5971164648477909,0.3908916724863216,0.05074712223668222,0.23459790923401436,48,English,calm
Re: Stacks (Version 13),Bon Iver,0.5096862232665436,0.24281146175381868,61.13434210912238,0.4724089116283976,-19.216634557781703,0.5170977249605944,0.6731830294498825,0.03602129237743969,0.1948052973927767,10,English,calm
First Breath After Coma (Version 13),Explosions in the Sky,0.38665374798007485,0.16793551294203068,104.48568600621988,0.27494451662504593,-33.26708529581753,0.9733193636074763,0.7443746618677394,0.0747546151665279,0.16697313203300623,10,English,calm
Gymnopédie No.1 (Version 13),Erik Satie,0.23714378917740853,0.31629924743099047,63.77389572120145,0.12744039395805828,-22.64017162389453,0.5800641200923201,0.1054111871382443,0.0538490744796629,0.08430430790251649,48,English,calm
April (Version 13),Nils Frahm,0.2642061661122765,0.030764255494133863,70.25468768618049,0.38619367190975573,-16.3946719339908,0.7262668220146503,0.4545876711169924,0.02261240276753621,0.06732906534282922,78,Spanish,calm
Experience (Version 13),Ludovico Einaudi,0.3030270902598068,0.217559368285259,96.97755743674965,0.3420012245352132,-25.98105933530387,0.559162036501569,0.6465412644210327,0.049102884127924566,0.2340135036206974,97,English,calm
Comptine d'un autre été (Version 13),Yann Tiersen,0.4051915367657367,0.29546482142473013,105.3644780726286,0.4684118064215208,-22.69254405998612,,0.2859749258519861,0.09486398652234332,0.16447979179990524,51,English,calm
Aqualung (Version 13),Jethro Tull,0.25103649571495085,0.17308196585061997,66.35266251190019,0.30101267370283,-22.09066315830712,0.6688778807467927,0.1501554299620393,0.09548028285065913,0.24333827837085742,30,English,calm
The Rain Song (Version 13),Led Zeppelin,0.5355524322020484,0.14674735771449177,98.04155150097253,0.2941491580676777,-30.375079766660942,0.5622116884536066,0.34153560852543985,0.031004168918011173,0.29956724405101715,46,Korean,calm
Breathe (Version 13),Pink Floyd,0.21967559609280884,0.17645743974763062,82.60467611951921,0.22025277143267022,-21.858913988740255,0.5749885120757723,0.6487386664110636,0.04659581745981106,0.19783564744966042,10,English,calm
Clair de Lune (Version 14),Debussy,0.48625569442678374,0.3556168470760645,101.78937182261001,0.34332361124142385,-26.066956851170602,0.751602335037482,0.6381143553651618,0.09020364340475785,0.07594548204416797,26,English,calm
Weightless (Version 14),Marconi Union,0.3539425049972214,0.31044663936540023,81.58258812969805,0.23289110562651355,-25.5395779730648,0.8014223733931753,0.799863600893661,0.05943939432836254,0.10212361873856514,41,English,calm
River Flows in You (Version 14),Yiruma,0.2651386301116379,0.016939898990565718,87.94086174591607,0.31782883659553374,-30.27961968405289,0.8476647032262835,0.6187749291407766,0.0407278564305689,0.13602494100743412,23,English,calm
Holocene (Version 14),Bon Iver,0.5961886689389027,0.14970578714029367,98.0400835878051,0.281090170651976,-16.753068959197552,0.8845116193913239,0.567429217638975,0.08838226770364635,0.2848046237194213,19,English,calm
The Night Cafe (Version 14),Van Morrison,0.4319933281808336,0.09498756288909829,79.93144808220376,0.40332228540531734,-20.029679842151,0.5888991692826244,0.1358676788024973,0.07463692748336519,0.11276975600733634,18,Spanish,calm
Bloom (Version 14),The Paper Kites,0.39986809749162133,0.2986987090050377,88.13333903281665,0.13332103324471856,-30.731654553978224,0.6096640920154596,0.2805049775513915,0.06523227135604034,0.1759914449563484,60,English,calm
Re: Stacks (Version 14),Bon Iver,0.28126401534568357,0.027021937382274833,68.5716102237359,0.4937525250474414,-24.223420154796138,0.9336727523510562,0.6941267266681903,0.060921564597029895,0.2266719271151359,47,English,calm
First Breath After Coma (Version 14),Explosions in the Sky,0.2771008041650849,0.27535868197076335,73.61922896316447,0.43282483870166033,-33.074344938495074,0.8865693364426388,0.16995583459803368,0.09049513895154472,0.12605112953375092,18,English,calm
Gymnopédie No.1 (Version 14),Erik Satie,0.4617573459322299,0.19500091144811194,78.31515726311694,0.3581767332733986,-13.206971447321529,0.520634873687311,0.743196999118173,0.06872653240168108,0.2518285751922631,56,English,calm
April (Version 14),Nils Frahm,0.353549981373711,0.1887371899350455,103.44253759005821,0.26593918792392923,-22.702829964771045,0.5100974615421665,0.21101860408662962,0.07133492063798398,0.22924422526596927,76,Spanish,calm
Experience (Version 14),Ludovico Einaudi,0.43304037471379975,0.05732401451024427,82.27027142889175,0.24203790654527593,-23.599789087192967,0.9351645172770471,0.6431030070610564,0.026719160111132716,0.27257729944364106,77,English,calm
Comptine d'un autre été (Version 14),Yann Tiersen,0.3887068604599294,0.2975448579543994,67.0019615632176,0.3682878102828192,-29.564501594982467,0.7191904485704658,0.11180400905747309,0.032128851034438084,0.07302012328090494,65,English,calm
Aqualung (Version 14),Jethro Tull,0.29589766917530336,0.040007236009728914,94.5955013309781,0.11161596088368775,-20.79196848562505,0.5703539154127871,0.7616130200245279,0.09464752584878834,0.10637577563024066,72,English,calm
The Rain Song (Version 14),Led Zeppelin,0.4457685192892118,0.011202127788983374,106.5894271525587,0.30919492327668385,-34.00586751739108,0.6712499965040687,0.15379462330286395,0.05143555514986879,0.21748158554033076,21,French,calm
Breathe (Version 14),Pink Floyd,0.3879559632165758,0.1534888698877818,65.95785227702324,0.19797561827746255,-32.69670438201793,0.9037493658283304,0.19466787958930581,0.06762986932391148,0.13568510339721146,65,English,calm
Clair de Lune (Version 15),Debussy,0.2903913538620734,0.2557873757968415,82.85011546884704,0.26005818691382365,-21.364403887478904,0.7456338142450003,0.31243894598609256,0.06472490302122014,0.21737464413767366,12,English,calm
Weightless (Version 15),Marconi Union,0.21067726343474172,0.18634869156307016,62.88416422917719,0.17456216562724441,-22.10829911620662,0.9330944576327904,0.7179639754319395,0.025595520811090504,0.15477627157167667,93,English,calm
River Flows in You (Version 15),Yiruma,0.43320259320182053,0.058827961820137366,98.27161083723858,0.3976941033748955,-14.223156684743724,0.5042430060417216,0.2516789707923019,0.08617493713962575,0.21764501270673386,97,English,calm
Holocene (Version 15),Bon Iver,0.5577559414793962,0.02287186181210661,89.84819828582215,0.3276186299574697,-34.17948842370775,0.7567610384562418,0.5266642179169471,0.03530345393616858,0.11833239578116574,61,Spanish,calm
The Night Cafe (Version 15),Van Morrison,0.4561389385190948,0.18732037903998333,102.90068287841635,0.23695270640367536,-28.866827857071375,,0.7377950390910584,0.02231941959991839,0.2426821538266415,57,English,calm
Bloom (Version 15),The Paper Kites,0.24413390953008118,0.010994077931748381,73.68477579831745,0.20773835162444174,-16.15566846601981,0.8553336229714176,0.78712659913241,0.07692103202494548,0.15456388831401197,62,English,calm
Re: Stacks (Version 15),Bon Iver,0.4795710643780867,0.39978362687456087,95.5070941281264,0.40467254239212735,-13.417604650624035,,0.5933490054134088,0.08806447663739592,0.2885946500552233,75,Spanish,calm
First Breath After Coma (Version 15),Explosions in the Sky,0.28438771588467976,0.20157160308969768,94.02774238222409,0.19898709180053498,-21.189124145243696,0.6287893912489997,0.3334199143721531,0.05532149572086921,0.18229752468664173,79,English,calm
Gymnopédie No.1 (Version 15),Erik Satie,0.37974634865006024,0.1972782079151717,74.92943781441463,0.16358603760905224,-33.91095052148269,0.5979893612458338,0.5073605490540481,0.08288923582425059,0.09231189936072363,29,English,calm
April (Version 15),Nils Frahm,0.2434221431090594,0.2997161442197001,75.25791652686448,0.48059977569094103,-18.57068667596142,0.6633780236215154,0.30267992345559347,0.06189587090170473,0.06978616706955236,79,Korean,calm
Experience (Version 15),Ludovico Einaudi,0.24707060505811962,0.070343152526477,98.73617966522801,0.305542943707649,-34.75695617618781,0.8367582637360544,0.39658312506234794,0.060868189197103836,0.10352906085323389,17,English,calm
Comptine d'un autre été (Version 15),Yann Tiersen,0.42071289135764145,0.39166129590059545,63.672234550288074,0.21356695986577226,-29.411055364200916,0.6242746553755898,0.36509445029576415,0.08544878277953341,0.2782146724910968,38,English,calm
Aqualung (Version 15),Jethro Tull,0.2808860349835893,0.21717997517924512,91.84494860827402,0.308730989745538,-25.01624293347085,0.5959877529296189,0.44175355143946704,0.052097186216906316,0.24889084062556743,55,English,calm
The Rain Song (Version 15),Led Zeppelin,0.5054417436651981,0.05359947248226829,64.42595262815338,0.46326157729100126,-22.683307053816552,0.9289004686412954,0.14070578439648082,0.06212124932173042,0.1848566286440591,10,Spanish,calm
Breathe (Version 15),Pink Floyd,0.5442808130168599,0.03904399929188301,72.02227818379546,0.26261532555480527,-15.08564606534133,0.9694416575352836,0.7949072337155396,0.09673547891668173,0.051485438961088606,83,Korean,calm
Clair de Lune (Version 16),Debussy,0.21908333658154883,0.05904272766303547,77.44310483851365,0.43196721239478353,-14.468907507283948,0.5934172031472915,0.5337649061337961,0.09338895880522213,0.1659329339828302,26,English,calm
Weightless (Version 16),Marconi Union,0.2414174287811136,0.18312546003385,78.78974511440286,0.3310631984264028,-24.910850258636614,0.508672963426859,0.7957984133895698,0.06348321901844567,0.16840768887115237,48,English,calm
River Flows in You (Version 16),Yiruma,0.5818469486016216,0.06234414703483085,69.46188012726242,0.42320589962511346,-29.000885159424797,0.8996135531457634,0.2900734380359518,0.02265501041800012,0.17925368097167899,60,Spanish,calm
Holocene (Version 16),Bon Iver,0.27867457365074455,0.30313851717298845,92.05998166160741,0.4694410671911672,-16.991267782888073,0.5903879774203634,0.6601107656653574,0.07133896358512186,0.21723791044015622,12,Korean,calm
The Night Cafe (Version 16),Van Morrison,0.5329051543880594,0.2295296276755761,83.30017571765065,0.35465641414349125,-28.146979133957743,,0.5316114866498726,0.03870786952683822,0.06997877733665168,82,Spanish,calm
Bloom (Version 16),The Paper Kites,0.20022167383410158,0.24332776056002686,78.10743917401184,0.40092438826938237,-26.370942838798644,0.7430017241191134,0.3849594809707695,0.07204598328874769,0.13903479050374207,78,English,calm
Re: Stacks (Version 16),Bon Iver,0.5855070599769235,0.37445879463941206,102.40139513286407,0.4681201082290992,-24.66978716543401,0.7682151983947461,0.6194648147907711,0.0756916739950833,0.2726696489013677,77,English,calm
First Breath After Coma (Version 16),Explosions in the Sky,0.4865324109026781,0.39915388329138424,77.42528999157955,0.4331990968957672,-18.954399074848723,0.8456932226075093,0.3280849163914993,0.0828481433938418,0.2750940055868998,90,English,calm
Gymnopédie No.1 (Version 16),Erik Satie,0.2874193846082252,0.25019873484668165,79.60674145513876,0.49581924771795083,-23.98684523587132,0.6141600868984713,0.3673003376552828,0.0723070711853301,0.06902234283739407,36,English,calm
April (Version 16),Nils Frahm,0.44144076808849503,0.3724899036715592,102.51813938289251,0.12706941466319335,-12.152032789001431,0.8493634618519396,0.2135965770198166,0.02099328713355388,0.09282065907303784,38,English,calm
Experience (Version 16),Ludovico Einaudi,0.5352703682742954,0.008655729978065496,71.65736518090432,0.40292223813395023,-21.519457674342892,0.8913678551800959,0.6223053526787515,0.02404811096974438,0.2731278547735379,54,French,calm
Comptine d'un autre été (Version 16),Yann Tiersen,0.2908127337129075,0.22135697609190552,92.21440782638894,0.16745128435403817,-12.546681095877588,0.7440779780436545,0.1403498869181754,0.09498096358222724,0.19656696079831704,57,English,calm
Aqualung (Version 16),Jethro Tull,0.47967727919255054,0.21007031597368964,101.73689773884837,0.11325338487728437,-28.827297598625602,0.734824178201346,0.15362253141959703,0.07647253354613266,0.14841585351391018,32,English,calm
The Rain Song (Version 16),Led Zeppelin,0.30906719610725764,0.001351538723364909,95.99151558749769,0.4335237235491447,-25.914067679325534,0.7821089885166828,0.25938063815071893,0.06977581170241065,0.05303436457880013,56,English,calm
Breathe (Version 16),Pink Floyd,0.3954575588395034,0.2576821927362769,105.90958866148671,0.25253432684891375,-17.400625331436316,0.7988435149717503,0.7489084790475564,0.05187021405275445,0.12977383496824701,20,English,calm
Clair de Lune (Version 17),Debussy,0.5548567994776574,0.01969776056331565,66.81926964668384,0.1329617738336178,-15.608470998742739,0.5053037116851598,0.7031600088479337,0.056101423629701344,0.05100631971349269,44,English,calm
Weightless (Version 17),Marconi Union,0.3606580708848167,0.07472033641801423,91.22002437360815,0.3717435159686586,-23.786865880685006,0.520259762719835,0.5592901630570414,0.0873631026884417,0.23008106933160039,45,Spanish,calm
River Flows in You (Version 17),Yiruma,0.5319831675821274,0.08020380942035499,104.44439698282413,0.22887738025918514,-34.69168927220421,0.9216958231645354,0.7592748882753088,0.07244465579338791,0.10785915761585617,39,English,calm
Holocene (Version 17),Bon Iver,0.30069778571301214,0.1866371493742478,104.89155398007097,0.15983906245902335,-16.0026055995798,0.6456514043525752,0.6660103186003685,0.0936216958081231,0.15687346799858004,66,English,calm
The Night Cafe (Version 17),Van Morrison,0.34602026164221233,0.3208885275885207,86.4741441189697,0.3737796193852788,-20.67492754989287,0.5764444228223982,0.6913532522026932,0.035662008913050894,0.2830705360176952,74,English,calm
Bloom (Version 17),The Paper Kites,0.3002285165688591,0.2935523893094968,74.2327696746796,0.22711416343474555,-27.869957386006977,0.8739461270130416,0.4897705825785752,0.09063619646779977,0.12684317980101123,50,Spanish,calm
Re: Stacks (Version 17),Bon Iver,0.4767970088226977,0.3011794398652443,67.57410565149792,0.2602357429279245,-23.895197629940544,0.6778436949471871,0.32547881717839666,0.07491359151981135,0.10396659941487214,31,French,calm
First Breath After Coma (Version 17),Explosions in the Sky,0.4837562981004515,0.37401767855629225,88.25987605888756,0.34457369469578963,-33.414547851145954,0.9322384518089142,0.29981345103990586,0.06920409324228519,0.2947780424362006,60,English,calm
Gymnopédie No.1 (Version 17),Erik Satie,0.4382010402291231,0.28988379498575106,82.2659809111876,0.12414633740602295,-16.655214961734863,0.5174994206319928,0.5904604802214979,0.021833725851970957,0.26557630914416763,88,Spanish,calm
April (Version 17),Nils Frahm,0.2630544143331922,0.20570859817702047,89.85753522415737,0.2830181629493649,-27.162439744975593,0.7339071480904859,0.3179910277168111,0.05504978776646906,0.13972824774950765,64,Spanish,calm
Experience (Version 17),Ludovico Einaudi,0.4264819294028581,0.09516966489799339,109.43282774570062,0.3003479813528662,-30.534272219466278,0.7385333747836362,0.706490590667377,0.021744543449951647,0.21988852977682222,48,English,calm
Comptine d'un autre été (Version 17),Yann Tiersen,0.4191871187175712,0.06782319774805422,100.87382196524604,0.24755384894960228,-28.24255333724333,,0.5469675323341653,0.09186072669398596,0.20747092591779986,15,English,calm
Aqualung (Version 17),Jethro Tull,0.4963270631728461,0.33457835850384515,62.736981795496845,0.4104195835477521,-20.884750917459733,0.5347538982575966,0.45600454530810064,0.026596646238716312,0.2339868004308056,84,English,calm
The Rain Song (Version 17),Led Zeppelin,0.4186006855591532,0.38142941496491894,69.1567685785885,0.3424133810081514,-30.1336109048787,0.8070324923636991,0.6058547916525996,0.0777843463463631,0.25376849767065246,25,Spanish,calm
Breathe (Version 17),Pink Floyd,0.5414200911833267,0.03090869050687082,77.1633578536202,0.3748490081439223,-23.53251539000212,0.5953379733773958,0.48689669911668865,0.05259485222129151,0.1475095694135763,10,English,calm
Clair de Lune (Version 18),Debussy,0.5239014869742655,0.1630393335328725,61.32272527402121,0.12322533555643651,-15.306387041092734,0.9803004050062607,0.5818865355189954,0.04914946352800642,0.2846500789486819,62,English,calm
Weightless (Version 18),Marconi Union,0.4651212345502943,0.3377334196797351,98.29261520185047,0.251655726309037,-23.989849380431934,0.5930660771840497,0.30440987030851385,0.08225005290292174,0.2734945979707771,79,English,calm
River Flows in You (Version 18),Yiruma,0.48978416930056473,0.18606947866265533,64.32546344698737,0.12277917947937929,-26.390512013904363,0.7319108593838315,0.5263844355493079,0.020519161710959778,0.2974307226165766,55,English,calm
Holocene (Version 18),Bon Iver,0.34557555336161716,0.3392378655204486,86.74833528327022,0.1521757818133386,-16.655992291705996,0.854913537459938,0.46920525945045966,0.061164247306702405,0.07186990143773202,54,English,calm
The Night Cafe (Version 18),Van Morrison,0.4623395794295496,0.36449806230171994,64.66224596106792,0.205404580259562,-14.246916610831729,0.6421719549098966,0.5577605705259485,0.06278545319545153,0.19908190125096553,90,English,calm
Bloom (Version 18),The Paper Kites,0.36631556063090126,0.11999658822148446,62.42667253648345,0.3977123757176657,-17.839850369532783,0.8353628700393616,0.5505436516837344,0.039497370573402094,0.055586233441572805,44,English,calm
Re: Stacks (Version 18),Bon Iver,0.5234861587541759,0.19645541427833077,75.34190653513092,0.14077276271222805,-33.55740340926807,0.6744333608975887,0.6633159453368583,0.09349789994670644,0.27418784115326617,65,English,calm
First Breath After Coma (Version 18),Explosions in the Sky,0.5680003338998619,0.3630901372517371,86.36123758001979,0.18776625542276154,-16.644928594753132,0.6068564874262895,0.2870450937295984,0.038660345745803876,0.17874560092395148,55,Spanish,calm
Gymnopédie No.1 (Version 18),Erik Satie,0.32873100326763194,0.06166241985013659,82.65867059469412,0.4495628955140668,-21.877284336150638,0.9391678029437935,0.2371105295553962,0.03335790989380432,0.19389428142460507,59,English,calm
April (Version 18),Nils Frahm,0.3853315606185092,0.2640690566587828,99.73133955133908,0.4005229182608706,-13.327993005853095,0.6991282045785058,0.24447071957372654,0.06407301119583086,0.0776857800477964,80,English,calm
Experience (Version 18),Ludovico Einaudi,0.3155404493326526,0.08315522210525779,79.82818583985404,0.14448663000088616,-34.26763987539375,0.8283970023150159,0.5271742848028634,0.07666871488309289,0.21509661006783598,75,English,calm
Comptine d'un autre été (Version 18),Yann Tiersen,0.24571787245695342,0.11643155255025853,66.47633049501762,0.43718896081942527,-17.821215926822966,0.6007635014591213,0.33891646834292544,0.09732919938113714,0.19853983946991288,25,Korean,calm
Aqualung (Version 18),Jethro Tull,0.520462238920463,0.10583641390749166,70.50264600896526,0.4135667715386194,-19.224933529676875,0.8404889646058818,0.48684420728043576,0.06508626742212391,0.23392437632656343,28,Korean,calm
The Rain Song (Version 18),Led Zeppelin,0.3080009924484781,0.1411073863427823,103.58183852600276,0.22354608040486312,-22.434879858276123,0.8513197320033421,0.7999473787832236,0.05482330651962655,0.15702321915623596,10,English,calm
Breathe (Version 18),Pink Floyd,0.537035351773467,0.3222012445039453,96.55379408672744,0.28529185496361154,-27.549400236303537,0.8043652412924243,0.7133563051921487,0.09070219665668693,0.07712458626760961,27,English,calm
Clair de Lune (Version 19),Debussy,0.37134011352526025,0.1858887824794998,108.88076837618766,0.37119920609703383,-25.63333240297238,0.5130289429927966,0.49576961206943715,0.027686078051068493,0.25861248933694075,75,English,calm
Weightless (Version 19),Marconi Union,0.5010074642281448,0.1842036639632715,81.46053897708498,0.4589355862275075,-28.365457940383045,0.6245099810533854,0.7574382029780334,0.08473966694027861,0.25515639826679865,81,English,calm
River Flows in You (Version 19),Yiruma,0.2780775257103702,0.05731839657237377,61.30147749085675,0.19481660356747202,-17.19361869057053,0.6200192093820749,0.6103722985164134,0.04015266122939372,0.14882312448766793,49,English,calm
Holocene (Version 19),Bon Iver,0.5932649159645633,0.09792469251365424,78.81853136491338,0.22043487218608548,-32.478625314409946,0.7449470710654125,0.36508346433310157,0.07559096686458242,0.25439863673788654,49,English,calm
The Night Cafe (Version 19),Van Morrison,0.4176998857982554,0.012878568834934746,90.94611781173609,0.12215629200837569,-20.823804557222427,0.8425149746345942,0.2384373393322629,0.08554769189774168,0.27777128289351216,67,English,calm
Bloom (Version 19),The Paper Kites,0.5252347856455278,0.12204367608483287,89.33215062228172,0.46592605967649114,-27.62471129687445,0.9100139111327126,0.10663259188318758,0.020291736222774102,0.23992791508474187,80,English,calm
Re: Stacks (Version 19),Bon Iver,0.5045790328508484,0.31559087514091755,106.50134189440811,0.1471625247281137,-29.664345345375168,0.9518624601869038,0.2240653384406474,0.07457834140612672,0.18261575001020386,69,English,calm
First Breath After Coma (Version 19),Explosions in the Sky,0.2332774707406029,0.11410546477661315,86.0186108220484,0.4409400466735337,-18.726614738862505,0.8109415807274665,0.4472230229589904,0.043894718705130745,0.0798112278298153,34,English,calm
Gymnopédie No.1 (Version 19),Erik Satie,0.36363041382643824,0.01140739756451703,70.55279446334254,0.2729933503490639,-25.372080729545953,0.5221477154984961,0.5123421074677039,0.06397474046825889,0.06952607600522821,35,English,calm
April (Version 19),Nils Frahm,0.5772652209841758,0.03975311158034405,102.7417075618668,0.10012389276600238,-14.70753481395619,0.5098598661021563,0.6304684223244812,0.04893526490402024,0.23455420003407995,82,English,calm
Experience (Version 19),Ludovico Einaudi,0.3606980821699914,0.028363168932736695,98.3753347697682,0.128501074128546,-13.791229972891987,0.5254870178958306,0.4355276944400609,0.07784275446806366,0.14831161619800942,60,English,calm
Comptine d'un autre été (Version 19),Yann Tiersen,0.2868933898369739,0.30363638455841085,99.21473523943632,0.46907799358174695,-26.34820246008521,0.7531258672486634,0.3541899099922504,0.04056654574810946,0.23775824038440213,92,English,calm
Aqualung (Version 19),Jethro Tull,0.3358607380067822,0.17125977679694082,80.18368288120139,0.3850644902586984,-13.890700599454366,0.8333780306536887,0.4301078172659628,0.08233640917911067,0.21024283103053437,81,Korean,calm
The Rain Song (Version 19),Led Zeppelin,0.2242441428471254,0.038265434567536664,61.89584720368167,0.28272653048252794,-16.00537101020381,0.656541584675676,0.3689121281647372,0.09275816866943126,0.2592258613291637,75,Korean,calm
Breathe (Version 19),Pink Floyd,0.466019244953024,0.10672151283690053,65.85207413442217,0.1064235290720455,-32.538754530098316,0.6462982218119714,0.486253044505647,0.02512000662019095,0.08405694457961226,68,English,calm
Clair de Lune (Version 20),Debussy,0.2724322809231764,0.2527928371933225,90.78948994900622,0.32030629054886117,-29.23846723199339,0.685559845609366,0.16768280143642014,0.03811684830064439,0.2744263066181451,28,English,calm
Weightless (Version 20),Marconi Union,0.5918766985743313,0.2590638342561179,105.84116460117102,0.35709676016057,-34.23648081957419,0.9983812924932045,0.16926661118057446,0.07461134411560486,0.11320905076869751,10,English,calm
River Flows in You (Version 20),Yiruma,0.3567924451627841,0.2583736739203753,81.82436746538535,0.20021842357245132,-27.30773770179853,0.6707740584615882,0.7715267331557496,0.08388904127387609,0.16463719286985,34,Spanish,calm
Holocene (Version 20),Bon Iver,0.27992836813654565,0.3244064441050624,67.85912358041867,0.18418488685680137,-26.581691987676525,0.940174097925995,0.1922506680438772,0.02977873542836209,0.17349374707631648,42,English,calm
The Night Cafe (Version 20),Van Morrison,0.3105642164374699,0.22749117665926397,82.58183423416118,0.27398364254048674,-32.424621678799156,0.5705248451249201,0.6747550042127951,0.09087061900573956,0.10867088322131256,96,English,calm
Bloom (Version 20),The Paper Kites,0.24538420060990762,0.021366668773804245,90.41488068709484,0.38614128500008227,-26.425370248326274,0.8398379337453198,0.5990711708916683,0.09482738251175243,0.06621840945877681,74,Spanish,calm
Re: Stacks (Version 20),Bon Iver,0.2769166892924319,0.027410395038795256,103.39969666680553,0.4170348640134275,-21.7832323756977,0.5418317050255916,0.29131865105760374,0.04381758784468136,0.1901857990038543,29,English,calm
First Breath After Coma (Version 20),Explosions in the Sky,0.30321755761468616,0.029183945565181935,96.53811509266497,0.21963208466216455,-24.595393928464084,0.5638333174911527,0.6617838123762058,0.0652425501539246,0.2753964065524657,41,Spanish,calm
Gymnopédie No.1 (Version 20),Erik Satie,0.3981886252261333,0.37657026872715194,104.5934102190663,0.3305839425836936,-13.520450922553142,0.6615443736472761,0.35594951389294793,0.023638236104482957,0.19730022669096325,66,English,calm
April (Version 20),Nils Frahm,0.4887695879715733,0.3094076760968413,67.49081430230517,0.2776636289250001,-30.932146121839942,0.8310636744271245,0.2105624606952377,0.092333094716486,0.10765866141535334,80,English,calm
Experience (Version 20),Ludovico Einaudi,0.31656090651529795,0.3403625288603999,82.9233805072862,0.10959837832002922,-23.624516222339146,0.5422716676900615,0.7897413030811175,0.0670489256364482,0.11413315440274462,77,French,calm
Comptine d'un autre été (Version 20),Yann Tiersen,0.4254870718190471,0.030746841352701938,99.99456521344085,0.47013122154566556,-14.887779071258329,0.6708788011492814,0.32803768375035797,0.022807008897304,0.21285008967522917,89,Spanish,calm
Aqualung (Version 20),Jethro Tull,0.41396191367591795,0.18373854853093655,105.38154766673534,0.16715156043313853,-34.777675866125804,0.5366582260603827,0.25636000647915824,0.022662843941076555,0.1757109276607839,46,Korean,calm
The Rain Song (Version 20),Led Zeppelin,0.3256361820934312,0.07219320322725307,97.50420374743311,0.18178053049301202,-19.185082677142756,0.6746324529238195,0.4582794324637882,0.09470936318810559,0.05933790870395321,44,English,calm
Breathe (Version 20),Pink Floyd,0.40010580299098475,0.3417691841310473,89.39871241851742,0.21074820678606265,-25.85333389166421,0.8401328143642872,0.7235683260196621,0.023285309899728927,0.0678847054725941,24,Korean,calm
Clair de Lune (Version 21),Debussy,0.33002060944383504,0.0931118737749916,73.2465443111203,0.18850799945035238,-30.49602387633137,0.5653119834346458,0.7537678922566666,0.031535157112492246,0.10110094369138405,73,Spanish,calm
Weightless (Version 21),Marconi Union,0.2985062895923143,0.3732059492521682,97.78570668005423,0.41587977212620586,-32.59056003061455,0.9181549375078358,0.38573515727219265,0.0410258420969911,0.19393752088007765,15,Spanish,calm
River Flows in You (Version 21),Yiruma,0.5288731623266936,0.3114608604299638,104.49987412905661,0.4712528744061776,-29.52319235716176,0.7119289470846358,0.11023997744354902,0.0903457327412048,0.08864303786869189,79,English,calm
Holocene (Version 21),Bon Iver,0.5445899249370777,0.13175492879463854,78.4066794990569,0.11565290179354376,-27.48178783539765,0.944181841400632,0.1178831807851229,0.05250619784373803,0.05784990745318529,36,English,calm
The Night Cafe (Version 21),Van Morrison,0.348369370043626,0.06905625631211647,72.6109196634186,0.45103934926456757,-24.970867925696506,0.6368989957009561,0.5125368645653835,0.03136855678660659,0.11484790185521397,19,English,calm
Bloom (Version 21),The Paper Kites,0.4184991870411554,0.09500921673922753,93.95638687004367,0.29659652090380906,-17.24425138414211,0.9741222678612342,0.18106342254318541,0.046773200798763584,0.12988726571960163,31,English,calm
Re: Stacks (Version 21),Bon Iver,0.2604731677349017,0.32412125493338834,97.99393520193951,0.2937701883337596,-22.63127211072398,0.5297720690012482,0.4888551466289319,0.08330732192157092,0.19345689339596428,24,English,calm
First Breath After Coma (Version 21),Explosions in the Sky,0.3061225480481676,0.2670193089337349,78.07442149826238,0.31794931371429414,-23.78599664458473,0.6905875004825901,0.6032145862758946,0.09071008895887055,0.05130312961923124,16,Korean,calm
Gymnopédie No.1 (Version 21),Erik Satie,0.573446607692147,0.20460605443329,95.03659401816326,0.4422498264703508,-24.25661507677179,0.9174870366824451,0.22433387361864157,0.032733402758385155,0.21436784221403837,57,English,calm
April (Version 21),Nils Frahm,0.5480572022206949,0.35697047101441576,92.18702291886233,0.310195692083727,-27.377958982980125,0.9900002077996657,0.32378698066637535,0.07953488857852746,0.18299544997625017,58,English,calm
Experience (Version 21),Ludovico Einaudi,0.44340493701013867,0.1573922202354505,108.24115627361239,0.32867293043970847,-13.430884499447831,0.5037957080869571,0.5008694082337847,0.07737495117802172,0.23627004279055452,92,English,calm
Comptine d'un autre été (Version 21),Yann Tiersen,0.5619907527126725,0.001760643601514511,60.01650796297382,0.2889053843180861,-34.32624478487647,0.9872662768311873,0.2554456221789744,0.057813178349187574,0.0652844075030559,36,Korean,calm
Aqualung (Version 21),Jethro Tull,0.40881936646850336,0.1519824500589634,62.233001443861184,0.2340497066784899,-25.99697153487432,0.9949607456374701,0.24552011034356283,0.06358236922960797,0.2968288872996572,43,English,calm
The Rain Song (Version 21),Led Zeppelin,0.516807683176054,0.3973470003528356,108.41491573300846,0.2958158168376617,-18.983355452976987,0.5552215634705755,0.4088041775327613,0.0847214833813358,0.17633383024428584,23,English,calm
Breathe (Version 21),Pink Floyd,0.48107961312689274,0.2983005319937108,72.67345706214469,0.4502797491770262,-24.424084089088886,0.6050925518107719,0.7057911172519107,0.053425504488500294,0.23757810959492992,99,English,calm
Clair de Lune (Version 22),Debussy,0.41921322888863716,0.1527487008938002,100.49382075192847,0.3337879726578452,-26.017071644178273,0.5547989351675635,0.7268117196366956,0.022837566827333323,0.26579683709201407,93,Korean,calm
Weightless (Version 22),Marconi Union,0.3439846099532622,0.25573550540056234,106.10998619178426,0.16068264620155936,-21.960139060307366,0.882216431185096,0.6303086829033402,0.06205055316796032,0.20618486497661453,63,English,calm
River Flows in You (Version 22),Yiruma,0.5030107976531377,0.3364110551029647,98.09065484379319,0.24160197727249708,-12.075292775672139,0.7172513468596522,0.1171252919312534,0.04900935612683696,0.08194573864346082,17,English,calm
Holocene (Version 22),Bon Iver,0.24857704629135002,0.11261401604275774,62.66877470886304,0.3754048753638253,-33.29825566335618,0.6016447777179781,0.1650298001458836,0.025053418472242486,0.11693791638488542,46,English,calm
The Night Cafe (Version 22),Van Morrison,0.42875958706414796,0.3858742225787367,103.77783271748032,0.45037357017812996,-30.950458171133874,0.63245359674891,0.153475321756714,0.08227746719321481,0.06745407537139049,49,Korean,calm
Bloom (Version 22),The Paper Kites,0.4226782683283413,0.09915022892958031,72.17228170143724,0.49629002209904205,-17.59406443949364,0.9184696791455251,0.5003878797408089,0.08968114299149994,0.21137263479158824,58,English,calm
Re: Stacks (Version 22),Bon Iver,0.5784694819185381,0.11253543441825471,89.76597728914476,0.3760525391747569,-25.962441984360446,0.9398539912020266,0.7858622141729081,0.05950155930981292,0.14766016370108476,90,English,calm
First Breath After Coma (Version 22),Explosions in the Sky,0.38877517142258344,0.34109469829277267,92.27342127590839,0.11790894900723803,-22.53009205974856,0.508650061370485,0.6449747597023838,0.0462649818833971,0.16800187052933235,30,English,calm
Gymnopédie No.1 (Version 22),Erik Satie,0.5194712423630528,0.018579526914304624,67.92707677958052,0.25918415057804595,-29.711721238452107,0.6689507128875316,0.7987223165247256,0.08603315500590486,0.27097545374002713,22,English,calm
April (Version 22),Nils Frahm,0.5748218534263101,0.13637435212567825,74.85384788982364,0.19362499702882996,-15.907311039913182,0.8397759311425925,0.26532038773801414,0.05015950633683639,0.17667794098319956,38,English,calm
Experience (Version 22),Ludovico Einaudi,0.4112560229095015,0.3554910914206859,79.02830664736081,0.46340961220020493,-24.84854611264484,0.8731863373961769,0.7511780239895393,0.09260605631706131,0.0642382168239203,98,English,calm
Comptine d'un autre été (Version 22),Yann Tiersen,0.28228171799062796,0.19076217021291006,81.57771449765536,0.3563566659348828,-13.27169183101552,0.5562023556389744,0.4163010655939684,0.03539288303097114,0.2735268995994869,58,English,calm
Aqualung (Version 22),Jethro Tull,0.5858320743206611,0.19148067275614006,65.20051488640703,0.41411786668906936,-18.965748938674825,0.6773354133051552,0.7211852317782744,0.09806655118261658,0.18946346228254884,38,English,calm
The Rain Song (Version 22),Led Zeppelin,0.4262911645377169,0.11900540204551113,89.2253017991657,0.2758569282099386,-28.049606380654808,0.5335925982619507,0.27689550179638744,0.03582837197421315,0.18551049613848725,95,English,calm
Breathe (Version 22),Pink Floyd,0.44066800870543754,0.2434286897224066,79.40905005228396,0.26849189347419844,-15.812516118265279,0.7381164067585813,0.7914413324959857,0.05516937840070919,0.21239523615445977,15,English,calm
Clair de Lune (Version 23),Debussy,0.22014519959735834,0.2613359697675243,102.5713197207503,0.4769831354133185,-12.061625932285278,0.6410893228246166,0.5027590453780019,0.05605743884257179,0.19095437014379274,23,English,calm
Weightless (Version 23),Marconi Union,0.26298118287593863,0.34245982903837663,105.47844716722938,0.27986466524516906,-28.55011318380773,0.5704167138265062,0.5786353773444631,0.044978547169658815,0.27738464247834715,65,English,calm
River Flows in You (Version 23),Yiruma,0.468404989937948,0.2582741300696963,87.97010579491204,0.11831053577149026,-13.565783979231501,0.8139687466497301,0.7958433883681773,0.06298851238183097,0.22752772297655327,51,English,calm
Holocene (Version 23),Bon Iver,0.22248382314648887,0.25269447072936435,98.23248057951787,0.411405717941023,-17.287431998703436,0.6131413136468338,0.7827789343236582,0.0996145696499951,0.06889896879040032,47,English,calm
The Night Cafe (Version 23),Van Morrison,0.574578569124703,0.11577967772174774,94.46420408754824,0.23524436829445286,-12.741650562418204,0.5507519291517677,0.4484227718694632,0.05424382335536597,0.13150586306949624,98,English,calm
Bloom (Version 23),The Paper Kites,0.45821359635205944,0.05242229736866699,95.83312090668485,0.49223684952191493,-16.495149567221507,0.9300083764547726,0.3517457202253018,0.045990928518497495,0.1792620886725333,80,English,calm
Re: Stacks (Version 23),Bon Iver,0.2182906459049091,0.37814325378261304,67.1892586508096,0.46120521566723693,-33.07760889399182,0.91131246383928,0.2063737681147506,0.023050529127317816,0.22987236256485216,52,English,calm
First Breath After Coma (Version 23),Explosions in the Sky,0.31210612006977134,0.2857984611137398,87.75426252364099,0.14352295609202625,-13.561008314073234,0.7261570873817388,0.6141130944590817,0.06008164576125001,0.20109036874030117,40,English,calm
Gymnopédie No.1 (Version 23),Erik Satie,0.32110943694267696,0.08014412160138012,87.12851017040339,0.2760875891884008,-26.02739609101954,0.8362835975473115,0.5833546424077952,0.023673604487301044,0.13468612356091803,42,French,calm
April (Version 23),Nils Frahm,0.36470582009055097,0.03875686446566724,71.79504333491442,0.12065671888910266,-12.086431731808524,0.8682786014849222,0.16121510955192758,0.02161995038320737,0.22982195003807004,72,English,calm
Experience (Version 23),Ludovico Einaudi,0.37567686627306673,0.31471868362583044,106.17380189091918,0.339720155606549,-30.69650627290318,0.8910970180232263,0.7690682202220621,0.06641850296479648,0.22049936182018337,63,French,calm
Comptine d'un autre été (Version 23),Yann Tiersen,0.33498987801466923,0.1526110778641245,96.7327248926532,0.4711084393627277,-20.533267093839896,0.8949239542426737,0.22014451219076114,0.036956727220637885,0.1830086717083475,73,English,calm
Aqualung (Version 23),Jethro Tull,0.27062167689713623,0.25399802808836947,74.58265926973495,0.41661304746675676,-16.4134620278701,0.7318937278776765,0.22656744452634472,0.07174199688655461,0.2981967545658966,88,English,calm
The Rain Song (Version 23),Led Zeppelin,0.44903635917700935,0.014309876285603141,60.864698788354126,0.2281447881969225,-30.496972442210687,0.906525603571654,0.6913639669252004,0.040689501704838094,0.13141119423747316,50,English,calm
Breathe (Version 23),Pink Floyd,0.2944987870860459,0.36335301894850563,85.1324667311141,0.36245481763280796,-25.443912005909127,0.8155070967522655,0.37009876370521533,0.04717427501833804,0.20862001829337007,86,Korean,calm
Clair de Lune (Version 24),Debussy,0.4364248312195957,0.11741118166717986,67.46742251597367,0.24743067753525505,-25.450454299736087,0.8143421667123024,0.7401701345458047,0.02289478380263401,0.11091525313546123,93,English,calm
Weightless (Version 24),Marconi Union,0.27748637691182415,0.20091776347751344,81.485040352158,0.39161504952807535,-29.424434011468133,0.7972491828748793,0.7187000845199716,0.09285421919346439,0.2896961511812578,92,English,calm
River Flows in You (Version 24),Yiruma,0.5093044608319954,0.362395162503566,71.7265435992637,0.17903237774019082,-34.850774073047894,0.8534221787145492,0.7562270314696211,0.03495482760333411,0.2092358938567197,33,English,calm
Holocene (Version 24),Bon Iver,0.498583903688711,0.3710456940592226,92.34301120086108,0.4881174930995009,-27.072517756711402,0.6749642668857039,0.48010875701004196,0.050680150489272574,0.05035643207188316,53,English,calm
The Night Cafe (Version 24),Van Morrison,0.49270881003479494,0.3006868165913934,97.34873023433852,0.23800826664418664,-22.987342113843045,0.6799867590883347,0.11122548002145205,0.0649959153017135,0.08094016652100276,53,Korean,calm
Bloom (Version 24),The Paper Kites,0.23201652963657626,0.30219962747871487,60.475310120905284,0.48360337744349047,-23.14912662541073,0.9915082153530742,0.1405983007308959,0.06668236390927305,0.13733175899397781,31,English,calm
Re: Stacks (Version 24),Bon Iver,0.5373929971257143,0.14448909409371452,73.02437895286745,0.44302125083996535,-26.382978891974997,0.5084166599302807,0.3732023705875337,0.07236178152087536,0.11358988470159546,92,English,calm
First Breath After Coma (Version 24),Explosions in the Sky,0.3727950369700629,0.02268605531289021,89.40463957569786,0.40251796954415753,-25.493811087774464,0.71011631640073,0.16179774900944152,0.036155269160958604,0.08866882578197817,64,English,calm
Gymnopédie No.1 (Version 24),Erik Satie,0.3926751074646152,0.21170221638030007,107.447006564213,0.12929260171089357,-21.203036617433916,0.7632492636641206,0.4613631685550804,0.08985274299062612,0.10138461767387162,55,English,calm
April (Version 24),Nils Frahm,0.2163093097365486,0.26890860305367703,77.257873206799,0.10703596648500985,-29.218397832320484,0.654663387108406,0.5317868637489694,0.03380686352394177,0.15326358698834952,25,French,calm
Experience (Version 24),Ludovico Einaudi,0.39299017776713296,0.1836949565456364,108.6970383333391,0.11820169511611844,-13.127731711594816,0.7909686069970167,0.6570094004788868,0.054431409441286036,0.16345947031424513,22,English,calm
Comptine d'un autre été (Version 24),Yann Tiersen,0.5517305996063294,0.3583737985167609,71.93444407156488,0.17969675143384728,-23.586591000991127,0.9501385135638458,0.3256485653843234,0.0721611692271305,0.22703792193515027,16,English,calm
Aqualung (Version 24),Jethro Tull,0.5114698659576623,0.2255697831683853,80.12275891394847,0.48680639551958915,-20.939392674034387,0.8642826058166354,0.3414879919871149,0.07359593448024641,0.11444941554103148,70,Korean,calm
The Rain Song (Version 24),Led Zeppelin,0.2980387670114545,0.28588888072377056,86.06973681314676,0.3733106441689559,-28.802914712793893,0.7993616705283653,0.4107535547921788,0.06775682294764224,0.12271993306105485,76,English,calm
Breathe (Version 24),Pink Floyd,0.48618038545964953,0.32237174646378625,72.99582369288618,0.22024822394225685,-19.79345179646086,0.8477925871517721,0.5928697790782151,0.07461588038206694,0.1482019292381347,93,English,calm
Clair de Lune (Version 25),Debussy,0.35794146976147134,0.10192704945775258,67.84168499481815,0.37703095175876233,-32.856657922636806,0.9688961433933908,0.678680412570016,0.0886004591965805,0.27666720365379754,60,English,calm
Weightless (Version 25),Marconi Union,0.363441988289296,0.3386802893401604,67.90306501458247,0.10865671784329428,-16.947497922731447,0.5373983239984697,0.7919672671281451,0.07398371436812448,0.2383624275605264,46,Spanish,calm
River Flows in You (Version 25),Yiruma,0.2983215425111464,0.26954615756787526,62.16099686274786,0.4351302879694404,-31.098645860273834,0.8486790334168852,0.25713635086290987,0.02547625355408342,0.1703734196373486,26,English,calm
Holocene (Version 25),Bon Iver,0.2677144841091158,0.2917775953306199,71.87829216917424,0.23698902249433154,-21.948897220917125,0.6424841387886557,0.3645916813469732,0.08524974168323093,0.09480246239025643,75,Korean,calm
The Night Cafe (Version 25),Van Morrison,0.2328806357927735,0.13134311405320773,81.21883835069391,0.3170637128546271,-26.43425498797484,0.8949558501114026,0.1275236413679313,0.05454140305588463,0.14556397866410115,89,English,calm
Bloom (Version 25),The Paper Kites,0.4590313963227436,0.38651050075895843,85.51877033144311,0.4947507387766882,-28.048263916996458,0.5154340662712305,0.21596421723348894,0.05160999078196539,0.12908347729713804,67,English,calm
Re: Stacks (Version 25),Bon Iver,0.23882165239335107,0.17306404307628676,76.90578858297813,0.1490476881829754,-28.189305995926095,0.9432180276776952,0.3114342058425381,0.07711643385936413,0.20301176991443892,52,Korean,calm
First Breath After Coma (Version 25),Explosions in the Sky,0.3708724649633487,0.09561025472146767,78.45073496729728,0.3368428853884171,-26.932676060764834,0.6074482167871159,0.18152392422414249,0.09038135503276523,0.16007824393797643,93,French,calm
Gymnopédie No.1 (Version 25),Erik Satie,0.450083328697172,0.1961641444547221,103.62832591789817,0.31877394097928435,-23.94202738717039,0.9623004952108563,0.6037827172317483,0.02892399258774859,0.09442611529920351,22,French,calm
April (Version 25),Nils Frahm,0.5148491451757767,0.33434052847198176,87.25954145451482,0.3217820911466557,-20.465541854416777,0.7195578871413197,0.5761393864387329,0.028678500605313254,0.2903198105918466,95,English,calm
Experience (Version 25),Ludovico Einaudi,0.5000619295179687,0.2524696816036028,75.81610285047404,0.1643821949826917,-25.585111831934274,0.8307883702870292,0.5435968203961777,0.05061129240524572,0.20332159845828246,56,Spanish,calm
Comptine d'un autre été (Version 25),Yann Tiersen,0.525499318227019,0.010513908935042827,82.53105239651379,0.4034220913867165,-22.438677179342324,0.825738043964535,0.46167347482373944,0.09934996357458488,0.06365538412225956,60,Korean,calm
Aqualung (Version 25),Jethro Tull,0.3964179287089509,0.036566619645807076,67.98927810567852,0.25321534016730474,-31.422577895488793,0.9818435829783255,0.7627528437076114,0.04688877169764831,0.20993692800941988,51,English,calm
The Rain Song (Version 25),Led Zeppelin,0.4135013282375144,0.32623479220630747,91.37228049084712,0.10010098179622484,-17.446989130976007,0.873424060648059,0.4568058938965368,0.09223351785864431,0.2771115514226004,81,English,calm
Breathe (Version 25),Pink Floyd,0.40956467068175884,0.24319529247861507,109.82610359623362,0.219528093924567,-27.53380342683602,0.5913869513317482,0.7271068574105076,0.0795590711959413,0.07641071221756048,87,English,calm
Clair de Lune (Version 26),Debussy,0.5927069404791863,0.29238468326444644,102.52610548024873,0.11926031566928037,-23.385898864330144,0.8492991433635196,0.480062609200289,0.0733317972559422,0.25446851589761815,47,English,calm
Weightless (Version 26),Marconi Union,0.3497348251840785,0.3394674702474839,68.14580523826453,0.2083544220105499,-34.00305074167151,0.6822134056676256,0.3659366813768843,0.08442164777658008,0.213282667572414,45,English,calm
River Flows in You (Version 26),Yiruma,0.3746890232622666,0.2608455914494993,62.63916752578456,0.17210861440735042,-20.580199329439637,0.8206834096126512,0.641894261095199,0.052239980724288176,0.23063852415403907,92,English,calm
Holocene (Version 26),Bon Iver,0.47359213302407577,0.38535735134793964,70.75651132123396,0.3206718255010558,-21.159417831459205,0.9993239424671103,0.2408288995166562,0.06185744159738338,0.13654632692840973,41,English,calm
The Night Cafe (Version 26),Van Morrison,0.4103571874315999,0.09285144084124237,62.380618921374406,0.3290261815590756,-27.27535073520086,0.5909707008742169,0.3267548962546236,0.023942416115819595,0.2876105585225258,72,Korean,calm
Bloom (Version 26),The Paper Kites,0.4324591659893042,0.32590747253881,81.15590987738652,0.46132586702647427,-23.883680904298174,0.7869726611003347,0.44425578604385985,0.07866226366941213,0.19166401940051558,67,English,calm
Re: Stacks (Version 26),Bon Iver,0.3086395694321591,0.058215812529058525,90.3062194441489,0.2956719846188145,-32.7925589759894,0.6978087328966343,0.4603434954003176,0.08615145870604721,0.06902526395834059,59,English,calm
First Breath After Coma (Version 26),Explosions in the Sky,0.3393981392984012,0.32906244908415416,92.42119658857894,0.2159833287215147,-15.557292193479224,0.7466467902813462,0.4488463239173224,0.09812698713603075,0.2867791258090946,75,English,calm
Gymnopédie No.1 (Version 26),Erik Satie,0.3434130733479376,0.05623165146523293,76.28333661390471,0.11219330412455522,-34.522338605661005,0.6977610681257096,0.7587138758880639,0.08970858729857663,0.17786070847940577,69,French,calm
April (Version 26),Nils Frahm,0.4260905524683323,0.002373398698422591,70.77505779168827,0.1099096507737535,-17.645590748006086,0.5728228980132488,0.7083329717337719,0.07146594509406307,0.10735466912892834,80,Spanish,calm
Experience (Version 26),Ludovico Einaudi,0.2630881268332999,0.25104988036922127,105.04184901411617,0.38734408756575267,-26.983427013122316,0.7936917976343236,0.317533186760695,0.09993196534229272,0.2372097971154628,93,Korean,calm
Comptine d'un autre été (Version 26),Yann Tiersen,0.4457526559027014,0.1693036571063317,90.90761451297786,0.23664642498693392,-34.336108692465295,0.6975442611783165,0.7513365737059069,0.07010408758190927,0.0709889257677254,62,English,calm
Aqualung (Version 26),Jethro Tull,0.5539974453580103,0.10754993973660594,72.18847465413637,0.21883638751212833,-21.72434856910298,0.7723440467169883,0.4439896282360173,0.07740294908101017,0.12913443283373977,51,Spanish,calm
The Rain Song (Version 26),Led Zeppelin,0.5128258086289724,0.07012867135143966,99.13103945385046,0.36552404210011313,-19.28620888040551,0.7407766985636299,0.5669010728766053,0.026383763724756593,0.2628877792623418,12,English,calm
Breathe (Version 26),Pink Floyd,0.2222188933950584,0.05949660394859899,88.83948542486182,0.3957645821826766,-33.24621402003617,0.96038240706116,0.7815253541604891,0.06847601384061688,0.17031086384420913,16,English,calm
Clair de Lune (Version 27),Debussy,0.4965579889118999,0.13134294093088217,84.66322170525532,0.4664604107257605,-13.019925219444726,0.9635345580255925,0.28371364687468814,0.03859752321734107,0.12441612648232857,55,English,calm
Weightless (Version 27),Marconi Union,0.37652444495538406,0.12566696511678543,78.7106397869529,0.34825478084830386,-17.461909426838556,0.8677790991339585,0.6700964969554064,0.022574752257232173,0.06193344741968902,19,English,calm
River Flows in You (Version 27),Yiruma,0.5157531842754517,0.21323152892985275,88.90703368810601,0.12103474408575084,-29.12778257306077,0.8191771524427389,0.7014273230774734,0.09335867177451221,0.17510487395877045,38,English,calm
Holocene (Version 27),Bon Iver,0.41818969309527904,0.3332198524275964,86.88123003736773,0.30674341021492696,-14.183067131498063,0.8949663605279401,0.7363507684529063,0.03745976438249231,0.18109387166383917,68,English,calm
The Night Cafe (Version 27),Van Morrison,0.5369888514373431,0.04445913098684358,99.7331077146981,0.1731893533659478,-16.413268635337612,0.8060004687784341,0.23526519403940702,0.057868334346624084,0.2204762916151929,42,English,calm
Bloom (Version 27),The Paper Kites,0.45354116035341696,0.17089887849268176,104.96832644604635,0.30770536579513774,-23.365052133840166,0.5311252949707271,0.7454842728583461,0.03416932549426984,0.18208617335913857,34,Spanish,calm
Re: Stacks (Version 27),Bon Iver,0.521427040560124,0.08618131078225733,86.36866449854206,0.19627396368933636,-17.527015050602028,0.7821705839365753,0.6991831022766005,0.09156464023019063,0.2121833706113495,30,English,calm
First Breath After Coma (Version 27),Explosions in the Sky,0.4901564984635778,0.2196880399547455,79.22143665336915,0.3592471692083339,-14.109361659791436,0.7083401902157189,0.32008701846165677,0.051074955084205925,0.1588494075528999,80,English,calm
Gymnopédie No.1 (Version 27),Erik Satie,0.2294244115910865,0.19937673617399776,84.71571240250299,0.33537753105620927,-26.655139299159377,0.8065537979777948,0.7147514171919421,0.09643767923961315,0.19590305403526243,26,English,calm
April (Version 27),Nils Frahm,0.21703638158812524,0.3876943989068436,95.29310304481281,0.23438545942146086,-31.61537287783436,0.5717093061181375,0.21742108429772194,0.023645801729105624,0.2755385471632279,85,Spanish,calm
